track_id,track_name,track_number,track_popularity,explicit,artist_name,artist_popularity,artist_followers,artist_genres,album_id,album_name,album_release_date,album_total_tracks,album_type,track_duration_min
3EJS5LyekDim1Tf5rBFmZl,Trippy Mane (ft. Project Pat),4,0,TRUE,Diplo,77,2812821,moombahton,5QRFnGnBeMGePBKF2xTz5z,"d00mscrvll, Vol. 1",2025-10-31,9,album,1.55
1oQW6G2ZiwMuHqlPpP27DB,OMG!,1,0,TRUE,Yelawolf,64,2363438,"country hip hop, southern hip hop",4SUmmwnv0xTjRcLdjczGg2,OMG!,2025-10-31,1,single,3.07
7mdkjzoIYlf1rx9EtBpGmU,Hard 2 Find,1,4,TRUE,Riff Raff,48,193302,N/A,3E3zEAL8gUYWaLYB9L7gbp,Hard 2 Find,2025-10-31,1,single,2.55
67rW0Zl7oB3qEpD5YWWE5w,Still Get Like That (ft. Project Pat & Starrah),8,30,TRUE,Diplo,77,2813710,moombahton,5QRFnGnBeMGePBKF2xTz5z,"d00mscrvll, Vol. 1",2025-10-31,9,album,1.69
15xptTfRBrjsppW0INUZjf,ride me like a harley,2,0,TRUE,Rumelis,48,8682,dark r&b,06FDIpSHYmZAZoyuYtc7kd,come closer / ride me like a harley,2025-10-30,2,single,2.39
4ccpCcZYseq8VrPMK1EDs0,BLEED,1,2,FALSE,Minzie,46,7218,dark r&b,2NQv9p3ZQW0Ed1LB9enix8,BLEED,2025-10-30,3,single,2.76
3QoQ3HqXTAjgEl9LbNMbYp,Te Procuro na Cidade,1,20,FALSE,AZERDK,30,1657,N/A,1PpuOsLjPWshDLxkr0oHeU,Te Procuro na Cidade,2025-10-30,1,single,4.12
1YEZbdT417SfolPQzaoHs2,come closer,1,27,FALSE,Rumelis,49,8802,dark r&b,06FDIpSHYmZAZoyuYtc7kd,come closer / ride me like a harley,2025-10-30,2,single,2.53
4pZ949nFW5SurwzE0TSe7I,Cupido Vagabundo,1,16,FALSE,Toni dos Anjos,6,475,N/A,60DLQZkzpvDvVfvEC6VOJM,Cupido Vagabundo,2025-10-30,2,single,2.92
0L0LgwFZ7UtBnRNQvSBty6,LET’S GO!,1,33,TRUE,PsychoYP,48,154802,"nigerian drill, alté, afro adura, afrobeats, afrobeat, afroswing",3ARxksm8CspGeAaZZB1v2w,LET’S GO!,2025-10-28,1,single,2.4
5mfAZwEr4jAVDnSY0HHuyH,Stray,1,30,FALSE,What Matters The Most,25,814,N/A,0DHsJaaMzbygWosCjYk37t,Stray,2025-10-25,4,single,2.49
4V1Sh9Y2z6e8HpzNOet5rC,PAPARAZZI ARRIVE - English Ver.,1,48,FALSE,A2O,46,13826,c-pop,54XcHEnJ2BKMOzkeRrRubu,PAPARAZZI ARRIVE,2025-10-24,14,album,2.89
0NZKfcua68wuZePhjp8N2I,Root of all Evil,5,65,FALSE,Daniel Caesar,85,11137714,N/A,115s3YJqm6iLblABdjtgzQ,Son Of Spergy,2025-10-24,12,album,4.41
6zFWxD9hkOPAIlgWAGyQGQ,Let’s Go!!,2,0,TRUE,Ovi Jozi,17,3567,N/A,0liPj9Le4hvoMJQhYOi5kP,"High Risk, High Reward",2025-10-24,6,single,2.05
66F6YyfnWy6cNc6bd3zl2C,MELODY - CHENYU & SHIJIE & QUCHANG,11,27,FALSE,A2O,46,13590,c-pop,54XcHEnJ2BKMOzkeRrRubu,PAPARAZZI ARRIVE,2025-10-24,14,album,4.25
22c6Yop5YVEAhw8UG6O1W1,My Muse,2,67,TRUE,Leon Thomas,74,735818,N/A,6ph5zbGAudn0EKyw3vXbXM,PHOLKS,2025-10-24,7,single,2.75
0SoYN9bRGPj7qV6loQKCTO,A Real Good Bad One,1,31,FALSE,Joe Hermes,23,1518,N/A,7IE6vOcDUge35P3SGJhzJk,A Real Good Bad One,2025-10-24,1,single,2.73
19A7srqQSXoW14muGyiHjg,BOSS - English Ver.,3,33,FALSE,A2O,46,13826,c-pop,54XcHEnJ2BKMOzkeRrRubu,PAPARAZZI ARRIVE,2025-10-24,14,album,2.92
0XQQpq855N5rnUsFBXo2ml,Bridges,1,11,FALSE,Scarlett Butler,3,364,N/A,0urpaXU8WR1FqEEvaD1UaN,Bridges,2025-10-24,1,single,2.91
0nBPI5KxKOeOtr24sdGpE6,Can't Go Back,1,30,FALSE,LEROCQUE,23,13770,N/A,28UXdTnzMDGwX0Lu2xi5Xo,Can't Go Back,2025-10-24,1,single,2.43
2aMZEJZwWouRzOw2aSfKV9,Deeply Still,1,35,FALSE,Xander Ward,35,729,N/A,2elo6qnwOjghfLHF1V1Fo5,Deeply Still,2025-10-24,1,single,2.91
2zzjpwG8wu3skr08m7rM6e,Eggshell Tap Dancer,1,52,FALSE,The All-American Rejects,67,3134186,"pop punk, emo",6KhlAeMS2m3pCXpKcOH4f9,Eggshell Tap Dancer,2025-10-24,4,single,3.78
2MbsC60IxeyJNVRRgeqH4w,Eyes on You,1,22,FALSE,Smith & Liddle,17,543,N/A,4qztrns4MDwGFLHsWmFoB8,Eyes on You,2025-10-24,3,single,4.26
2Zq3Trov36G0TtrUt4ZklL,superstar,2,59,TRUE,Artemas,74,1378935,N/A,75FM00r9Lgdi0YHv7vvzzB,LOVERCORE,2025-10-24,14,album,2.82
7rdHxPQimXkOcmUmsfGhxY,Trim,1,1,TRUE,YUNG ALPO,24,166,N/A,2oLtKEcuXiyWnsuHIUlNTF,Trim,2025-10-24,1,single,2.62
2H6cMXx0Kmj6XlbMx4BYi9,Trip,14,32,FALSE,A2O,46,13826,c-pop,54XcHEnJ2BKMOzkeRrRubu,PAPARAZZI ARRIVE,2025-10-24,14,album,3.26
6DIrsJFPypT0Z3emDKnXYd,HEARTBREAK SZN,1,32,TRUE,PRAX,23,1982,N/A,5ywdzunlKaIQX3nEt0iGAk,HEARTBREAK SZN,2025-10-24,1,single,2.89
05aYqGC8NNxr4jiHbQXLG3,Higher Vibration,1,35,FALSE,Mark II,25,722,N/A,1a8W5aTsPfvsHhEG4xrdrH,Higher Vibration (feat. Aleesia),2025-10-24,2,single,2.4
0C42YiaJQyb0OExJ89bRbs,Hold On (We Are Going Home),1,34,FALSE,Suark,32,1496,N/A,21HfXluFe7g9btMxurTERv,Hold On (We Are Going Home),2025-10-24,1,single,3.58
1yLkASt2rIp9W5t3NuZrwQ,Kay,1,2,FALSE,Vince Bello,6,84,N/A,7zczAwbjqQLYRHG3Dsv2CC,Kay,2025-10-24,1,single,3.85
2zLnwikuCxJwMkEI8tqDN4,you never really cared,1,31,FALSE,Anna Marx,34,1693,N/A,4lsCek3wJDt94Ckqt4EBe7,you never really cared,2025-10-24,1,single,2.37
0kWQFzHzEPtvrKnwngvWyb,Master of the Kill,1,42,FALSE,Ana Shine,45,27570,N/A,3sco42g8ybU4RLqlVMurLE,Master of the Kill,2025-10-23,1,single,3.25
5NWYu2pYfLGu3iQB08RC4m,Fool For You,1,25,FALSE,Stray Currents,20,1073,N/A,26dDnkGL1FF3z1AsEBad3p,Fool For You,2025-10-22,1,single,3.07
4cVw1IeHrFuVS58Glolglb,blonde eyes,1,25,FALSE,Sopperior,30,2891,N/A,4nqRc4Bxdhrr49RmHWkFus,orphic,2025-10-21,5,single,2.41
31lp34zEvY603Xjkz2hrOo,limerence,2,13,FALSE,Sopperior,30,2896,N/A,4nqRc4Bxdhrr49RmHWkFus,orphic,2025-10-21,5,single,1.48
1nNgDKWWX9MU9cp5FrHXRN,Love Crazy - Stash Konig Remix,1,31,FALSE,MisterNez,18,200,N/A,2kepsE9qO2QRTLCsF1byjn,Love Crazy (Stash Konig Remix),2025-10-20,1,single,3.26
4ljqKsDyZzicNpBIMvDaZ5,One More Time,5,6,FALSE,Fraser Stott,13,119,N/A,179fPnGB9pMjUUH2pT02o0,19,2025-10-19,9,album,3.94
5hw7dvgBRLvlCiALWwujYz,Nectar - B-Rain Remix,2,29,FALSE,Senhit,27,54636,N/A,4Z53gLriAjTmR7DQr1LRY4,Nectar (The Remixes),2025-10-17,3,single,2.95
6OTDBDVaK18xlne9rlGQok,No Glory,1,52,FALSE,Besomorph,58,146944,slap house,1jO43qFvbxg7hdp2LgMmyw,No Glory,2025-10-17,1,single,2.37
1NXbNEAcPvY5G1xvfN57aA,Dracula,3,80,TRUE,Tame Impala,84,9509731,"neo-psychedelic, indie",5WulAOx9ilWy1h8UGZ1gkI,Deadbeat,2025-10-17,12,album,3.42
6gRNWnK8b8BVfzrF65HGcf,PSYCHWARD (with WesGhost ft. Project Pat),1,51,TRUE,Diplo,77,2812337,moombahton,5oq9z5XNldcl7wTiEamVvo,PSYCHWARD,2025-10-17,4,single,2.88
1e73KA7YWgIS9cLszZJRTu,Where Have You Been,1,38,FALSE,Ken,50,7219,hypertechno,5OPlNhEIlxUifin4l0gPL6,Where Have You Been,2025-10-17,1,single,2.08
44NbFZ0gEZ4U0LMMsHWyb3,Great Tomorrow,1,3,FALSE,Kxng Leó,1,177,N/A,0jFDIZgcya0j2cfR17izT9,Great Tomorrow,2025-10-17,1,single,2.21
05RK4klU7S2Jm50ONIjyM4,Hearts Grow Cold (Saint Noël) [feat. Olivia Cadenza],1,50,FALSE,Kayote,49,19306,N/A,0Kil1i9WrmbacxToZg8qk9,Hearts Grow Cold (Saint Noêl) [feat. Olivia Cadenza],2025-10-17,1,single,2.65
0Oriikd4ETp5qmzek6ZUD5,Talk To You (ft. Elton John),1,72,TRUE,Sam Fender,73,1204977,N/A,5tmaU5xBUYQYr2VkWhokIb,Talk To You (ft. Elton John),2025-10-17,1,single,5.28
5jw5yNpSTxdBAr1AV3N96s,The Way I Am Now,1,25,FALSE,Lila Holler,17,1068,N/A,7xpJHorbY32dNwaRlBgXC5,The Way I Am Now,2025-10-17,1,single,3.77
0lRnxwJeUOxwEvWMw4uQKj,Think About Us,1,68,FALSE,Sonny Fodera,66,306842,house,1jmVSpWhzD8vciWg2Qtd5V,Think About Us,2025-10-17,1,single,2.96
6q43CVVE0VXEWlDjPdgH0c,Trophy Wife,1,32,TRUE,Annalise Azadian,31,5701,N/A,5XWqunjy0GiCQIOLtEyuyr,Trophy Wife,2025-10-17,1,single,2.86
0vXBmU9Zus9ZtbR4kvZAjH,baby can you sin for me,1,52,FALSE,Ex Habit,59,130408,dark r&b,5eudqcLVRKtOtQdlHQ2yrm,baby can you sin for me,2025-10-16,1,single,2.69
5UDCl2GNB6gT4ataiXTIGH,Wild Side,1,48,FALSE,Poul,53,1161,N/A,2U1CbDdkzsZ8noUsraKsoq,Wild Side,2025-10-16,1,single,2.5
0dtNBn7Uww8lHFTs6mittj,Amal,1,38,FALSE,Abeer Nehme,50,247771,"sholawat, khaleeji",18hYLYMgQLsJiAso2Kok7w,Amal,2025-10-15,1,single,3.88
2OZVskV28xxJjjhQqKTLSg,PIXELATED KISSES,1,88,TRUE,Joji,81,10638942,N/A,3FLlai6YTV9IwCU0KolG1w,PIXELATED KISSES,2025-10-14,1,single,1.84
27sGm7McOlhSQ1szOJlpt8,MEGAFAUNA,1,24,TRUE,Stanza,10,218,N/A,17Jly2HpndZXgnbRZediYa,MEGAFAUNA,2025-10-14,1,single,2.87
6wi4GsP24EbQK8xrFl9tqI,2nd To Me,1,31,TRUE,Christian Kennedy,14,297,N/A,3yNBj3T5eLzUUwNvSDTJGc,2nd To Me,2025-10-13,1,single,3.26
7Lo6USa0PiDkwSL3SkohSi,Leavin,1,70,TRUE,Rod Wave,76,9673984,N/A,3vz6TtkNMj2rdOIsJsTA3I,Leavin,2025-10-13,1,single,2.81
3Dy4xsff7c0fRaTJpA54yd,Gone Gone Gone,1,79,FALSE,David Guetta,87,27141717,edm,39FHrt5YWp4HY7dHDn8Owz,Gone Gone Gone,2025-10-10,2,single,3.3
6t62npoUwUGjrwIawdgwA5,Goodbye For Now,1,33,FALSE,Olivia Cox,18,1263,hipdut,5IewtRLurwyZX1ymMd423l,Goodbye For Now,2025-10-10,1,single,3.5
2uHi2Fc38bs1keR72wTpwd,Here and Now (Where I Wanna Be),1,35,FALSE,Briezman,23,445,big room,1FgfwzQy0rltxdT9ALU34H,Here and Now (Where I Wanna Be),2025-10-10,1,single,3.03
3oKtvkoervQjzXyh1OMHHq,Hold My Hand,1,35,FALSE,TAMMO,19,290,N/A,22vb50tbm97kkhmvCvnsik,Hold My Hand,2025-10-10,1,single,4.4
4nds6JYKbzMdpXwuINhSEZ,Part of Me,1,75,TRUE,A Boogie Wit da Hoodie,77,8986062,melodic rap,0UGixmRqK86q9d6T0kAFnv,Part of Me,2025-10-10,1,single,2.78
2n3qIOygTL44mYyPIqlH5q,Run For The Hills,1,37,FALSE,Jason Charles Miller,43,17999,N/A,1HH8fxqDDNMlKm2T5C7EuF,Run For The Hills,2025-10-10,1,single,3.12
0n2QFaU59wkNJW0ruoaGeY,So Far,1,28,FALSE,Visibly True,20,114,N/A,63iDybCEILGBowdFohSeSP,So Far,2025-10-10,1,single,3.07
6hjbNbbRdTCIW9qcZ8OA7t,Something Like This,1,33,FALSE,The Haygoods,20,7785,N/A,7ccsvL6dhojh3gW8ViZusg,Something Like This,2025-10-10,1,single,2.22
1DwscornXpj8fmOmYVlqZt,Stateside + Zara Larsson,10,74,FALSE,PinkPantheress,78,4761364,bedroom pop,12Lig9oAX9nvpWHft5cHgF,Fancy Some More?,2025-10-10,31,album,3.07
2qtQauWqPaGHrmrXbDa35k,Constellations,1,68,FALSE,Ian Asher,70,223449,N/A,03loS7NR32bzSoH06Z2ESq,Constellations,2025-10-10,1,single,2.73
0l72HGRQkAR0imHxvpLi8a,Die On This Hill,1,76,FALSE,SIENNA SPIRO,66,182377,N/A,5pIGU5FZ74YPdUrBdk9lcC,Die On This Hill,2025-10-10,3,single,3.61
4idqAxBL2zVyfyMhi8QSZK,Distance Of Living,9,35,FALSE,Aresty.,17,4,N/A,3Mrg0RD2DiR7ma3u3lb5zT,Distance Of Living (This Life),2025-10-10,9,album,2.72
4WFfPxJv1KRekG6mxn837K,EYES CLOSED (with ZAYN),1,88,FALSE,JISOO,73,7282227,k-pop,3LOalJiwqPsviLuoNboNfc,EYES CLOSED (with ZAYN),2025-10-10,1,single,3.02
6I65Y2uL3LrvFuBS5LNVZa,Getting Down,1,30,FALSE,gigi,13,5,N/A,6zU3BVqu50xiQRhlW5Gr2A,Getting Down,2025-10-10,1,single,3.13
0fOblXmOu0vHm0fa2RezCC,Alarm,1,18,FALSE,Millo,5,429,N/A,77C5CilG76Vovcb3mtKi09,Alarm,2025-10-10,1,single,3.02
1heaOeArQtwtQKRK0gJe42,All Night Long,1,39,FALSE,KOLBEIN,28,631,"hypertechno, melbourne bounce",1B1i85DEAvHLXu7FefdggZ,All Night Long,2025-10-10,1,single,2.75
3Du1WPZLhETDT6Jr4eumkU,ANYMORE,1,18,TRUE,ASH7ON,7,308,N/A,7l4BqichAiJVxsXmUcI2zh,ANYMORE,2025-10-10,1,single,2.91
3m2dgCQagVWkSha04cZn23,Bad Boy,1,60,FALSE,KROMA,54,11283,hard techno,3XuFyvJmX0CF4IlrGvkA9r,Bad Boy,2025-10-10,1,single,2.45
2omFbch4mNZo3ksaQeX78X,Break Out,1,39,FALSE,zukrassverliebt,24,435,N/A,4kgNI75BjnV2XiaOMvegxl,Break Out,2025-10-10,1,single,3.2
5LlDzb8dY5h4npkWKVmjT5,Tropical Vacation,1,40,FALSE,Riff Raff,48,193279,N/A,3qBIUlNmeUWR1ZMdkHYpTi,Tropical Vacation,2025-10-10,1,single,2.92
4J1B7f8dgMWAcAHEm6Mvi8,Chasing the Day,1,51,FALSE,TIMBER,32,37,N/A,1YpdA0q2CSLfAbPo24jED8,Chasing the Day,2025-10-09,1,single,2.63
0jPkYjkGxwWMsRaTQbhV0x,Used To Love,1,35,FALSE,Maithili Raelle,19,2633,N/A,6u5ctfBfLmlulyYDHhytqM,Used To Love,2025-10-08,1,single,2.21
7sgx2p6KPYPia5fowJNZzO,TBB,1,31,TRUE,Sabir,18,435,N/A,3cE0fQECVV51zi5yyXiTNE,TBB,2025-10-06,1,single,2.41
31TXxq8gfgYyrYClnYY48m,The Fate of Ophelia,1,87,FALSE,Taylor Swift,100,145443567,"country, pop, indie, folk",1W57oNaAkGObOQKBTxg4e9,The Life of a Showgirl,2025-10-03,12,album,3.76
5eXgqtg3T8Av0m1FUaGHex,The Life of a Showgirl (feat. Sabrina Carpenter),12,93,TRUE,Taylor Swift,100,145489371,"country, pop, indie, folk",4a6NzYL1YHRUgx9e3YZI6I,The Life of a Showgirl,2025-10-03,12,album,4.02
7wT275baetTMjwGNanHAno,The Serpent,1,53,FALSE,Besomorph,58,146969,slap house,49vfE41auPohus34Iino7x,The Serpent,2025-10-03,1,single,3.25
6r4DKBIre2t3kU3FYMhhbN,The Way I Know,1,29,FALSE,Padre Tóxico,26,13179,jazz rap,4YQutKXfSCLw7qJc4pITv4,The Way I Know,2025-10-03,1,single,2.15
52LucZg8sDnqlkwXL6E7uX,Turn Back Time,1,25,FALSE,Orvyn Sol,15,48,N/A,0fnBDKarUBIEuXZJT0r6DZ,Turn Back Time,2025-10-03,1,single,3.19
2fTj7u4KEt7JfWQw4Qgj2J,Wait For You,1,42,FALSE,MEDZ,37,6199,"melodic bass, future bass",5iaL4PoBJLEe9khqnoMgOu,Wait For You,2025-10-03,1,single,3.45
3gKR0BUqtDToXhqhTH7Opg,Rare,1,39,TRUE,Edd Stark,28,405,chicago drill,6OjZR1Cvok6hYjmtOlZYwQ,Rare,2025-10-03,1,single,2.9
2sMrvqJHSHGZ6uKcWoSNvW,Rock Your Body,2,28,FALSE,IV Tune,11,54,N/A,5kisseh1oMsVeVpbyWBV9L,Fortune,2025-10-03,7,album,2.81
62V2ZHslgQV98gH4AuVXnr,Ruin The Friendship,6,92,FALSE,Taylor Swift,100,145396321,"country, pop, indie, folk",4a6NzYL1YHRUgx9e3YZI6I,The Life of a Showgirl,2025-10-03,12,album,3.67
4DCyPp2B9vSmkPUkctFumT,Monsters,1,38,TRUE,IAN SIZE,32,1844,"melodic bass, nightcore, bass music",7FnI6a9PZTUp70KZ6whfAm,Monsters,2025-10-03,1,single,2.17
3yWuTOYDztXjZxdE2cIRUa,Opalite,3,97,FALSE,Taylor Swift,100,145443567,"country, pop, indie, folk",4a6NzYL1YHRUgx9e3YZI6I,The Life of a Showgirl,2025-10-03,12,album,3.92
1k2aDzjpZVZPA2N3mMLbWq,High Or Die,1,39,FALSE,Beatline,20,475,future house,0T13fYBtT1GpXgtdIiHcU8,High Or Die,2025-10-03,2,single,2.51
4qmFC3Jz5aQ0erlk2OSi2X,Honey,11,91,TRUE,Taylor Swift,100,145489371,"country, pop, indie, folk",4a6NzYL1YHRUgx9e3YZI6I,The Life of a Showgirl,2025-10-03,12,album,3.02
0P3GQuGbDqVP9ZMs19RcUa,i don't need ur love,1,55,TRUE,Rumelis,49,8741,dark r&b,5aLnMagPMABrEV5xexp5aJ,i don't need ur love,2025-10-03,2,single,2.23
29JrUHRJumKzVu5xeELYFV,It's Giving,1,40,FALSE,Third Vibes,24,3776,N/A,3qS8ON6xAgQy0IzS8ZxBGS,It's Giving,2025-10-03,1,single,2.49
2x3mwb96B6TquRqMtbxUE1,Actually Romantic,7,93,TRUE,Taylor Swift,100,145396321,"country, pop, indie, folk",4a6NzYL1YHRUgx9e3YZI6I,The Life of a Showgirl,2025-10-03,12,album,2.72
1jVMR9A0OYA8nFynsTnQsx,Broken Glass,1,32,TRUE,Phay,20,5344,N/A,4WZIszwKqggGyJvRiugyrS,Broken Glass,2025-10-03,1,single,2.27
1appZ3c336FkPvCuywfmrs,CANCELLED!,10,93,TRUE,Taylor Swift,100,145396321,"country, pop, indie, folk",4a6NzYL1YHRUgx9e3YZI6I,The Life of a Showgirl,2025-10-03,12,album,3.52
2TEQvxxQabwLQMqWMg1qGu,Wi$h Li$t,8,93,TRUE,Taylor Swift,100,145396321,"country, pop, indie, folk",4a6NzYL1YHRUgx9e3YZI6I,The Life of a Showgirl,2025-10-03,12,album,3.45
5ylJtmaWPJ33cW3En7WOu0,Wood,9,93,TRUE,Taylor Swift,100,145443567,"country, pop, indie, folk",4a6NzYL1YHRUgx9e3YZI6I,The Life of a Showgirl,2025-10-03,12,album,2.5
017erFbOyCrdz0yburnVGZ,you're a star,1,74,FALSE,Fred again..,77,2201446,"stutter house, house",3dmu97DsoFpSptXPtJEzCJ,you're a star,2025-10-03,1,single,3.65
5E2y5TSb2RJNCO01QjkgLf,Days Like These,3,75,FALSE,Luke Combs,83,13402920,country,40xQAz7RDjeznOtTYeEMLs,The Prequel,2025-10-03,3,single,3.69
62HoDY1Km6lm47haFpUn9c,Eldest Daughter,5,92,TRUE,Taylor Swift,100,145396321,"country, pop, indie, folk",4a6NzYL1YHRUgx9e3YZI6I,The Life of a Showgirl,2025-10-03,12,album,4.1
1jgTiNob5cVyXeJ3WgX5bL,Elizabeth Taylor,2,95,FALSE,Taylor Swift,100,145489371,"country, pop, indie, folk",4a6NzYL1YHRUgx9e3YZI6I,The Life of a Showgirl,2025-10-03,12,album,3.47
4O31bgaZWxZkF3uHrdyavg,Energy,1,40,FALSE,Tolou,28,4401,N/A,3RqIFGcrmoqWMV7t9S4lh2,Energy,2025-10-03,1,single,3.04
03bTIHJElXZ0O0jqOQvAbY,Father Figure,4,94,TRUE,Taylor Swift,100,145542136,"country, pop, indie, folk",4a6NzYL1YHRUgx9e3YZI6I,The Life of a Showgirl,2025-10-03,12,album,3.54
4NgPNxsqi2HQ7AnCvvRK8G,Super Woman,2,35,FALSE,Haifa Wehbe,51,1151605,"egyptian pop, khaleeji",5XIpOWNfS3eGY9RSxtsg8Q,Mega Haifa,2025-10-02,6,single,3.72
1dosSsKwYF7hoQA2kuu6wI,The Fate of Ophelia,3,75,FALSE,Taylor Swift,100,145443567,"country, pop, indie, folk",4tFsJC9jQ0Qjj7HSExhAdm,The Life of a Showgirl (Track by Track Version),2025-10-02,26,album,3.76
1auysW6jt1rZwBGyEDRKWc,Ties in Texas,1,42,FALSE,Lindsey Fish,23,3629,N/A,6kKwUpSKqq2ESNPwk4mV0z,Ties in Texas,2025-10-02,1,single,3.11
0N979cmYBbE2TyhrW6KZu0,Till We Meet Again,1,52,FALSE,Van Herpen,37,1081,N/A,0ZeOEJSTeArDoeDk9FIqrT,Till We Meet Again,2025-10-02,1,single,2.46
280erC1K7sdT9ngrmIW3Fl,VHS,1,36,FALSE,Eiza Murphy,20,4162,N/A,3m2rW07CPQ0m7CPRs331PV,VHS,2025-10-02,1,single,3.57
3SHZFceclOHREMcgZJERnf,يا قلبي أنا,1,31,FALSE,Anthony Touma,20,3260,moroccan pop,0QJ0Q3QqJRikK1EdWzYQCS,يا قلبي أنا,2025-10-02,1,single,2.85
7AD4wFJjj4o3goO7FHtSW8,Heisenberg,1,54,FALSE,Soolking,69,6204568,"french rap, pop urbaine, french r&b, moroccan pop",03DQwQwDBPlEoYLgsZrn9d,Heisenberg,2025-10-02,1,single,2.51
3Mo4pOC2m12uXZKV3CYVsI,ENCOSTA NA QUEBRADA,1,11,TRUE,Tarja Preta 013,12,80,N/A,0jRgjsC1gLn5TaQ1KxEj3K,ENCOSTA NA QUEBRADA,2025-10-01,1,single,2.61
3l2ruzIpduKBz0OOSHl3sS,MAD SCIENTIST,2,23,FALSE,Homeboy Delmar,13,22,N/A,4kDfd9klHcraucJMp44v9W,CELEBRITY ON THE SAND,2025-10-01,5,single,2.51
22fpETmqgcXJL6AhdJh6iV,Pick A Side,1,46,TRUE,4ourty8,29,6670,N/A,7cWdt7NxKyn9OrQOSbcJrY,Pick A Side,2025-10-01,1,single,2.33
3dIJ5WV6Rog364UqLbBP5R,Something Must Sup,1,28,FALSE,Kaptain Swizzy,13,290,N/A,2n1nDA48H03nQJS03g4gmn,Something Must Sup,2025-10-01,1,single,2.99
2eIMpbGVn6i5PKqoMAiq1T,Still on the go,1,27,FALSE,KEV-Y,12,6,N/A,26Ft7Jje9sFfFU8YNaCBem,Still on the go,2025-10-01,1,single,3.66
4hFt3Ht6b9OLsesqx51aq1,superstar,1,68,TRUE,Artemas,74,1377042,N/A,2r7vK3RnYfofnAkMruYhSI,superstar,2025-10-01,3,single,2.82
2iczyHyjgSKeT5HrXkdv2X,Touch Bress,1,26,TRUE,Fameboy BL,14,192,N/A,1VxMimfaUp2mHk6no0Rt51,Touch Bress,2025-09-30,1,single,3.16
1laJP8wLuA8oVnfREaCPxr,Hot (Cut Water),1,24,TRUE,Big Jude,8,13,N/A,359uI58UXQPRDp2ZyJaak5,Hot (Cut Water),2025-09-30,1,single,1.7
4kwedianT9A4FOCTBRZEmJ,Don't Need Him,1,36,TRUE,Shelailai,23,2256,N/A,4TcMHQXoMshvClT6kz0aIw,Don't Need Him,2025-09-30,1,single,2.57
6DYul32gElizGgTrtRYrNY,gigolo,1,77,TRUE,bbno$,78,2730121,N/A,58Xf2l1m7iWhfwoRjx75C0,gigolo,2025-09-30,1,single,1.97
01Fsn1fOVtC90pQatV6OqE,"I´m the Boss, You Know",1,17,TRUE,Camilla Sun,6,3,N/A,3JA6vtZ2Rv7DTFjcN92cS0,"I´m the Boss, You Know",2025-09-29,1,single,2.21
7hH6xRAqH9yCkPfRVDGHrt,Wall Flowers,1,56,FALSE,POW,45,73003,N/A,6JNlu1MYZPrJTU7KC3wJj8,Wall Flowers,2025-09-29,1,single,3
1rRQbz1Co1QxxRq4852AgI,My New Ex,1,50,FALSE,Ana Shine,45,27570,N/A,2llBy2tM0pZgbj0nOAtKH8,My New Ex,2025-09-28,1,single,3.2
4GAqLL3l5bM2VyTlZ1Lub0,Need You Know,12,43,FALSE,JD & The Straight Chasers,49,1874,N/A,0thIG0Zu7K49qQE13Cr53K,Southern Comfort Classics (Deluxe Version),2025-09-28,14,album,2.6
4IkFCv3PASUNvPVuwMnjnu,Picture,14,35,FALSE,JD & The Straight Chasers,49,1855,N/A,0thIG0Zu7K49qQE13Cr53K,Southern Comfort Classics (Deluxe Version),2025-09-28,14,album,2.92
3wicn7uBSaGtBLTSbjsnmy,You Make It Easy,11,39,FALSE,JD & The Straight Chasers,49,1874,N/A,0thIG0Zu7K49qQE13Cr53K,Southern Comfort Classics (Deluxe Version),2025-09-28,14,album,2.08
0mMlCTDHCyBiCv0Dj0dDyN,Chicken Fried,8,41,FALSE,JD & The Straight Chasers,49,1866,N/A,0thIG0Zu7K49qQE13Cr53K,Southern Comfort Classics (Deluxe Version),2025-09-28,14,album,2.59
0SpmzpKIlAthaOVXjlnh4p,Body,1,36,TRUE,Misfit Milli,22,90,jersey club,7KBVG2181o0BmMgrcgRiLQ,Body,2025-09-27,1,single,2.22
008IUIsNQSU2VURuEnhGgj,By My Side,1,36,FALSE,Khari!,19,1413,N/A,6qY485VczzLt075kfhyb6d,By My Side,2025-09-26,1,single,2.82
2oa1QiGJTfqvD5i4mRhV4O,take a dive,1,36,FALSE,India Thieriot,24,2803,N/A,2pcTtrMr36wWuk8MWyWzq4,take a dive,2025-09-26,1,single,2.85
04a44cx2PJthIbN2aLMXhl,TIT FOR TAT,1,91,TRUE,Tate McRae,88,9256589,pop,1ks1k7zln4TyBjn1CF3vCz,TIT FOR TAT,2025-09-26,1,single,2.93
23JdfQOgv9Z3MsSAaIsjmB,TNA,1,37,TRUE,Amb1shn,19,139,bongo flava,0sXtDJxg9UeuqQSfYbhFHP,TNA,2025-09-26,1,single,3.03
2ZCDXVmOLnKUHYVpycIq5F,What You Is,1,74,TRUE,YoungBoy Never Broke Again,84,14936207,N/A,6hGxO3RlfPxP0OuXukj5Ju,What You Is,2025-09-26,1,single,3.76
2AFgJ1Azad5HjsTa2QhFlZ,Habibi,1,27,FALSE,Allison Amber Hage,18,69,N/A,414Yi6g6MykIuEN9mdzCoE,Habibi,2025-09-26,1,single,2.83
03AhbPoniP5uqqJKYGWgZE,Come Find Me (with Clementine Douglas),1,68,FALSE,MK,69,354095,house,2D48QGD5lU5kErH6PxLjTs,Come Find Me (with Clementine Douglas),2025-09-26,1,single,3.45
1cxNr9Y2kNhKntoHgpF43y,Did You Cry,6,33,FALSE,Maggie Andrew,20,2448,N/A,7H4nYZK9418cb7pHJ3jue6,HOW TO SING FOR MONEY,2025-09-26,7,single,2.74
709ZIqPHyFOpx2QdjmeWAM,Dracula,1,85,TRUE,Tame Impala,84,9509731,"neo-psychedelic, indie",2kCjkEVRnLdEV5UOaQSAG4,Dracula,2025-09-26,3,single,3.42
4zddyNQewMTFOsMnQ8fCv2,Feel Like This,1,49,FALSE,N'John,34,9375,N/A,5j0KKJr4uJxRe8Z8ZdiMyd,Feel Like This,2025-09-26,1,single,2.62
2V4BFK5l3cXhPXikBTQBxt,Flip Dat - feat. Babyface Ray,2,52,TRUE,Ashwin Gane,47,2695,hipdut,1dThBnOTTZO3S7W1Y3FnyR,Flip Dat,2025-09-26,4,single,3.21
325g0RWZE2WD3BfRY5iWsr,You Showed Me Love,2,43,FALSE,Terry Parks,24,26,N/A,3J7XqMCiYC5mKOH6ilyuWJ,"Heartfelt Media Group, Vol. 1",2025-09-26,24,album,4.51
1ZzeDMKKZCFvghNJIO7uuP,Let Me Know,1,29,FALSE,Kelsey Olivia,15,3150,N/A,7F1SEfemkvgrnT8cenAXsF,Let Me Know,2025-09-26,1,single,3.63
29HtYBjZ4R0ZuEdmlrxJIt,michigan,3,30,FALSE,Siena Fantini,13,183,indie r&b,4J8czQ9vX30BBYHEd1oO7V,what is it with me?,2025-09-26,4,single,4.42
75airck78OVZNUDuStHb9p,Movin' On,1,43,FALSE,Rob Wolf,25,1152,N/A,59IemnGXxvDGYVlTUrRF4z,Movin' On,2025-09-26,1,single,3.36
4xdb5NoeB3RTfgdZww0FE6,MY PEOPLE II,1,41,TRUE,Konet,25,569,afrobeat,2HrTlo7PUWEwOQECV9AcEI,MY PEOPLE II,2025-09-26,2,single,2.59
7bxIw20q3peJdxKAC3VYgC,No Shirt,1,39,TRUE,Rockstar Jt,25,10987,christian hip hop,32jGZ7QnQ5WPyc8mEl1uuU,No Shirt,2025-09-26,1,single,2.81
4R8nC9Xq3alkz4piaQd34S,nothing at all,1,33,TRUE,Elliot,20,4873,N/A,5qCrlkXncgAS7h7f5VsOGa,nothing at all,2025-09-26,1,single,3.47
5OZpkfJHH6V1Kx7L0IcQaa,San Francisco,1,39,FALSE,Madi Rindge,23,3112,N/A,4VyWW5waswcTLAmZKt8vC2,San Francisco,2025-09-26,1,single,3.37
74KTHPMotSSPL2pgSy1KwZ,Save Me,1,41,FALSE,Happening Now,23,175,N/A,2f0XGheNivGtsizi291hrE,Save Me,2025-09-26,1,single,2.96
6hVveT2bbe26sV6TiN7a77,SEXIFY,1,38,FALSE,Nick Hissom,22,2001,N/A,1ZAKqj0r5HY7LTfcJpDCsL,SEXIFY,2025-09-26,1,single,2.05
6sGIMrtIzQjdzNndVxe397,So Easy (To Fall In Love),5,90,FALSE,Olivia Dean,88,1499215,pop soul,0l8zYqoUeBYg47Gmevq9HZ,The Art of Loving,2025-09-26,12,album,2.81
2t9NPxWJOyncGxWlmf69xQ,Rock Show,1,40,TRUE,Breakfast For Joey,23,114,N/A,5Ajc5M8QLIT9Xrp6HFVJwr,Rock Show,2025-09-25,1,single,2.58
0cijIjFIlNWbrFeTv5IBpN,Rolling Stone,1,34,TRUE,st.James,17,1254,N/A,7HgNFc1L2i9t5ZnoXGQy3Y,Rolling Stone,2025-09-25,1,single,3.08
5p1cQtrKCakcObQYSw4QBL,SEEN THROUGH YOU,1,13,TRUE,SPTEMBRR,4,1909,N/A,1jTmQUPtIP9PRVth4AxfYx,SEEN THROUGH YOU,2025-09-25,1,single,2.95
1rq8oj4pctDQiYTjmzl852,Alive,1,36,FALSE,Lafferty,18,181,N/A,5Ypa8QXUAcoNLON7Vvdft5,Alive,2025-09-25,1,single,2.81
1DlZLLJXTWaxQD9HCtqjtj,Don’t Listen,1,37,FALSE,Mblue,38,6157,N/A,5wzGdpDIwI6mPSQaXQkuyI,Don’t Listen,2025-09-25,1,single,2.9
3AmAMaOr9MW6yl361AlATs,Finest Boy,1,21,FALSE,Boyshegz,7,3,N/A,6iMzh8DFqe4mJ26QMY6YwS,Finest Boy,2025-09-25,1,single,2.8
68APF7rM3bIxKCjqeO1QSZ,ADD,1,68,TRUE,Khantrast,62,394628,"anime rap, anime",2NaTp3h74cDqtrlgDe9b4W,ADD,2025-09-24,1,single,2.62
1NxtYAuMQ69Tt7JzTNJyDu,LEGENDARY,1,25,FALSE,Sawd Yute,9,36,N/A,4ESicJbt1hcmMa760j8X8G,LEGENDARY,2025-09-24,1,single,2.57
5NP1iBZqLHZEDmVb2YKor9,Loader,1,37,FALSE,AthenaDME,22,178,"3 step, gqom",5f469pJg3kGAaRjgHcaGs3,D Main Event,2025-09-24,6,single,2.15
4KVFJwMQtIAeRJVAIOGkye,Never Know What To Say,3,32,FALSE,Kris James,35,1803,N/A,5pdaddrPUJy4oCM9TPPec2,Pixelated Heart,2025-09-24,14,album,2.76
7ILYtGTvkUDpUh0gZ40ggX,I Didn't Need Him,1,27,FALSE,Brooke Star,10,60,N/A,33Fv8Y2e8jAGbPSn91HliR,I Didn't Need Him,2025-09-23,1,single,3.61
2AtkXkBtqjF4AnJuvM9Gyc,Question,6,18,FALSE,Benniee,16,104,N/A,3CXhCyquX7qyk3Q6Sih1w8,From Something to Somewhere Else,2025-09-21,7,album,2.64
44Nq5zttH1vEGlAAUr1UQI,She´s in the Game (Brazilian Funk),1,13,TRUE,Mc Slug,3,4,"funk de bh, funk carioca",1ZDJdxjW0l9k9goSMxJoPe,She´s in the Game (Brazilian Funk),2025-09-20,1,single,2.49
1n4Y7LSSZ38HgEdpPpivpg,Post Sex Clarity,8,78,FALSE,Lola Young,77,1461346,N/A,5jUCvcrzCNng7N3iNVY4ts,I’m Only F**king Myself,2025-09-19,14,album,4.36
2wn0AYkmcF0Cm7PmvA7hJ7,Pretty & Petty,13,74,TRUE,Cardi B,81,25953771,N/A,1LsNb6mVitbLZCxnRsbCDJ,AM I THE DRAMA?,2025-09-19,23,album,3.05
2TOdZoIvGceoSjlrYkILrX,Psycho,1,44,FALSE,BURY,52,21748,dark r&b,5HDxcAIdBVavuw7UdD2zFV,Psycho,2025-09-19,3,single,3.07
6xoP2gPOZ0TWljbNcCeo3b,Pure Intoxication,7,27,FALSE,GINAxC,18,232,N/A,5ffi8DCbbQ5cKzSVdReWgB,MY DNA,2025-09-19,12,album,2.55
255b0ogmKeKJSb36lgKng5,Rush From You,1,49,TRUE,Rumelis,49,8802,dark r&b,2wyiqNFU4p1dM1Fm0qD1qp,Rush From You,2025-09-19,2,single,2.51
5q9I5RmmrLC4U2mW2BnF3K,Safe (feat. Kehlani),8,75,TRUE,Cardi B,81,25953771,N/A,1LsNb6mVitbLZCxnRsbCDJ,AM I THE DRAMA?,2025-09-19,23,album,2.96
5P9nLjjpKczdnhypJa5teO,Holy Sin,1,47,FALSE,Besomorph,58,146969,slap house,0HpZGevqOOW5s7Ji0znHkl,Holy Sin,2025-09-19,1,single,2.42
2jrMjstPcrgWx9ZUIV8qmW,I Kill Spiders,1,35,FALSE,Libby Ember,19,181,N/A,3rwRrvZIMD9kyc5y1qUbP8,I Kill Spiders,2025-09-19,4,single,3.69
7dHblXsJTRemgyIvFNJE7t,Magnet,3,71,TRUE,Cardi B,81,25957976,N/A,1LsNb6mVitbLZCxnRsbCDJ,AM I THE DRAMA?,2025-09-19,23,album,2.97
7sPDXQIinC20oDNmZ4rorr,Man Ray,1,31,FALSE,Ananya,15,1068,N/A,3iWjRDiDopj3rntTt2hYMc,Man Ray,2025-09-19,1,single,3.63
7lIzKPkQt0HpYTXxlcDvjE,Can't Take My Eyes Off You,1,38,FALSE,Sarah Berg,35,1843,N/A,6CsOJCea4cwzWF6t6hMU3a,Can't Take My Eyes Off You,2025-09-19,1,single,2.26
1kO8TSZU0ORR4eJpirLPGW,DEPRESSED,1,69,TRUE,Anne-Marie,75,12848260,N/A,4wdp5hBwGx9AgqUoiCCDUV,DEPRESSED,2025-09-19,1,single,2.3
2cBtsB7Pi89q9yWk59a2sX,ErrTime,16,69,TRUE,Cardi B,81,25957976,N/A,1LsNb6mVitbLZCxnRsbCDJ,AM I THE DRAMA?,2025-09-19,23,album,2.44
7xTj6ebYObTgOq8tuu6QwC,Fly Before I Fall,3,31,FALSE,Tera Lynne Fister,22,1274,N/A,1Ky161U9xfQ39gg9YmwqHw,Flowers From The Ground Reimagined,2025-09-19,4,single,3.88
79ez2OeIl0jD5tvwyoaG5B,Get Ready To Feel Good,1,22,FALSE,shotty,11,382,N/A,0ToLj7bYRvLGZPFJu201QD,Get Ready To Feel Good,2025-09-19,1,single,3.92
55lijDD6OAjLFFUHU9tcDm,WHERE IS MY HUSBAND!,1,92,FALSE,RAYE,81,2853248,N/A,01sqwTOTrN9gaYQc1rr6Zw,WHERE IS MY HUSBAND!,2025-09-19,1,single,3.27
232XkteimvbgWxIwfDsdMX,WHO,1,40,FALSE,TAILIAH BREON,22,49,N/A,6Zf8PUHcylkFuQ9B3EkYq5,WHO,2025-09-19,1,single,3.11
6cUmrDYjL42bJbyVli9ok9,Wire,2,42,TRUE,Laime,36,31236,"alté, nigerian drill, afrobeats, afrobeat",2YCmuYFmpWaioi9FFFvs9x,State of Emergency (Summer Never Happened),2025-09-19,3,single,2.95
7vQX4zU0JdBmIuQUCve0EU,You Left,1,40,FALSE,shams,22,227,melodic bass,235p7xwM07tMwNbUD3dJ3l,You Left,2025-09-19,1,single,3.97
0LS7hve8of6NHHCL2bWMJt,I Am Nobody,1,54,FALSE,MARE,50,3963,N/A,7wPoQhLTu6ep2FayEIFLUZ,I Am Nobody,2025-09-18,1,single,2.25
2G348SqVbsQYYvCsQpLpnY,Search Party!,1,58,FALSE,The All-American Rejects,67,3134091,"pop punk, emo",6QFFlzCWi0nB4iwqByUreu,Search Party!,2025-09-18,3,single,4.38
53OW7YksYVzJIWjQGYc4xI,Shangri-La,1,39,FALSE,Egzod,62,225797,N/A,2lSaIwhi64HvrBBxX9JsMV,Shangri-La,2025-09-18,1,single,3.31
7lCBSUxEyin3JvrGEegRah,Red Shredded Paper,11,26,FALSE,Lola Blanc,47,163172,N/A,6EBOWa0SjlXmcxOkI72WXW,Crowd Pleaser,2025-09-17,13,album,4.17
4QiUN7Xquwdkz2Na700Wwv,Take My Hand,4,39,FALSE,Will Roush,33,6678,N/A,6BJ25snNyTn3EhwCZ5cTjC,Water We Doing?,2025-09-17,4,single,3.22
6RxxVIvhvWHJq1Ay6RkaHZ,CRAVE,1,52,FALSE,Beneld,53,19064,dark r&b,6e9DMNJAiQCBdYZAeZpSxd,CRAVE,2025-09-17,3,single,2.96
6PB2A4yjRvHk9GbXUHliEu,Creme Brulee,2,44,FALSE,Will Roush,33,6685,N/A,6BJ25snNyTn3EhwCZ5cTjC,Water We Doing?,2025-09-17,4,single,2.95
1MRQwPALA1tTvGIV4BKvMZ,Ghost Town,1,42,FALSE,Will Roush,33,6683,N/A,6BJ25snNyTn3EhwCZ5cTjC,Water We Doing?,2025-09-17,4,single,3.08
1lBaHg7aO3gXEh8WwP7V0H,Obssessed,1,17,TRUE,Voncho,12,390,melodic rap,75oeOiZN5SGo9Uxi7fP7Fg,Obssessed,2025-09-17,1,single,3
3F4ZeO619wlwPqgxTOSK2S,Amor Infinito,1,17,FALSE,Mauricio Maia,4,276,N/A,06Cx6gpouFqAqw0scvF30w,Amor infinito,2025-09-17,2,single,2.62
6v1kEKdETU536qgvfR8Ph1,Millionaire,1,47,TRUE,Lil Q,33,319,N/A,2jSnuyqXzrxSEma1kd3PxD,Millionaire,2025-09-16,1,single,3.01
2W30LB3QaD0tA29WVUPnyO,Rise of the Machines,1,16,FALSE,MARA,8,12,N/A,24rL6d2DpnPLUxQsKczMJS,Rise of The Machines,2025-09-15,11,album,3.9
4MCkRDnhBmPym2PTHrOkLD,Silicon Heart,5,16,FALSE,MARA,8,12,N/A,24rL6d2DpnPLUxQsKczMJS,Rise of The Machines,2025-09-15,11,album,4.08
2ZKgStqrbnW7J2yVdbmkuu,I Need Some Time,4,17,TRUE,John Brandt,8,39,N/A,5OU38onkQUXsG3yiPWEAoB,Midnight Musing,2025-09-15,6,single,4.6
7iokwexO2pEmwbfkUU7mXb,Falling Stars,1,43,TRUE,AZERDK,30,1655,N/A,76G1dwc1nFTJQ6kFpMDY8o,Falling Stars,2025-09-15,1,single,4
74rAe9FYlLdB1U6HONcHg9,Eddie Kane - Radio Edit,8,10,FALSE,J.I.Bri,16,2177,N/A,3EFPQ6eWkUj3g8kNXF6fKl,"The THRILL is Back, Vol. 1 (Clean Version)",2025-09-12,11,album,3.26
6PdKA57lUIzOyptHfdZMva,Funeral,1,41,FALSE,JeLa,44,1499,N/A,5pSb2Kr9jVQyLp9H7P0obn,Funeral,2025-09-12,1,single,2.8
7CHzHT86zvEkeZpVPr6IgL,Seventeen,1,27,FALSE,Kate Anstey,10,34,N/A,067t3qgBnltGBK7PLrfBKF,Seventeen,2025-09-12,1,single,3.2
1eLfsiFKFVpvPXi1IFSZGO,My Best,2,50,FALSE,A!MS,47,7071,N/A,2qrlZrd3vHcB26h2uvkUlA,Peak Season,2025-09-12,9,album,2.88
2lCeVXvAGYUud5smJ9PhGv,Good Time Gone,1,53,FALSE,Lexie Stevenson,34,103,N/A,2nz40FmZPm6hKanAyD6OIH,Good Time Gone,2025-09-12,1,single,3.4
7ksHySXQO1EMxmecq9k0SF,irl,1,42,FALSE,joegarratt,31,2956,future house,72UUPOfxYe90BhqHPRVE8Y,irl,2025-09-12,1,single,2.57
5jAKEKeNzRbcuKlWGv9cT1,TKO,4,49,TRUE,A!MS,47,7045,N/A,2qrlZrd3vHcB26h2uvkUlA,Peak Season,2025-09-12,9,album,2.02
7woJR9AI4OwLIpzzP6Y3Yy,Aye Ma,1,40,TRUE,Big Swapp,22,32,N/A,7w0Lzkx5mCSJPUTIQZjxgL,Aye Ma,2025-09-12,1,single,1.69
4HUfvzEUU54VoSq5SWdOcJ,Bak 2 Bak,1,41,FALSE,Taene,33,1639,afrobeats,0JJqqLQzjelVajz0Pb87qY,Bak 2 Bak,2025-09-12,1,single,2.99
5PXUWF5p5Prmul75Rye7mb,BASIC,1,33,TRUE,Lali Banks,15,39,N/A,0pjQe69BiCOO5C4csSGD5H,BASIC,2025-09-12,1,single,2.13
6vqyk3mbDBv3npTpctYoka,Camera,6,79,FALSE,Ed Sheeran,88,122773292,soft pop,20dY0uZi9SzfrcWYfiWGqH,Play,2025-09-12,13,album,3.59
7DmGjrkQml1VCIgvrdNW3G,Chorei por Aí,1,15,FALSE,Marcos Neiva,7,1022,arrocha,2gV2oyTSgiwN0my2wLApf2,Chorei por Aí,2025-09-12,1,single,2.97
4G7bbgD2DHORU4frrWoCXp,Posso Até Não Te Dar Flores,1,85,TRUE,DJ Japa NK,75,282947,"brazilian funk, trap funk, funk consciente",460wiqQRw27a2OHTCegXKF,Posso Até Não Te Dar Flores,2025-09-11,1,single,2.64
0TQ5bJ44VHnFZyC16folF0,Voy a Brillar (Reggae),1,16,FALSE,Serena Kaya,4,4,N/A,27w5XHZuaNhkB8hyf07rYt,Voy a Brillar (Reggae),2025-09-11,1,single,2.73
5YZvDeQOUhItx80C7KJCfX,How It Goes,1,54,FALSE,Hanno,45,2752,N/A,1O1H7mCSHDjRrughNesgv5,How It Goes,2025-09-11,1,single,2.05
4zzfmeA6MXiM9O4anGZkq5,Just Like Heaven - Live From Glastonbury,2,55,FALSE,Olivia Rodrigo,85,49083617,"pop rock, alternative pop, pop punk",5BBcARy3vgB43n1VZELFno,Friday I'm In Love / Just Like Heaven - Live From Glastonbury (A BBC Recording),2025-09-08,2,single,3.92
388JceJm7784qgHipfPKmr,Friday I'm In Love - Live From Glastonbury,1,61,FALSE,Olivia Rodrigo,84,49050008,"pop rock, alternative pop, pop punk",5BBcARy3vgB43n1VZELFno,Friday I'm In Love / Just Like Heaven - Live From Glastonbury (A BBC Recording),2025-09-08,2,single,4.11
3orYgsOb8x1HPVwzeZBCur,Engolindo a lua,1,30,FALSE,Dennis Lucca,20,1897,N/A,7Awl3HSQuxjjtYECRMGwfw,Engolindo a lua,2025-09-06,1,single,3.04
4Xj6u5UdqINhGItVdwCLZp,Dangerous Love,1,44,FALSE,Mandrazo,48,10272,N/A,1QGNm8ogCVLC7LpID6oW2e,Dangerous Love,2025-09-05,3,single,2.81
4HBeFgbY9VV7UuMltmCIw0,Gettin' Older (feat. YoungBoy Never Broke Again),1,54,TRUE,Jas Von,39,9729,N/A,1GygYlo45HwMR1HGwrhy92,Gettin' Older (feat. YoungBoy Never Broke Again),2025-09-05,1,single,2.78
56sExwBBmnDoRErXqghqrW,best. day. ever.,1,47,FALSE,Scoobert Doobert,36,5606,N/A,3s4WBNxX2SLcpjrooq7DLH,best. day. ever.,2025-09-05,1,single,2.63
77CvPAHOsHWl43rUV3zsg6,Bossa velha,1,28,FALSE,SEHORE,12,44,N/A,3AbjktdqYdSuLCd5woeiLq,Husfikbur,2025-09-05,14,album,3.38
1CjFD8mc8f40JtIIK0NRGA,Lonely Together,1,55,FALSE,Sickick,64,1211803,N/A,2ElnFFhFJYiHK0KGc4shds,Lonely Together,2025-09-05,2,single,2.6
1mEQbSq0PCNjyL6oMgHKFQ,LOVE SONG,3,75,FALSE,Justin Bieber,91,85008100,"pop, contemporary r&b",2KrREEyHxkdFGYAd1DmMdS,SWAG II,2025-09-05,44,album,2.87
4hJNJqTcFptFRWfTjRpr3d,Rose Colored Glasses,3,33,FALSE,America Allen,20,696,N/A,5Nyg6oKDT5RO3vZeqKn1id,Lace to Ashes,2025-09-04,4,single,3.57
3NFs3XUduzBfvc5Bx1gmzh,The Dead Dance,1,84,FALSE,Lady Gaga,88,42237551,"art pop, pop",1KdrtZn2AmuQPHKIr3h4e6,The Dead Dance,2025-09-03,1,single,3.8
51opBUruRqfn4bgIuf5nwU,The Beast,15,56,FALSE,Lady Gaga,88,42237551,"art pop, pop",3ARwSvDQv2OHYnLeDC3Lxi,MAYHEM,2025-09-01,17,album,3.9
5pobX21I8uZdHM8YOWItU7,The Dead Dance,9,80,FALSE,Lady Gaga,89,42275793,"art pop, pop",3ARwSvDQv2OHYnLeDC3Lxi,MAYHEM,2025-09-01,17,album,3.8
6A331YYR5zoG6XixuHX7yE,Vanish Into You,6,61,FALSE,Lady Gaga,88,42256604,"art pop, pop",3ARwSvDQv2OHYnLeDC3Lxi,MAYHEM,2025-09-01,17,album,4.08
4oT5126hWjtMCeZMu2RnSx,Die With A Smile,17,55,FALSE,Lady Gaga,88,42237551,"art pop, pop",3ARwSvDQv2OHYnLeDC3Lxi,MAYHEM,2025-09-01,17,album,4.19
7ffAlbOWcI5u6NN6XHPfSS,Disease,1,61,FALSE,Lady Gaga,88,42237551,"art pop, pop",3ARwSvDQv2OHYnLeDC3Lxi,MAYHEM,2025-09-01,17,album,3.83
65vAx13K5AlJ5IEpw2ZcTK,Don't Call Tonight,12,58,FALSE,Lady Gaga,88,42256604,"art pop, pop",3ARwSvDQv2OHYnLeDC3Lxi,MAYHEM,2025-09-01,17,album,3.76
4iKIF8qI3dq6fntHeIdcAw,Garden Of Eden,3,62,FALSE,Lady Gaga,88,42256604,"art pop, pop",3ARwSvDQv2OHYnLeDC3Lxi,MAYHEM,2025-09-01,17,album,3.99
4XMtEsNnR4nOFeyTBQqxnp,Yonderer,1,37,FALSE,Cj Hooper,19,267,N/A,1JvpiKfsyL9wgw6akF8K8M,Yonderer,2025-09-01,1,single,3.47
4vQcqtphmJBR5R44F5iNvl,Zombieboy,8,60,FALSE,Lady Gaga,88,42256604,"art pop, pop",3ARwSvDQv2OHYnLeDC3Lxi,MAYHEM,2025-09-01,17,album,3.55
6AWldBTJJWOv0VbrNZXFEw,How Bad Do U Want Me,11,60,TRUE,Lady Gaga,88,42237551,"art pop, pop",3ARwSvDQv2OHYnLeDC3Lxi,MAYHEM,2025-09-01,17,album,3.98
6iAWfzQSSHemnvL5yq1q2k,Kill For Love,13,66,FALSE,Lady Gaga,88,42256604,"art pop, pop",3ARwSvDQv2OHYnLeDC3Lxi,MAYHEM,2025-09-01,17,album,4.11
0RxdWAztwE2qKbtYk7NNWr,Killah (feat. Gesaffelstein),7,59,TRUE,Lady Gaga,88,42256604,"art pop, pop",3ARwSvDQv2OHYnLeDC3Lxi,MAYHEM,2025-09-01,17,album,3.51
5amdAZWVhOqFHodIyf53bI,Perfect Celebrity,4,60,FALSE,Lady Gaga,89,42275793,"art pop, pop",3ARwSvDQv2OHYnLeDC3Lxi,MAYHEM,2025-09-01,17,album,3.82
0MjkLEOp7lHilik4t8G9oJ,Shadow Of A Man,14,58,FALSE,Lady Gaga,88,42256604,"art pop, pop",3ARwSvDQv2OHYnLeDC3Lxi,MAYHEM,2025-09-01,17,album,3.32
2Xunjp5lfCjPJKuiWEVA5O,LoveDrug,10,60,FALSE,Lady Gaga,88,42237551,"art pop, pop",3ARwSvDQv2OHYnLeDC3Lxi,MAYHEM,2025-09-01,17,album,3.22
0XXxTyNb3Q0DPxpf0kQi8P,Machine,1,39,FALSE,Rob Thomas,62,973349,N/A,5qrls7LonwyZYXnhxETAEC,Machine,2025-09-01,4,single,2.67
4vcDr56fq4Jjxpegx3XPnv,Abracadabra,2,62,FALSE,Lady Gaga,89,42275793,"art pop, pop",3ARwSvDQv2OHYnLeDC3Lxi,MAYHEM,2025-09-01,17,album,3.72
4tniPU1iKcOa0VIjzOVxYi,Blade Of Grass,16,55,FALSE,Lady Gaga,88,42256604,"art pop, pop",3ARwSvDQv2OHYnLeDC3Lxi,MAYHEM,2025-09-01,17,album,4.28
1d9AAVXN2uohnH4Fe07Xxn,Can’t Stop the High,5,64,TRUE,Lady Gaga,88,42237551,"art pop, pop",3ARwSvDQv2OHYnLeDC3Lxi,MAYHEM,2025-09-01,17,album,3.51
59MaR36AmjuKGwOdlvltpT,still smokin,1,43,FALSE,RXRXBBIT,32,592,N/A,5OKzkp4EQQefDX9Lww067D,still smokin,2025-08-31,1,single,2.66
3APNT0fEBIJTvq4uiBJLHo,PRICE,1,20,TRUE,Or Barak,12,2956,avant-garde,0zuA6KKbQjYG1hwxmt1pQj,PRICE,2025-08-29,1,single,2.41
1oBGpzczkEedXYbZXGKSW3,Ridiculous - Stripped,1,31,FALSE,Sounds Kinda Good,19,88,N/A,6VnddTyKeAcHEFzMrjkX4m,Ridiculous (Stripped),2025-08-29,1,single,4.33
3hPGMErh5j3eut1cxcE7nk,Run Girl,1,44,FALSE,Nazaki,42,11904,N/A,0kjh6SGPXj2Qe3yqfWh3ZD,Run Girl,2025-08-29,1,single,2.69
0je57Uq5eTk1wrPzn9sWbl,When Did You Get Hot?,8,91,FALSE,Sabrina Carpenter,91,26538275,pop,1aqg30bNvLSWgShZgX4oop,Man’s Best Friend,2025-08-29,12,album,2.42
5B3GZOZYXNzWpUXQC42hxZ,Sugar Talking,4,84,TRUE,Sabrina Carpenter,91,26559943,pop,1aqg30bNvLSWgShZgX4oop,Man’s Best Friend,2025-08-29,12,album,3.06
42VUCXerQ5qTr4Qp6PhKo4,Tears,2,92,FALSE,Sabrina Carpenter,91,26538275,pop,1aqg30bNvLSWgShZgX4oop,Man’s Best Friend,2025-08-29,12,album,2.66
6zoq5IijpDuManYvVpwn7M,Trapzzoid,1,39,FALSE,Riff Raff,48,193279,N/A,6XZe5zme7iaKbNOinYf3js,Trapzzoid,2025-08-29,1,single,2.32
6U5AgSYUubKMrMDEazfSsF,u don't have to tell me,2,65,FALSE,Artemas,74,1377042,N/A,3mxQzFNEhn2XAr2UvCt2bI,eat me alive / u don't have to tell me,2025-08-29,2,single,2.26
6wkYQMrFfb0huLB5Qn19Iv,We Almost Broke Up Again Last Night,5,82,TRUE,Sabrina Carpenter,91,26559943,pop,1aqg30bNvLSWgShZgX4oop,Man’s Best Friend,2025-08-29,12,album,3.38
5eFnCUhiO9OjpsarGok0wf,Went Legit,1,44,TRUE,G Herbo,69,2482067,"chicago drill, drill",4jQAxiox9aNyRGRCTVI1Sa,Went Legit,2025-08-29,2,single,2.34
4M8sRHq0TWbDjxprUzFPI1,De (feat. Savage Plug),3,46,FALSE,Wegz,61,7437933,"egyptian hip hop, arabic hip hop, mahraganat, egyptian pop",0GaffqvjUTs1g9vDLAKFeV,Aqareb,2025-08-29,12,album,3.41
21IVPfi81m6ywNgOvqTj1i,Don’t Worry I’ll Make You Worry,10,81,TRUE,Sabrina Carpenter,91,26538275,pop,1aqg30bNvLSWgShZgX4oop,Man’s Best Friend,2025-08-29,12,album,3.7
0trJ6hrLHHHaXZYMe1JLnb,El Ayam,9,57,FALSE,Wegz,61,7429055,"egyptian hip hop, arabic hip hop, mahraganat, egyptian pop",0GaffqvjUTs1g9vDLAKFeV,Aqareb,2025-08-29,12,album,2.56
4gXNNBhA7xkBlmAVVoJYO1,Ezay Tfotny,11,48,FALSE,Wegz,61,7437933,"egyptian hip hop, arabic hip hop, mahraganat, egyptian pop",0GaffqvjUTs1g9vDLAKFeV,Aqareb,2025-08-29,12,album,3.16
67a326396ly9tZ126uhV22,Ghareeba (feat. ZIAD ZAZA),10,49,FALSE,Wegz,61,7429055,"egyptian hip hop, arabic hip hop, mahraganat, egyptian pop",0GaffqvjUTs1g9vDLAKFeV,Aqareb,2025-08-29,12,album,4.12
5PdzAFxcCFHe21rtEjpBVL,Girlfriend (feat. Tayc),6,50,FALSE,Wegz,61,7429055,"egyptian hip hop, arabic hip hop, mahraganat, egyptian pop",0GaffqvjUTs1g9vDLAKFeV,Aqareb,2025-08-29,12,album,2.83
4WbE5qrmw9H4RVpjCns7oR,Afterparty,12,52,FALSE,Wegz,61,7433128,"egyptian hip hop, arabic hip hop, mahraganat, egyptian pop",0GaffqvjUTs1g9vDLAKFeV,Aqareb,2025-08-29,12,album,4.07
1Q1BtmfMhRbzZ6uPV3Xk1r,Bad Days,4,54,FALSE,Wegz,61,7433128,"egyptian hip hop, arabic hip hop, mahraganat, egyptian pop",0GaffqvjUTs1g9vDLAKFeV,Aqareb,2025-08-29,12,album,3.26
3GYulbp28vjI5wpIbHCZZc,Bey Ulu ma y Ulu,2,53,FALSE,Wegz,61,7429055,"egyptian hip hop, arabic hip hop, mahraganat, egyptian pop",0GaffqvjUTs1g9vDLAKFeV,Aqareb,2025-08-29,12,album,2.81
0XJ6Z4oBYdQif7z8OVMGC3,Capsula,7,41,FALSE,Wegz,61,7437933,"egyptian hip hop, arabic hip hop, mahraganat, egyptian pop",0GaffqvjUTs1g9vDLAKFeV,Aqareb,2025-08-29,12,album,0.55
1qyw5wSUkEvH8DtaCdx7Lg,Go Go Juice,9,85,TRUE,Sabrina Carpenter,91,26516295,pop,1aqg30bNvLSWgShZgX4oop,Man’s Best Friend,2025-08-29,12,album,3.22
4tVVmShMF2PYdLqcejrsy2,Goodbye,12,84,TRUE,Sabrina Carpenter,91,26559943,pop,1aqg30bNvLSWgShZgX4oop,Man’s Best Friend,2025-08-29,12,album,3.75
25jgQBxuUkGDdCG1WGKKN9,House Tour,11,87,FALSE,Sabrina Carpenter,91,26538275,pop,1aqg30bNvLSWgShZgX4oop,Man’s Best Friend,2025-08-29,12,album,2.82
50s7qiLWfzgpAsDqwfjS5D,In Retrospect,22,46,FALSE,RIELL,52,78423,N/A,3QPuVCy6FrnvYfa2hrRXEX,Hymns For The Bitter,2025-08-29,22,album,2.67
6ydeJnOboT0MCGX16NjDBB,Khesert El Sha3b,1,50,FALSE,Wegz,61,7437933,"egyptian hip hop, arabic hip hop, mahraganat, egyptian pop",0GaffqvjUTs1g9vDLAKFeV,Aqareb,2025-08-29,12,album,2.07
35J5md68GWAKbQ1Ys94S10,Let It Be Me,1,41,FALSE,CADMIUM,48,74002,N/A,4LNj6zVbxWRqCNavH83EuL,Let It Be Me,2025-08-29,1,single,2.65
7rBDz6W2lURrbQihF0xFIL,Mama Afrikya (feat. Seyi Vibez),8,51,FALSE,Wegz,61,7437933,"egyptian hip hop, arabic hip hop, mahraganat, egyptian pop",0GaffqvjUTs1g9vDLAKFeV,Aqareb,2025-08-29,12,album,2.82
2BwO5K8Q7EPAJSGze3AAh9,Manchild,1,88,TRUE,Sabrina Carpenter,91,26559943,pop,1aqg30bNvLSWgShZgX4oop,Man’s Best Friend,2025-08-29,12,album,3.56
5zjmUAGUOv81Pimre15H8L,Mazhar W Mal,5,50,FALSE,Wegz,61,7429055,"egyptian hip hop, arabic hip hop, mahraganat, egyptian pop",0GaffqvjUTs1g9vDLAKFeV,Aqareb,2025-08-29,12,album,2.94
3EMfeKtNK4q4k3sVjwg5Yy,My Man on Willpower,3,85,TRUE,Sabrina Carpenter,91,26559943,pop,1aqg30bNvLSWgShZgX4oop,Man’s Best Friend,2025-08-29,12,album,3.29
1PdUyYYw9sGU0yhLrpeHKt,Never Getting Laid,7,83,TRUE,Sabrina Carpenter,91,26516295,pop,1aqg30bNvLSWgShZgX4oop,Man’s Best Friend,2025-08-29,12,album,3.47
4SRShYMtFIGgnOU7iBicMH,Nobody’s Son,6,88,TRUE,Sabrina Carpenter,91,26538275,pop,1aqg30bNvLSWgShZgX4oop,Man’s Best Friend,2025-08-29,12,album,3.04
0o9g90ucYD4Quisfnm9uyE,mafhashmafhash,6,49,FALSE,Marwan Moussa,61,2649787,"egyptian hip hop, arabic hip hop, egyptian pop, mahraganat",4p50wCLmX3dorhUIDFIYF2,MATADOR,2025-08-28,10,album,2.35
42sQoFE6NB2odEbTGP1vvU,makan fi albak,8,51,FALSE,Marwan Moussa,61,2650667,"egyptian hip hop, arabic hip hop, egyptian pop, mahraganat",4p50wCLmX3dorhUIDFIYF2,MATADOR,2025-08-28,10,album,2.83
2397d2hCrov6ouuoG67dW7,matador,1,49,FALSE,Marwan Moussa,61,2650667,"egyptian hip hop, arabic hip hop, egyptian pop, mahraganat",4p50wCLmX3dorhUIDFIYF2,MATADOR,2025-08-28,10,album,3.08
7lZLhpkDzEtriJsC3CyAKE,matrosh,2,43,FALSE,Marwan Moussa,61,2649787,"egyptian hip hop, arabic hip hop, egyptian pop, mahraganat",4p50wCLmX3dorhUIDFIYF2,MATADOR,2025-08-28,10,album,2.17
4KPlsNrzNcMtwtlMwEsZR5,mshmawgood,7,42,FALSE,Marwan Moussa,61,2652612,"egyptian hip hop, arabic hip hop, egyptian pop, mahraganat",4p50wCLmX3dorhUIDFIYF2,MATADOR,2025-08-28,10,album,2.51
1qhJ837K8NNuB7ryP592uy,tefhaminish ghalat,4,43,FALSE,Marwan Moussa,61,2650667,"egyptian hip hop, arabic hip hop, egyptian pop, mahraganat",4p50wCLmX3dorhUIDFIYF2,MATADOR,2025-08-28,10,album,2.72
7tpn8TEJiZl4yF13Zy64i5,Sacrifice,1,50,FALSE,Elvis Drew,55,68465,dark r&b,10kUMyyx2rqehYusX7gKdy,Sacrifice,2025-08-28,1,single,3.3
4Sh8H0ONFKZRjPwJyrSFzG,shaklekmagnona,5,51,FALSE,Marwan Moussa,61,2652612,"egyptian hip hop, arabic hip hop, egyptian pop, mahraganat",4p50wCLmX3dorhUIDFIYF2,MATADOR,2025-08-28,10,album,2.48
3TAisPOILhuLhGAFCu26Ie,labubu,9,44,FALSE,Marwan Moussa,61,2649787,"egyptian hip hop, arabic hip hop, egyptian pop, mahraganat",4p50wCLmX3dorhUIDFIYF2,MATADOR,2025-08-28,10,album,2.2
3XXm7WLzw3llVqK0aueBSr,Don't u cry,1,53,FALSE,Omido,58,72064,dark r&b,0LwRKWI7LcUEnHHH3LSipe,Don't u cry,2025-08-28,3,single,2.97
7JEHNCntq0PXEBNZfwTH1p,el makaan,3,43,FALSE,Marwan Moussa,61,2649787,"egyptian hip hop, arabic hip hop, egyptian pop, mahraganat",4p50wCLmX3dorhUIDFIYF2,MATADOR,2025-08-28,10,album,2.79
47lhEpLcjypXeM6B1chFaY,faker bas nasy,10,47,FALSE,Marwan Moussa,61,2649787,"egyptian hip hop, arabic hip hop, egyptian pop, mahraganat",4p50wCLmX3dorhUIDFIYF2,MATADOR,2025-08-28,10,album,3.12
44qwFRuzjU1ArExgtzCifq,Fish-Woman (POP Version),1,13,FALSE,Lucas Mazotti,3,3,N/A,5jVHFcoEXErpuh0y1cWQXI,Fish-Woman (POP Version),2025-08-27,1,single,2.63
2JDKuwNu7ppELwLKKhRDVf,I Just Want a Kiss (Brazilian Axé Version),1,13,FALSE,Lia Morena,3,2,N/A,48VRlKgfjgv3fWJllFAysM,I Just Want a Kiss (Brazilian Axé Version),2025-08-27,1,single,2.49
0xDNdoBbBTBFITgFrFelEs,Glória Meu Senhor,4,15,FALSE,Reginaldo de Oliveira,5,21,N/A,6lKsJdCq98Jll0ve3LP5Cp,Reginaldo de Oliveira - As Melhores Volume 01,2025-08-24,12,album,3.83
2UqyAeGC2Wa8cvpBGbfVYO,Quero Lhe Dizer,1,15,FALSE,Reginaldo de Oliveira,5,21,N/A,6lKsJdCq98Jll0ve3LP5Cp,Reginaldo de Oliveira - As Melhores Volume 01,2025-08-24,12,album,4.53
3cw7Ahcd0o9sof1gf0QJZO,She Walked Away (Guitar Ballad Version),1,14,FALSE,NiloSerra,6,4,N/A,5SYdvOhLrQT9OQ1uArT4tI,She Walked Away (Guitar Ballad Version),2025-08-23,1,single,3.71
2wG3D8olWkyEV7Ij57c8gP,Overstimulated,9,34,FALSE,Unlike Pluto,57,398681,N/A,4EeqIKMCBghfKdAXVgsQBt,Kiss Collapse,2025-08-22,17,album,3.13
163ZzedEKDJX88nVA4pG5i,Paranoia,11,34,FALSE,Unlike Pluto,57,398659,N/A,4EeqIKMCBghfKdAXVgsQBt,Kiss Collapse,2025-08-22,17,album,3.3
0ILLfGp9z1pukpjifsfkxx,Running Cold,1,53,FALSE,Besomorph,58,146944,slap house,2M5ycBg9s7P7EsRvjo92K1,Running Cold,2025-08-22,1,single,3.01
79FhzZ45MijTqx3oKsNE1H,Suckerpunch,16,31,FALSE,Unlike Pluto,57,398681,N/A,4EeqIKMCBghfKdAXVgsQBt,Kiss Collapse,2025-08-22,17,album,3.08
23QgcrlHAz4f48jrcc0gVS,Trance,2,37,FALSE,Unlike Pluto,57,398681,N/A,4EeqIKMCBghfKdAXVgsQBt,Kiss Collapse,2025-08-22,17,album,3.12
3t6vhRYuIpX4zlHCTC2h1d,under the mat,10,71,FALSE,sombr,85,2789144,N/A,7mvXPtV4jvA1hp5Wx2FAJA,I Barely Know Her,2025-08-22,10,album,4.74
0TFTAtCYhp2tQ9KcJIZb55,undressed,7,88,FALSE,sombr,85,2795852,N/A,7mvXPtV4jvA1hp5Wx2FAJA,I Barely Know Her,2025-08-22,10,album,3.03
3LAG9KaMrAHQvH19ZuNelC,Unremember - Radio Mix,1,36,FALSE,Russell Watson,38,44378,N/A,3Nubv2yI34gb2QGp9DDk5i,Unremember (Radio Mix),2025-08-22,1,single,2.81
0t1fdMrn7JOg9DDsT95bxt,we never dated,9,78,FALSE,sombr,85,2795852,N/A,7mvXPtV4jvA1hp5Wx2FAJA,I Barely Know Her,2025-08-22,10,album,3.28
5a2a13DODkOuPxRdl07Rtf,Weekend,1,44,FALSE,Jordana Bryant,38,60619,N/A,3kKrFI7Yp9LpO8fFhy1YVa,Weekend,2025-08-22,1,single,2.02
7rybCqVtVtZrZRtfivRxEo,Letting Go,4,37,FALSE,Unlike Pluto,57,398642,N/A,4EeqIKMCBghfKdAXVgsQBt,Kiss Collapse,2025-08-22,17,album,3.39
6PrisFKZoazVPV5LfdLtGo,Like You,1,35,FALSE,LEROCQUE,23,13839,N/A,7HHs0Bl8bEXdEHK7VgxHyh,Like You,2025-08-22,1,single,3.07
1JUzQ21p11mRdSkNVibKtx,Monsoon,2,55,FALSE,Emma Louise,53,88544,N/A,7e7r5fXrnD2eRJEZ6DVnKs,DUMB,2025-08-22,10,album,2.84
0SKrbuSuJDqDyAHsWQv0iQ,Whisper to Me,13,32,FALSE,Unlike Pluto,57,398642,N/A,4EeqIKMCBghfKdAXVgsQBt,Kiss Collapse,2025-08-22,17,album,2.67
7bcR42kK7bleFmFhA5H60r,Wrong,10,33,FALSE,Unlike Pluto,57,398659,N/A,4EeqIKMCBghfKdAXVgsQBt,Kiss Collapse,2025-08-22,17,album,3.26
5m7x8fsagpLnkLmSWYMkTY,Hide my Tears,6,37,FALSE,Unlike Pluto,57,398642,N/A,4EeqIKMCBghfKdAXVgsQBt,Kiss Collapse,2025-08-22,17,album,2.64
3tuaXtuYqmNjWCtf0MNIXC,I know,1,40,FALSE,Pia Baris,24,2256,N/A,2ZStQ51RCZBw8XaWmZyqRS,I know,2025-08-22,1,single,3.25
5Lfdb0KKLWKEns27p20uYt,i wish i knew how to quit you,3,78,FALSE,sombr,85,2795852,N/A,7mvXPtV4jvA1hp5Wx2FAJA,I Barely Know Her,2025-08-22,10,album,3.87
67qycnoZOFJNdziaIJdnDU,I'm Nice Till I'm Not,1,40,FALSE,Kendra Erika,25,8363,french indie pop,58CagVvWiirPgpD8IST7du,I'm Nice Till I'm Not,2025-08-22,1,single,2.84
7rIKx69tPHqAsS8LHlWGhM,If I Disappear,14,36,FALSE,Unlike Pluto,57,398659,N/A,4EeqIKMCBghfKdAXVgsQBt,Kiss Collapse,2025-08-22,17,album,3.15
7KRQnH1mKUEpQk8iwgWMPb,Insanium,15,34,FALSE,Unlike Pluto,57,398681,N/A,4EeqIKMCBghfKdAXVgsQBt,Kiss Collapse,2025-08-22,17,album,2.64
0LVM1OOIe0cWde0py7wm5B,Is My Vision Scarred,5,44,FALSE,Unlike Pluto,57,398681,N/A,4EeqIKMCBghfKdAXVgsQBt,Kiss Collapse,2025-08-22,17,album,3.8
261jWBGVjAGH4SuOEVLlvO,come closer,8,71,FALSE,sombr,85,2789144,N/A,7mvXPtV4jvA1hp5Wx2FAJA,I Barely Know Her,2025-08-22,10,album,3.23
76UgN1xUxb4dfPCVX20U0n,Crown,12,32,FALSE,Unlike Pluto,57,398642,N/A,4EeqIKMCBghfKdAXVgsQBt,Kiss Collapse,2025-08-22,17,album,2.91
2pQoErkcTbLdQLnUtMYvuZ,crushing,1,76,FALSE,sombr,85,2802094,N/A,7mvXPtV4jvA1hp5Wx2FAJA,I Barely Know Her,2025-08-22,10,album,3.45
1GxLgrcumcN3TpWnrYQ9pV,dime,6,68,FALSE,sombr,85,2795852,N/A,7mvXPtV4jvA1hp5Wx2FAJA,I Barely Know Her,2025-08-22,10,album,3.76
05od2qm2MTSKCHxy1GBp5W,12 to 12,2,89,FALSE,sombr,85,2795852,N/A,7mvXPtV4jvA1hp5Wx2FAJA,I Barely Know Her,2025-08-22,10,album,4.04
1jWMfRFjBpuuI4cXS0UXvC,50 50,8,33,FALSE,Unlike Pluto,57,398642,N/A,4EeqIKMCBghfKdAXVgsQBt,Kiss Collapse,2025-08-22,17,album,3
4Mbh5ixzAzmnJpEpdRcuZC,After the Rain,17,33,FALSE,Unlike Pluto,57,398659,N/A,4EeqIKMCBghfKdAXVgsQBt,Kiss Collapse,2025-08-22,17,album,2.93
7qjZnBKE73H4Oxkopwulqe,back to friends,4,91,FALSE,sombr,85,2789144,N/A,7mvXPtV4jvA1hp5Wx2FAJA,I Barely Know Her,2025-08-22,10,album,3.31
6KSp46BNzfuJdNJrdU77wf,Bad Reaction,2,21,FALSE,L3NA,17,134,N/A,5GZWmQYBiEy0Weze8ROmYg,Bad Reaction,2025-08-22,4,single,2.74
3xdvASc5xe9ccUaP3T4FaT,Betray,7,34,FALSE,Unlike Pluto,57,398681,N/A,4EeqIKMCBghfKdAXVgsQBt,Kiss Collapse,2025-08-22,17,album,2.94
7LuzjzUXiJge2Ql3Lqv8x8,Bleed Me Dry,3,36,FALSE,Unlike Pluto,57,398681,N/A,4EeqIKMCBghfKdAXVgsQBt,Kiss Collapse,2025-08-22,17,album,3.16
7lOVZltduRLXe6WTpdzDd4,Bloom,1,38,FALSE,Shelita,23,462,N/A,4h78HFCwljzgNCVjXQWy1i,Bloom,2025-08-22,1,single,3.41
66ds3pLhmjn33UIQUaVJCb,Boom,1,39,FALSE,Unlike Pluto,57,398659,N/A,4EeqIKMCBghfKdAXVgsQBt,Kiss Collapse,2025-08-22,17,album,2.85
0KtV18BLmyIOYHCSISmVl9,canal street,5,73,FALSE,sombr,85,2809275,N/A,7mvXPtV4jvA1hp5Wx2FAJA,I Barely Know Her,2025-08-22,10,album,5.04
0VvjNKaNygEcp14lV5a0rW,Summer Haze,1,34,FALSE,BETHY,18,824,N/A,4yE34Y8GLsFTh2fX7nfQsQ,Summer Haze,2025-08-21,1,single,4.06
1IfGOnXoMBkiKC9xljlSfa,Jealous Type,1,81,TRUE,Doja Cat,86,34748949,N/A,5faw0b6BBJiTHGNl9aaoc5,Jealous Type,2025-08-21,1,single,2.72
0GfRE79TiIUuL4m3C6xsXC,You´re my Best - Pop,1,16,FALSE,Samantha Lux,4,423,N/A,5qJkNWE1EzztdRCgKlKZJu,You´re my Best (Pop),2025-08-20,1,single,2.73
3gQVGuji0qQJipJGYbP88J,Secrets with Strangers,1,48,FALSE,Skrizzly Adams,43,30470,N/A,2V0W7cCSt8mUphmqVmTsoy,Secrets with Strangers,2025-08-19,2,single,3.59
397hsxcaOhCa69abUaSMZO,Impressions,1,46,TRUE,Lil Q,33,321,N/A,6JuYMsjMhcwucG6d1bHBHe,Impressions,2025-08-19,1,single,2.2
3dlsM9f2tA0NmLmi69iaaL,The Summer’s Here,1,14,FALSE,The Queen Wasps,5,5,N/A,0z2o2IkYjU8LvUKllZjFtk,The Summer’s Here,2025-08-19,1,single,3
5sd3NwCj01EcL3Fh1qIdxW,the happy you were after,1,36,FALSE,Anaumali,18,148,N/A,7vhf1ysYoDNBoUTcgwMAa9,the happy you were after,2025-08-15,1,single,4.88
5iH81hIpxAYJKrominvxST,Make Believe,1,65,FALSE,Luke Dean,60,27567,house,5rz0T4v8f8U8fdZeq93BhH,Make Believe,2025-08-15,1,single,3.08
1qbmS6ep2hbBRaEZFpn7BX,Man I Need,1,95,FALSE,Olivia Dean,88,1499215,pop soul,0Bv6OJO0L5gcf20DMww54a,Man I Need,2025-08-15,3,single,3.06
6yxZxKwf5HzBNlcdKDjvTL,MEN DONT CRY,12,15,TRUE,Seven Kay,5,156,N/A,02sCZlBqPGO4OBLdVW1aj6,M.I.A,2025-08-15,14,album,3.88
56n4ZSuQrwdLjfx4UUrMvP,Golden Hour,1,45,FALSE,Xander Ward,35,729,N/A,3jR0eVJx6EzNqQd5zNf4NY,Golden Hour,2025-08-15,1,single,3.18
2R0UTPkgJFKpcZC8vhoHZl,Southern Country Girl,1,49,FALSE,2'Live Bre,32,3893,christian hip hop,5ceJDO3CJiol9w4XlgqX3u,Southern Country Girl,2025-08-15,1,single,2.93
6Ur4ZVoemg8EI6WT7aHBWk,downtown,1,62,TRUE,Lil Peep,82,15702014,"emo rap, cloud rap",1oaHlsVVHDlbcxYTtoFB56,downtown,2025-08-15,1,single,2.03
3Vd5LhtK4BdKF1xv2m9Jvn,Fade,1,27,FALSE,Shelita,23,462,N/A,4dKcC3zpc2Jlo845dIijW2,Fade,2025-08-15,1,single,3.75
7Faw7cTX2PdZOTDCpQLgEc,Flowers,1,30,FALSE,Stone Canyons,13,27,N/A,09m1hUTw9QMA6t7jHxeaWM,Flowers,2025-08-15,1,single,3.24
4oCxqkJBlu0pRazATMbyi7,Thats All I Do,1,12,TRUE,Christian Ray Taylor,2,10,N/A,7hWTDF8m0yY8bPwtiCCLdJ,Thats All I Do,2025-08-14,1,single,2.98
5hPPXcfUcTK3NFTycU94rh,I'm in Love,1,64,FALSE,ConKi,61,26095,N/A,6bNZ64ZdTHNUGsU5euFJF8,I'm in Love,2025-08-14,1,single,2.63
0pgkF1o9pNhBJrbQQoxItL,I’m All In (Rock 80`s Version),1,14,FALSE,The Raven Vox,4,8,N/A,7ps7tRg4B7JMZOQoTC1KBN,I’m All In (Rock 80`s Version),2025-08-12,1,single,3.8
7JnVFO5eZ9Rys19qSDUyMy,goddamn,4,65,TRUE,mgk,78,5643375,N/A,30aIA1FrouOX9kHxP4dEr6,lost americana,2025-08-08,13,album,3.11
1i8OulO4qZquTNtQ0jwmH7,greece n' paris,1,38,TRUE,Orlando Kallen,25,2136,N/A,6LmOzFbOwxJLOxVoyW9dxt,greece n' paris,2025-08-08,2,single,3.21
0U1nO2frLx8w2dIsfvlP1d,Hell At Night (feat. Ella Langley),1,76,FALSE,BigXthaPlug,79,2059774,southern hip hop,1Nn0cOJPNZqKJlkq4AgY2V,Hell At Night (feat. Ella Langley),2025-08-08,1,single,2.98
5Xnkr4b6swk6BA5IinCIlU,Holy Water,1,73,FALSE,Marshmello,80,34481381,edm,6DD756fhA5jj74FmDBncgU,Holy Water,2025-08-08,1,single,2.49
0Dr8dPVFXuXfs7I5tOR7qh,CRAZY,2,50,FALSE,Frankie Muriel,38,805,N/A,7D60q4F6YlYf15R8tS6Rmv,IM STILL STANDING,2025-08-08,9,album,3.9
2HgDumIk9acxBvCvgahJEO,Get Down,1,49,TRUE,Uhfwea,30,193,N/A,1cmOmFV9V0LIB2Nv6cE9gV,Get Down,2025-08-08,1,single,1.85
0WsC4ETIXyiHDMXRaPMvKe,wgft (feat. Burna Boy),9,78,TRUE,Gunna,85,10342615,melodic rap,6l2aad6LJghHkbd0KX1f7w,The Last Wun,2025-08-08,25,album,3.07
1DUgMWUUmDtJUzmpIKx7CE,Nights We Won't Remember,1,11,FALSE,Night Acclaim,2,940,N/A,7poir4vlqifH2PPtGUtnS1,What Just Happened?,2025-08-08,4,single,2.93
2tcz7HF2mUWvefPMq1RDF4,PRAY,1,45,FALSE,Mandrazo,48,10272,N/A,0PnBzz0Kl63sKtyKF12DSE,PRAY,2025-08-08,3,single,3.14
1Gg5pL7dEApcVrWbannKOt,Good To You,1,29,FALSE,Lila Wilde,13,687,N/A,6HpQVJ1b1ArDMVBqQklM8Y,Good To You,2025-08-07,1,single,3.17
0BkksDntUg0lunbHeuWaWh,need u,1,48,FALSE,Minzie,46,7240,dark r&b,05SRuJh4SxmYmQ3DSr03PW,need u,2025-08-07,3,single,2.43
75kTndbdVt63ZZYo8mquvv,Clarity,1,53,FALSE,Hanno,45,2752,N/A,6wjN4wat4XT0BLQcN0br2z,Clarity,2025-08-07,1,single,2.97
46yD4yZk5XdaLWM6WSN8cC,forever be mine (feat. Wizkid),1,64,TRUE,Gunna,85,10342615,melodic rap,7tWxhICLUYrxpalqEqT4kT,forever be mine (feat. Wizkid),2025-08-07,1,single,2.88
1QmMyDmfHyCMsk2CRuyVZb,Sunshine,2,42,TRUE,Luck,29,11860,N/A,0yYTIlFiTS9bCE7xSSCD7h,It Wasn't Luck The LP,2025-08-07,17,album,3.6
2GFawZaMjG8QLxiR4OD3db,Take Me Thru Dere,5,69,TRUE,Metro Boomin,84,11683338,N/A,48UcYpGBpoNhEJriPfZFWJ,Metro Boomin Presents: A Futuristic Summa (Hosted by DJ Spinz),2025-08-01,24,album,2.71
2SsY5k7UWFqgye3PUMG3Oq,The Subway,1,87,TRUE,Chappell Roan,82,7310428,N/A,7GlwcUYHB99l7k13I2Hira,The Subway,2025-08-01,1,single,4.2
2R1JBaPdZd9CSJtk1Vkj1Z,What Love Feels Like (feat. Nathan Nicholson),1,50,FALSE,Frank Walker,50,114271,N/A,14RuQ06spKnUjCC59QZF97,What Love Feels Like (feat. Nathan Nicholson),2025-08-01,1,single,3.35
7Dh4j5JltkdH159xm77JiF,Crazy,1,72,TRUE,Myles Lloyd,56,38082,N/A,4Xqf8b22c4vUcl9PFEmy50,Crazy,2025-08-01,1,single,2.71
7xP3Sw9JZdKk2tPd7MPUm1,Free Your Mind,1,26,FALSE,Honey Gentry,34,35406,N/A,3O9B6bc6bN5zXvdWWLSDhm,Free Your Mind,2025-08-01,1,single,4.21
3hBzKgqQKkChH9hyb3MhmT,I Think I Like You Better When You’re Gone,10,80,TRUE,Reneé Rapp,72,1261419,N/A,6ULnaZahd0zTGVUBVQO6mN,BITE ME,2025-08-01,12,album,2.38
44t9rTRjK82lBbZwuePQOE,Leave Me Alone,1,73,TRUE,Reneé Rapp,72,1262133,N/A,6ULnaZahd0zTGVUBVQO6mN,BITE ME,2025-08-01,12,album,2.36
4LlENgPKabBMejs6sPFD6z,No 1 But U,1,32,FALSE,Olivia Bragoli,20,1099,N/A,4PSV4pJgO659gYdqsNZGXU,No 1 But U,2025-08-01,1,single,2.82
1jTe5liUdnRjbie1luBi6J,Is It a Crime,1,69,TRUE,Mariah the Scientist,73,1178436,alternative r&b,7jafwvgoGHW0JJGxQMgOci,Is It a Crime,2025-07-31,2,single,3.02
4TkNyuyiF2YgYi0FAabEqI,Hurt Me Most,1,41,FALSE,weknewnothing,27,3637,N/A,7tMILtZ1XQJMgcycmpm7Xq,Hurt Me Most,2025-07-25,6,single,2.36
0t3pcqgBjuAVBgY2oEUIlH,It Depends (feat. Bryson Tiller),1,79,TRUE,Chris Brown,87,28327351,r&b,6FA7O8oQl5eReFrDYjkusP,It Depends (feat. Bryson Tiller),2025-07-25,1,single,4.53
6tlZIGGXozhQpYyKesjwWL,Back in the Saddle,1,76,FALSE,Luke Combs,83,13397845,country,5zx6pJUEcQKKA7k8hBNkUJ,Back in the Saddle,2025-07-25,1,single,3.55
5FMyXeZ0reYloRTiCkPprT,Which One (feat. Central Cee),1,83,TRUE,Drake,95,103067383,rap,4TWJJZmgYm6tE6PzqpluQ0,Which One,2025-07-25,1,single,2.81
3htoQPC7v5x04gWCQz1y2S,WRONG,2,76,FALSE,Chris Grey,72,968416,dark r&b,6mSpxfnTwcvHKJqPFfF6KA,FUNHOUSE / WRONG,2025-07-25,2,single,2.95
0szmDue1FCIpLC9SBs7fbU,My Girl,1,66,FALSE,Isabel LaRosa,71,2569728,N/A,19dLWMBcqXwZy0Lv7nxRjb,My Girl,2025-07-25,1,single,2.95
2AeE8YVDtQmu3yYDR8Odlh,Talk Tonight,1,41,FALSE,Kenzo Cregan,27,3665,N/A,1ard7d6BBkxNbL0sxIHvc4,Talk Tonight,2025-07-25,2,single,3.1
2MZeoO5my5Z2opiQHm150R,d£aler,1,75,TRUE,Lola Young,77,1460038,N/A,7ikoTkIbCm6jpWOHa9Cwde,d£aler,2025-07-25,3,single,2.67
1Iw5iLfAwDvS6frI82gMoV,End Of Summer,1,72,FALSE,Tame Impala,84,9509731,"neo-psychedelic, indie",3kgOKo0TlU22INB7U0Rqdj,End Of Summer,2025-07-25,1,single,7.2
4WSuaGf6t5hMQg51S7M2MV,Girlie-Pop!,1,34,FALSE,Amaarae,64,577324,"alté, afrobeats, afro r&b",0OUK6jlKyr6CMC6ZfUtz23,Girlie-Pop!,2025-07-25,2,single,2.06
6MrLkXsMmHaYt680fhJUAq,12 to 12,1,85,FALSE,sombr,85,2802094,N/A,2TrTb21wiXbwQohvN1UfFV,12 to 12,2025-07-24,1,single,4.04
47mNWUCgJoXqVWb3UZytVa,To Be Free,1,61,FALSE,Sam Smith,81,26278854,soft pop,4CbMJCzMlzyEByCi84kllb,To Be Free,2025-07-24,1,single,4.25
4CfLcQF1pdYRvMqyyCJfxN,Too Toxic,1,41,FALSE,Ashlee Keating,23,2754,N/A,0hjSuC170zrDhzo606HNvV,Too Toxic,2025-07-24,1,single,2.43
2Xoe7k4vhfDQQvK6J8da6t,Kinda Like,1,45,FALSE,Bruklin,40,4550,N/A,5uwHcTv2yXjrzTcCaGRUx8,Kinda Like,2025-07-22,1,single,2.72
5EOE2cTQf4HncjsOo97KKN,Na Sua Estação,1,13,FALSE,Emm Nascimento,2,42,N/A,4shl5xC3cgPLLJ5GwNYJ0I,Na SUA ESTAÇÃO,2025-07-22,1,single,3.41
6xV7Be6XEvkSnighmh2Tzj,Sugar On My Tongue,2,90,TRUE,"Tyler, The Creator",86,24420596,N/A,1jzv3jwZbt8lYfEtMjiD1R,DON'T TAP THE GLASS,2025-07-21,10,album,2.55
7wMnlYWFlogro7Xv2pgmUj,Surrender,1,48,TRUE,Besomorph,58,146969,slap house,3TU182B1pIyBMS8ivT8frO,Surrender,2025-07-18,1,single,2.72
2tAvRoEE2g5IukKQlHhdvm,third degree,1,41,TRUE,davvn,36,32967,N/A,21DyQCFJhDNPIzX4HB79kH,third degree,2025-07-18,3,single,3.13
6vZQyctr2qT2KI0FGxlq3o,Time,1,18,FALSE,Sim Lakia,4,810,N/A,13JhM0FzOjqWBHlAcRRidJ,Time,2025-07-18,1,single,2.78
3efgVA2yxnPiMqfT3y04Rd,used to,1,34,FALSE,Alaina Castillo,46,173092,N/A,0BA0bcHBG0vW0KxunR9Wv8,used to,2025-07-18,1,single,3.46
6wHpLMmp98aHcV8L1JFrj8,Eternity,1,87,FALSE,Alex Warren,84,2885506,N/A,6FyViQsaJnS1e5if4ouzGK,"You'll Be Alright, Kid",2025-07-18,21,album,3.15
0m00au0MMoII2767mu4sj7,All This Time,1,65,FALSE,Sonny Fodera,66,306513,house,2VpQLsVZOBVzuDmTHsQETP,All This Time,2025-07-18,1,single,3.73
1mduxXxLvhu5OzebDWMYqX,This is the Killer Speaking,1,59,TRUE,The Last Dinner Party,66,668762,N/A,1ztxCUku3RIu2lBs0cJdDn,This is the Killer Speaking,2025-07-17,1,single,4.91
3XpY6XeVXRPt3b71mtM8wI,Happy Then,1,48,FALSE,AKI,45,754,N/A,1SUezwpHwME1St1VE0F4iL,Happy Then,2025-07-17,1,single,2.05
6YggkCJwokciQdyL9Zbx4H,I Can’t Lose,1,62,FALSE,Jonas Brothers,75,7761454,N/A,7LcGaAcnk6YyBJzNpW24LZ,I Can't Lose,2025-07-16,1,single,3.05
2kTnXxFUsLjpdkCf4PEPKg,Perfectly,1,57,FALSE,FKA twigs,63,1441722,"art pop, alternative r&b",46WZk8LNyCZvf04uSdwDyD,Perfectly,2025-07-16,1,single,3.84
36PSXArCYAPPQFYbsosxE0,Vim Ti Agradecer,1,16,FALSE,Paulo Henrique David,14,979,agronejo,0A9ouwiJDkc3OCkAbeZyGr,Vim Ti Agradecer,2025-07-16,1,single,4.74
5kyEFLnypTwNgVAWO5nN4N,WANT U,1,43,FALSE,BURY,52,21811,dark r&b,7CyJVes1ALqBFkD4mYMrZZ,WANT U,2025-07-16,3,single,2.59
5H0FZbH9yGZWVzqG3613ds,Real Love,1,36,FALSE,Antonin Herbeck,27,268,N/A,0nvMGCz09vVwqpj9FieP8F,Real Love,2025-07-12,1,single,3.89
5PAKAADzrSpMDxcaRpSDCm,SOULFUL,9,59,TRUE,Justin Bieber,91,85034636,"pop, contemporary r&b",5vD5M5VW62LL78Ko8x0CVZ,SWAG,2025-07-11,21,album,0.61
5YiIOND9ZK72GaknWgiGqh,STANDING ON BUSINESS,16,57,TRUE,Justin Bieber,91,85008100,"pop, contemporary r&b",5vD5M5VW62LL78Ko8x0CVZ,SWAG,2025-07-11,21,album,0.83
7H6hs7WkNG48fS3agm63MR,GLORY VOICE MEMO,11,61,FALSE,Justin Bieber,91,85022258,"pop, contemporary r&b",5vD5M5VW62LL78Ko8x0CVZ,SWAG,2025-07-11,21,album,1.4
01p5urrGw5fuFCcfT7PBgc,GO BABY,4,75,FALSE,Justin Bieber,91,85034636,"pop, contemporary r&b",5vD5M5VW62LL78Ko8x0CVZ,SWAG,2025-07-11,21,album,3.24
1VHxhs9gPqE2Bo1M5fy0pe,i lied,1,59,TRUE,Cheyanne,49,19227,dark r&b,4jAt7Kah0mMlqnJENmPGsw,i lied,2025-07-11,3,single,2.76
6VtnFrAkjkCsDLTdH1IsrL,i'm still alone,1,47,TRUE,"sorry, alone",29,546,N/A,52HRzedndGmvIs7jksMbF9,i'm still alone,2025-07-11,3,single,2.62
5H1sKFMzDeMtXwND3V6hRY,JUMP,1,90,FALSE,BLACKPINK,81,56152334,k-pop,3hzoZlx2KwtvJEUl9piPWr,JUMP,2025-07-11,1,single,2.74
7gCautqfD7CCdrN33GrRd8,405,17,63,FALSE,Justin Bieber,91,85008100,"pop, contemporary r&b",5vD5M5VW62LL78Ko8x0CVZ,SWAG,2025-07-11,21,album,3.54
72PVbRKkUimweUPV0nKAPs,ALL I CAN TAKE,1,71,FALSE,Justin Bieber,91,85050158,"pop, contemporary r&b",5vD5M5VW62LL78Ko8x0CVZ,SWAG,2025-07-11,21,album,4.12
0lUXjVdwD90F7coLj0aabz,Alright,1,45,FALSE,Scoobert Doobert,36,5521,N/A,1wvfvKidzPjbiGFBEb0n5T,Alright,2025-07-11,1,single,3.36
5cfsQZEFf1IpQr8F9vI9le,BUTTERFLIES,6,67,FALSE,Justin Bieber,91,85008100,"pop, contemporary r&b",5vD5M5VW62LL78Ko8x0CVZ,SWAG,2025-07-11,21,album,3.22
1MVT5RV5LTO4FQ4bUKjvRr,no one ever warns you,1,32,FALSE,Olivia Soli,15,2381,N/A,6IMrYT25DPqimzpTOjtbwm,no one ever warns you,2025-07-11,1,single,3.25
5WqA7iqtEMmnN9nkdTSW2p,Out Of The Dark,1,52,FALSE,LMNT 115,35,5813,N/A,1iTQQDXtrER9NQZMPGqKfZ,Out Of The Dark,2025-07-11,1,single,2.53
3WQ5w7ruC3c861lHXF9Gs2,SWAG,18,65,TRUE,Justin Bieber,91,85008100,"pop, contemporary r&b",5vD5M5VW62LL78Ko8x0CVZ,SWAG,2025-07-11,21,album,2.5
6AX3i1TluzbvpJpKrY7NoD,SWEET SPOT,15,66,TRUE,Justin Bieber,91,85022258,"pop, contemporary r&b",5vD5M5VW62LL78Ko8x0CVZ,SWAG,2025-07-11,21,album,3.08
7tZlvvEpX3FEFoYsOI55FB,THERAPY SESSION,14,58,TRUE,Justin Bieber,91,85022258,"pop, contemporary r&b",5vD5M5VW62LL78Ko8x0CVZ,SWAG,2025-07-11,21,album,1.31
1j8TmNa6vaFAEAws43kP0Q,THINGS YOU DO,5,70,FALSE,Justin Bieber,91,85022258,"pop, contemporary r&b",5vD5M5VW62LL78Ko8x0CVZ,SWAG,2025-07-11,21,album,1.8
422PeUrBywndaCCxL6bDBj,TOO LONG,20,65,TRUE,Justin Bieber,91,85008100,"pop, contemporary r&b",5vD5M5VW62LL78Ko8x0CVZ,SWAG,2025-07-11,21,album,3.07
6Ql76QUTIXajTh9cVjrAZl,Vodka Cranberry,1,72,FALSE,Conan Gray,79,12428221,N/A,0Z5FaBjNQ1sZ2Udunf17Jt,Vodka Cranberry,2025-07-11,2,single,4.09
0LutvoC2HqCfnaRSjrhtzo,WALKING AWAY,10,74,TRUE,Justin Bieber,91,85008100,"pop, contemporary r&b",5vD5M5VW62LL78Ko8x0CVZ,SWAG,2025-07-11,21,album,4.06
1r3uOHPoiIv89Xb6K9bDH4,WAY IT IS,7,71,FALSE,Justin Bieber,91,85008100,"pop, contemporary r&b",5vD5M5VW62LL78Ko8x0CVZ,SWAG,2025-07-11,21,album,3.25
29iva9idM6rFCPUlu7Rhxl,YUKON,3,86,FALSE,Justin Bieber,91,85034636,"pop, contemporary r&b",5vD5M5VW62LL78Ko8x0CVZ,SWAG,2025-07-11,21,album,2.73
3xytfOwki3uHqzhvMWI6HN,ZUMA HOUSE,19,59,FALSE,Justin Bieber,91,85008100,"pop, contemporary r&b",5vD5M5VW62LL78Ko8x0CVZ,SWAG,2025-07-11,21,album,1.38
314Bm4FZgcJYpK6VqBARct,Crash the Car,1,23,FALSE,RiSi,11,1182,N/A,6WWldHD7MvCRzu0LPFFmmx,Crash the Car,2025-07-11,3,single,3.07
2qqylaMQ54zfveakMkDULI,DADZ LOVE,13,61,FALSE,Justin Bieber,91,85008100,"pop, contemporary r&b",5vD5M5VW62LL78Ko8x0CVZ,SWAG,2025-07-11,21,album,2.41
5BZsQlgw21vDOAjoqkNgKb,DAISIES,2,91,FALSE,Justin Bieber,91,85008100,"pop, contemporary r&b",5vD5M5VW62LL78Ko8x0CVZ,SWAG,2025-07-11,21,album,2.94
4uyBm26e7ElRigCH6vRbpc,DEVOTION,12,72,FALSE,Justin Bieber,91,85008100,"pop, contemporary r&b",5vD5M5VW62LL78Ko8x0CVZ,SWAG,2025-07-11,21,album,3.9
54TzZ98fEAgD5494xU4n3F,Eu confio em Deus,1,19,FALSE,Friends & Praise,5,37,N/A,7sFmIihgYZ2w1suYcAfV51,Eu confio em Deus,2025-07-11,1,single,5.01
4ZZJ7S4Z1pEIvTUgN1oRzS,FIRST PLACE,8,65,FALSE,Justin Bieber,91,85008100,"pop, contemporary r&b",5vD5M5VW62LL78Ko8x0CVZ,SWAG,2025-07-11,21,album,3.34
1U6lXyWjfpeKHkiPnpy7Qu,FORGIVENESS,21,57,FALSE,Marvin Winans,47,168546,"gospel, gospel r&b",5vD5M5VW62LL78Ko8x0CVZ,SWAG,2025-07-11,21,album,1.51
6NFYeAeCn56i1LmRe2jN2U,6 foot with my boots on,1,39,FALSE,Cwby,37,11588,N/A,0UfGdqLPeZoNagR2oN1COi,6 foot with my boots on,2025-07-04,1,single,2.87
4tC01INaxF5Ho7tgfckbAO,u wanted me,1,38,FALSE,Waytoolost,21,169,N/A,0KI0kl8Yb0JKq9nZ1ngoAf,u wanted me,2025-07-03,3,single,2.01
5vXPLxljVKyHDHuv3kIuKV,Survive,1,78,FALSE,Lewis Capaldi,79,14043382,soft pop,5d12unL3OeoaDLUAgdVEhA,Survive,2025-06-27,1,single,3.75
3X5BaX4nDeHQUJC5nLsiTy,Sweat On Your Skin,1,53,TRUE,Rumelis,48,8682,dark r&b,0AieyyRD1TJFnH6Sn9ux17,Sweat On Your Skin,2025-06-27,3,single,2.33
4lr0gkzww6gsKFilDZF44i,Sweat On Your Skin - Slowed,2,46,TRUE,Rumelis,49,8802,dark r&b,0AieyyRD1TJFnH6Sn9ux17,Sweat On Your Skin,2025-06-27,3,single,2.47
2vMXaguuN4UKXfoRlxySuG,undertones (therapy on my wishlist),1,45,FALSE,Chelan,35,11991,N/A,1FMGX0Ur23K4ZyONyb237T,undertones (therapy on my wishlist),2025-06-27,2,single,2.47
6ghDayhHeBXAP4OOnnrFW9,David,11,78,FALSE,Lorde,80,10541250,N/A,28bHj2enHkHVFLwuWmkwlQ,Virgin,2025-06-27,11,album,3.41
6kBtuFVssWq2rORvq2ssXS,Dirty Work (feat. Flo Milli),2,54,TRUE,aespa,76,9769257,k-pop,3L7i2VqeznnAqX5BG6gm3H,Dirty Work,2025-06-27,4,single,3
7Eb9i3xmiLuY5MiY6AhzzL,Last One To Know,1,72,FALSE,Gavin Adcock,71,476523,"country, red dirt",4zzLitRvQXzr4Eu2UVz0Nh,Last One To Know,2025-06-27,2,single,2.95
1WKafez8TM4dVYlSsxi6dS,Always Love featuring Hyunjin (Stray Kids),1,72,FALSE,d4vd,79,4683168,N/A,4qtnEKxJRzN4nqgM5kE84a,Always Love featuring Hyunjin (Stray Kids),2025-06-27,1,single,3.3
0UsJ9rmUdyUkggAWRDRp3T,Beach Babe,1,44,FALSE,Xander Ward,35,729,N/A,4u0sI6t9BoNvMhf8xTVSLZ,Beach Babe,2025-06-27,3,single,3.55
7H7SIkUTvK6LTuadr2qmzl,Casual,1,34,TRUE,Valentin,40,2157,N/A,586RQCxat4GbnCU9EGBLSa,Casual,2025-06-27,1,single,3.76
609ouDQ0nUbC68l3qeVNX4,Meant To Be,1,47,FALSE,Besomorph,58,146969,slap house,3uU1JRkkgP59SklqSYtD37,Meant To Be,2025-06-27,1,single,2.95
1tMRh8jiYlmatpVeWWesCe,On My Mind,1,70,FALSE,Alex Warren,84,2885506,N/A,128pqckLyL3mr3SJwpUZun,On My Mind,2025-06-27,1,single,3.15
2TAhdTIonAtbaTSeOKI2Df,not a love song,1,52,TRUE,Elvis Drew,55,68408,dark r&b,62McqscJGrneiBQoLgnidH,not a love song,2025-06-26,3,single,3.1
27qC3KK5wjQzyNenY53fep,F1,1,63,FALSE,Hans Zimmer,77,4780589,soundtrack,5TNQ53hp55WtBA1H8LYtMw,F1 The Album (Cinematic Edition),2025-06-26,32,album,3.22
5DxDLsW6PsLz5gkwC7Mk5S,Free,8,91,FALSE,Rumi,72,220991,N/A,14JkAa6IiFaOh5s0nMyMU9,KPop Demon Hunters (Soundtrack from the Netflix Film),2025-06-20,12,album,3.13
1xOqGUkyxGQRdCvGpvWKmL,Gabriela,1,92,FALSE,KATSEYE,82,5242034,k-pop,6rpin9IVOuBEWBYnrA9hft,Gabriela,2025-06-20,2,single,3.28
6ugu9WpCEHXmns0PiqYTU1,Not Like That Anymore,1,64,TRUE,Lola Young,77,1461346,N/A,3ff8F0Upi70Lo0i26CYGHn,Not Like That Anymore,2025-06-20,2,single,3.37
139nLHDFZNr3anx8CpUy7u,Outside,1,67,TRUE,Cardi B,81,25956015,N/A,3yFZYSdLY7V209cDXPEeae,Outside,2025-06-20,1,single,3.44
57Z6TJCTMACXxdrcwZ3Zvf,Phantom,8,82,TRUE,EsDeeKid,74,253650,N/A,1TP95xOGiWqdVOu4hGbuug,Rebel,2025-06-20,11,album,1.82
02sy7FAs8dkDNYsHp4Ul3f,Soda Pop,3,94,FALSE,Saja Boys,80,2234812,N/A,14JkAa6IiFaOh5s0nMyMU9,KPop Demon Hunters (Soundtrack from the Netflix Film),2025-06-20,12,album,2.51
6Q3lFQgpvhA9VApFKLFZtZ,Strategy,5,84,FALSE,TWICE,83,23342437,k-pop,14JkAa6IiFaOh5s0nMyMU9,KPop Demon Hunters (Soundtrack from the Netflix Film),2025-06-20,12,album,2.81
0MHStU0muAIEMbwdnebYu2,Takedown,6,91,FALSE,HUNTR/X,87,3568209,k-pop,14JkAa6IiFaOh5s0nMyMU9,KPop Demon Hunters (Soundtrack from the Netflix Film),2025-06-20,12,album,3.03
1rKQjUhF9zFJmuUotr3VkV,"TAKEDOWN (JEONGYEON, JIHYO, CHAEYOUNG)",1,86,FALSE,TWICE,83,23326731,k-pop,14JkAa6IiFaOh5s0nMyMU9,KPop Demon Hunters (Soundtrack from the Netflix Film),2025-06-20,12,album,3.01
5sBDrrtLGbV64QJnEqfjer,What It Sounds Like,9,92,FALSE,HUNTR/X,87,3568209,k-pop,14JkAa6IiFaOh5s0nMyMU9,KPop Demon Hunters (Soundtrack from the Netflix Film),2025-06-20,12,album,4.17
4Km9FSF9iaQiTLnFPdbPom,6 Months Later,1,76,FALSE,Megan Moroney,73,1163610,country,0JGIg3ny1crTowB0Qi1Zx1,6 Months Later,2025-06-20,1,single,3.04
08lwoqbPtnLRzBZW92dm0l,All over me,2,52,FALSE,HAIM,65,1436277,N/A,6bpglEwFypc0rfzYDyhf6i,I quit,2025-06-20,15,album,3.37
1CPZ5BxNNd0n0nF4Orb9JS,Golden,4,99,FALSE,HUNTR/X,87,3551538,k-pop,14JkAa6IiFaOh5s0nMyMU9,KPop Demon Hunters (Soundtrack from the Netflix Film),2025-06-20,12,album,3.24
3RXUgPNIbUgFxsDWuBQEt6,How It’s Done,2,93,FALSE,HUNTR/X,87,3535849,k-pop,14JkAa6IiFaOh5s0nMyMU9,KPop Demon Hunters (Soundtrack from the Netflix Film),2025-06-20,12,album,2.93
0oMnZAeeSxaqSwzs14I5YW,You Don't,1,43,FALSE,Anna Marx,34,1693,N/A,2dgom6HWKcPEo0NzqUce8n,You Don't,2025-06-20,3,single,2.36
1I37Zz2g3hk9eWxaNkj031,Your Idol,7,93,FALSE,Saja Boys,80,2234812,N/A,14JkAa6IiFaOh5s0nMyMU9,KPop Demon Hunters (Soundtrack from the Netflix Film),2025-06-20,12,album,3.19
5ERfbppCElVkUmpBzK4Upz,Wide Open Spaces,12,49,FALSE,Revline,47,505,country,3TlM68EnA35dHWYQHeK9k3,The Garage Sessions,2025-06-18,12,album,2.33
1JUnvBkX5MQlFl0DBtNsVB,Perfect Timing,1,36,TRUE,YGF DEVO,24,162,N/A,39wg1nS6FMAwccWr3CEqz5,Chasin A Mil Hosted by Bigga Rankin,2025-06-18,7,album,3.42
3fak8bXzSwtPlQWjoimBxC,Should've Been A Cowboy,6,50,FALSE,Revline,47,509,country,3TlM68EnA35dHWYQHeK9k3,The Garage Sessions,2025-06-18,12,album,2.25
7BscJRu3VDRs4egzaqewDh,Cruise,7,46,FALSE,Revline,47,491,country,3TlM68EnA35dHWYQHeK9k3,The Garage Sessions,2025-06-18,12,album,3.44
7qeZ8LQ14R5eSK4l1i5j6y,Drink In My Hand,2,48,FALSE,Revline,47,505,country,3TlM68EnA35dHWYQHeK9k3,The Garage Sessions,2025-06-18,12,album,3.16
53rKwO4frvAmf4IxB5Xz0N,Dust On The Bottle,4,50,FALSE,Revline,47,491,country,3TlM68EnA35dHWYQHeK9k3,The Garage Sessions,2025-06-18,12,album,3.56
30sz1m8Sdasylnfb4IqDoz,"Forever And Ever, Amen",10,48,FALSE,Revline,47,491,country,3TlM68EnA35dHWYQHeK9k3,The Garage Sessions,2025-06-18,12,album,3.13
4pLmI4PubMo4at4xfVb9jW,Neon Moon,5,48,FALSE,Revline,47,498,country,3TlM68EnA35dHWYQHeK9k3,The Garage Sessions,2025-06-18,12,album,2.6
1XUZ6DDgCqiPCi5pdFAPKx,It's A Great Day To Be Alive,3,48,FALSE,Revline,47,505,country,3TlM68EnA35dHWYQHeK9k3,The Garage Sessions,2025-06-18,12,album,2.43
17P5ufoyp03mP0aC4UUH4B,Til I'm Blue,4,48,FALSE,Alexander Nate,45,28641,N/A,50gbNhPEnOqun2r30TMvQ4,There's No Signal In The Mountains (Deluxe),2025-06-18,9,album,3.42
0x3Fu5CM7BtsM7U7SDhme0,Wagon Wheel,11,49,FALSE,Revline,47,505,country,3TlM68EnA35dHWYQHeK9k3,The Garage Sessions,2025-06-18,12,album,2.32
1rdnD7JeHJIG5MEaZL7Ue6,Bad Habits,5,36,TRUE,YGF DEVO,24,162,N/A,39wg1nS6FMAwccWr3CEqz5,Chasin A Mil Hosted by Bigga Rankin,2025-06-18,7,album,3.07
4YJjFv4esDOc9FqIqKEsAd,Before He Cheats,9,45,FALSE,Revline,47,505,country,3TlM68EnA35dHWYQHeK9k3,The Garage Sessions,2025-06-18,12,album,2.45
7gKxZWOgCAbuAGg1Wba4i9,Boot Scootin' Boogie,8,48,FALSE,Revline,47,491,country,3TlM68EnA35dHWYQHeK9k3,The Garage Sessions,2025-06-18,12,album,2.56
0iJ3PwXTZJLykvWxZ6oapY,Chasin’ a Mil,2,30,TRUE,YGF DEVO,24,162,N/A,39wg1nS6FMAwccWr3CEqz5,Chasin A Mil Hosted by Bigga Rankin,2025-06-18,7,album,3.2
4TJmVTYlpp2fC80bKgVBGw,Chattahoochee,1,48,FALSE,Revline,47,491,country,3TlM68EnA35dHWYQHeK9k3,The Garage Sessions,2025-06-18,12,album,2.1
7ci52ucfgE7xV5XTa81i0a,Bleed,1,43,TRUE,NAYM,37,8703,dark r&b,1iZIHxlcOi1yp4aLeeb0xl,Bleed,2025-06-13,3,single,2.54
6Uk0UJTOuv9HsEMEY8vPF8,Time,1,14,FALSE,Dreycee,12,402,"amapiano, afropiano",2cy3Nn4nYL2RLpz1dcVbs8,Time + Miami,2025-06-13,2,single,2.81
6F7bsoqvvIDTJwW4Iuq19O,Never Let This Go,2,21,FALSE,Alexander Merlin,27,1978,N/A,3r82ECVvQJxvrSKhtkWyLN,For The Love Of Progressive EP 5.0,2025-06-13,3,single,2.78
4WhHNXBgRglnkjy7TMzgdh,Hachikō,1,59,FALSE,Fujii Kaze,74,4571036,j-pop,0qxIGHOXFdqiJEOqbUv5DR,Hachikō,2025-06-13,1,single,4.5
0bxPRWprUVpQK0UFcddkrA,Folded,1,88,FALSE,Kehlani,78,8661889,N/A,5enIvPn8EEPWMGxzBzxvcm,Folded,2025-06-11,1,single,3.96
71C6LlvFqLuytyi8p9XNMn,BF,1,42,FALSE,YULEE,24,679,N/A,6e34ShPH3xiSfqeCP2qUGO,BF,2025-06-11,1,single,2.75
0D6Imylw9Q5HZ48lj3tIw9,Centerfold,1,40,TRUE,G-Epic,22,64,N/A,205e8TWaT1CmbqYNm9OvYp,Centerfold,2025-06-11,1,single,3.07
3kDO0ttXrVCWbKCS3sQeC1,Aquamarine,4,70,FALSE,Addison Rae,74,1366758,N/A,2ffVa2UhHUDwMHnr685zJ4,Addison,2025-06-06,12,album,2.71
0smgg2Ek3JrwQnydC0uqrF,Broken Halo,1,35,FALSE,Ericovich,41,11030,nightcore,2xUiUdXeZbTGQJSJx13Z6Z,Broken Halo,2025-06-06,1,single,2.42
3H6xZgwRZx8McVUJzmMxWe,Headphones On,12,70,FALSE,Addison Rae,74,1366758,N/A,2ffVa2UhHUDwMHnr685zJ4,Addison,2025-06-06,12,album,4
3UDqYP3Sa9phBFAATXOixA,In The Rain,8,68,FALSE,Addison Rae,74,1364231,N/A,2ffVa2UhHUDwMHnr685zJ4,Addison,2025-06-06,12,album,3.56
0EinquS6uL1mPBOTQnKomo,Couldn't Wait For You,1,44,FALSE,Jordan Parker,34,2657,N/A,6RU2FPhwMW7flSSUrtkfhh,Couldn't Wait For You,2025-06-06,1,single,3.33
4J1xDjTOAxqpFxaRtd4zh6,CUNTISSIMO,3,64,TRUE,MARINA,72,6114655,N/A,2rjfRdmVDBMFT5mamSsVeU,PRINCESS OF POWER,2025-06-06,13,album,4.01
6ouhsRJ7gExB7LCYjITk4Y,Diet Pepsi,2,82,FALSE,Addison Rae,74,1364231,N/A,2ffVa2UhHUDwMHnr685zJ4,Addison,2025-06-06,12,album,2.82
7B3BwNecBhKvNwSMOOl7Gk,Fame is a Gun,9,80,FALSE,Addison Rae,74,1364231,N/A,2ffVa2UhHUDwMHnr685zJ4,Addison,2025-06-06,12,album,3.05
74G6GBqKuZcMGZ4xllPwfC,Fight Like A Girl (feat. K.Flay),1,50,FALSE,Evanescence,75,6165678,alternative metal,52PeeLLB6DgLKb01NCXueF,Fight Like A Girl (feat. K.Flay),2025-06-06,1,single,3.1
2TPhcKFBh2MfTgWWw9Xltq,LIKE YOU DO,1,39,FALSE,NJOMZA,45,50314,N/A,5MD2zmpEhch9McF5BUlX2y,LIKE YOU DO,2025-06-06,1,single,3.83
4w9PSts9Ij4vdeqIFTi756,Love Again,1,38,FALSE,Kenzo Cregan,27,3666,N/A,7AwXwvFmWeC3X5i5ERnZ0P,Love Again,2025-06-06,1,single,3.24
3cZajhyr8LmtPfHZ9296tj,No Broke Boys,1,92,TRUE,Disco Lines,75,275333,stutter house,520FALYwo6yPbp5kBchA8N,No Broke Boys,2025-06-06,1,single,2.73
01fzY6YKwKQ3LxCpIP6buB,Times Like These,10,67,FALSE,Addison Rae,74,1364231,N/A,2ffVa2UhHUDwMHnr685zJ4,Addison,2025-06-06,12,album,3.87
4Q0qVhFQa7j6jRKzo3HDmP,Sapphire,1,83,FALSE,Ed Sheeran,88,122802777,soft pop,1ZrWlhMUoyMKsoQ1tvRR2t,Sapphire,2025-06-05,1,single,2.98
42UBPzRMh5yyz0EDPr6fr1,Manchild,1,86,TRUE,Sabrina Carpenter,91,26516295,pop,3wRHV5fOeUcM5hvYzWZsic,Manchild,2025-06-05,1,single,3.56
0Bd54GygFDwo9GVYsclY60,LEMON NOD,1,39,TRUE,Flight,37,103691,N/A,27WiI0B28n9vfCy17GOILV,LEMON NOD,2025-06-01,1,single,1.9
7gKxCvTDWwV9wBhdeBbr3l,Nice To Each Other,1,86,FALSE,Olivia Dean,88,1524283,pop soul,74sFrKGdI7ZBBVKrT9jtdV,Nice To Each Other,2025-05-30,1,single,3.48
51IMjTw9T8BliGgPMSFqEr,THE LOVER,4,42,FALSE,Kae,50,25025,dark r&b,5GYm9Ud8aGdBB86V5PDU1g,XAOS,2025-05-30,8,album,2.34
7DQotDUGnJkXgNJv363GXF,Zombie,1,69,FALSE,YUNGBLUD,73,3204129,N/A,2VjTqSwV1IY3a4kFdurCVv,Zombie,2025-05-30,3,single,4.11
2yWlGEgEfPot0lv3OAjuG3,Just Keep Watching (From F1® The Movie),1,90,FALSE,Tate McRae,88,9256589,pop,5aWEjuULckx3nnpAM9w6gY,Just Keep Watching (From F1® The Movie),2025-05-30,1,single,2.37
2OBzYCYMNsD6yhBZZSs0xg,Easy Lover,6,68,FALSE,Miley Cyrus,81,26561582,"country pop, rock, hip hop, experimental",7h7smPzBYx8LOLI3ncM3vQ,Something Beautiful,2025-05-30,13,album,3.11
2rDMtmPctM67hICAZTKAjx,End of the World,3,66,FALSE,Miley Cyrus,81,26564677,"country pop, rock, hip hop, experimental",7h7smPzBYx8LOLI3ncM3vQ,Something Beautiful,2025-05-30,13,album,4.17
1c2AFg2WpURtpsOTMr6ZBX,Fame is a Gun,1,72,FALSE,Addison Rae,74,1364231,N/A,3SbgH2k3eJ6dPqAhbTBFzm,Fame is a Gun,2025-05-30,1,single,3.05
6XolXnd1meZ5clHVnBOdiz,Fiction,1,39,FALSE,Xander Ward,34,727,N/A,0GVWiwfXfDnpBE8959xtpy,Fiction,2025-05-30,2,single,2.88
6BfN2z3FfrqT8poo78l5hY,Girls Like You,1,63,FALSE,Sofia Camara,59,92183,N/A,1TO1Ccdu03e0E3vGWHLZnc,Girls Like You,2025-05-30,1,single,3.59
1hoeP1oPYlhcv6iRCtB7pT,Man Of The Year,1,36,FALSE,Lorde,80,10539134,N/A,1QSIGmlbg2zqpGbWXJNJeW,Man Of The Year,2025-05-29,2,single,3
0felKIf6OMxAzHIvyhwUvB,Miracle,1,27,FALSE,Millows,41,2489,hypertechno,2FKcl18dz97JzzXyktVynO,Miracle,2025-05-29,1,single,2.2
0So4ciNFmHfZhawnplagFs,No Division (feat. XSALT),1,58,FALSE,Charlotte de Witte,60,1214137,"acid techno, techno, hard techno, tekno",6pSk6j1v5FrWh74Rygv367,No Division,2025-05-29,2,single,6.11
0dNCLogvNVqkVH6yaNR2ok,Not Possible,1,55,FALSE,Ana Shine,45,27568,N/A,1sYloCL8V9CyYMLh9znPOq,Not Possible,2025-05-29,1,single,2.55
4mBvTV4f42Xrqcw01bUNVl,STRONG MEN,8,21,TRUE,Og1savage,6,141,highlife,43B3WS03DdXM6zd4r62Ayv,INNOCENT STILL THUGGIN,2025-05-24,13,album,2.52
5lAGJpMOz2TL8ABx99yV5i,The Reason,6,35,FALSE,League Minimum,40,507,N/A,2GEg05aEySgUWtDoGtUYso,4th Liners,2025-05-23,11,album,2.22
5tsSdgnZLNhVt78voyyjju,Mina Kupenda,1,67,FALSE,Thierry Von Der Warth,62,47263,tropical house,2QgrBSLmCtCyue5UIsfdjs,Mina Kupenda,2025-05-23,1,single,2.06
3aD33slymVwdEcdbKUBnDu,cliché,1,53,FALSE,mgk,78,5642925,N/A,2zCyRKoQozz3iTdTi3o8mi,cliché,2025-05-23,1,single,2.93
5CVHKVnrnszHpRhblPPr1A,Get Gone,1,37,FALSE,Munboi,24,818,N/A,2CzAp2NfuQvX8eUr5dOOrm,Get Gone,2025-05-23,3,single,2.48
2ePfIBIm49pka6bJXFTCFD,3AM,3,36,FALSE,League Minimum,40,502,N/A,2GEg05aEySgUWtDoGtUYso,4th Liners,2025-05-23,11,album,2.52
4HSUv1HWFxniJhEQWywyfo,Breakeven,1,48,FALSE,League Minimum,40,507,N/A,2GEg05aEySgUWtDoGtUYso,4th Liners,2025-05-23,11,album,2.64
10pfamFYvg5ftwq6rGJrWx,Can't Decide,1,73,FALSE,Max Dean,59,45843,house,2VezYvaKWplhVgqRq1mEKD,Can't Decide,2025-05-23,1,single,2.92
0aGIy8kll4HYDnNTDlf2vU,Somewhere Over Laredo,1,69,FALSE,Lainey Wilson,73,1538992,country,7AM3OzfWrmxHJ5xkWSEEre,Somewhere Over Laredo,2025-05-23,1,single,3.76
0qmhTHMVxnXRmT5N92wTD9,Bloodline,1,79,FALSE,Alex Warren,84,2896488,N/A,2KoAn4MyptQWG1qBx7mu01,Bloodline,2025-05-22,1,single,3.03
4BC3zlTGqYgCqUc7uBgsZk,Under Your Skin,1,44,FALSE,Bruklin,40,4549,N/A,1E0QjiMao6MMzZnExxv5NP,Under Your Skin,2025-05-20,1,single,3
73009fA3kctcdbHie3Ud4Q,I.R.M.F.,1,23,TRUE,Lyrical Reign,8,34,N/A,2dEVgGRYz4fkmP5ljphDQv,I.R.M.F.,2025-05-19,1,single,3.02
5bzrHkXxh96jtXOIq6rC7j,"farewell, kacey",2,34,FALSE,Sopperior,30,2957,N/A,5bqJQbUVqYqkuRHDviSHM6,tree,2025-05-17,3,single,1.31
7ECKgwt5Wa9a5WLvFJrW2q,Come On Home,1,21,FALSE,The Sound Mind Network,6,46,N/A,1yuv4AKRDzpfm7u8reaJTw,Come On Home,2025-05-16,1,single,3.75
27xkOIER6uDLKALIelHylZ,Don’t Say You Love Me,1,88,FALSE,Jin,80,9703374,k-pop,3DmDoHxAeEiDFNWrHSKAdQ,Echo,2025-05-16,7,album,3.01
4GBNnoGf1FgsPtsgghZ381,I Got Better,2,54,FALSE,Morgan Wallen,88,13999205,country,1o844O5I0qVpZKiePtIGcF,I’m The Problem,2025-05-16,37,album,3.41
2fKPqAXWZmXcWiEVxqIuFD,20 Cigarettes,11,49,FALSE,Morgan Wallen,88,14005617,country,1o844O5I0qVpZKiePtIGcF,I’m The Problem,2025-05-16,37,album,2.68
3h112NNSQNJIIYO019rEZ2,Afrocat (Fortune Cookie),1,41,FALSE,Sandra Iris,37,2184,N/A,7iDrkjplAcK6YRUDMfz7Pe,Afrocat (Fortune Cookie),2025-05-16,3,single,2.08
0dzQiejP41haESvtBRKoXx,Miss You,1,40,FALSE,Ali Gatie,64,2174956,N/A,3WMLMW2wBbLZvj0537g7ou,Miss You,2025-05-16,1,single,2.18
71BQG6SlpeXpdx7PJaFNnB,Monster Paradise,1,65,FALSE,Naeleck,66,115232,electro house,0zCqTL9pofyiYRf1t3bKAf,Monster Paradise,2025-05-16,1,single,2.75
6KFQdIB3njXBQNcg1xUh9U,One Thing,1,78,TRUE,Lola Young,77,1462626,N/A,2pIQ2uWPJUvfnmM917UC1I,One Thing,2025-05-16,1,single,3.48
04emojnbYkrRmv5qtJcgVP,What I Want (feat. Tate McRae),4,86,FALSE,Morgan Wallen,88,14005617,country,5IZ8sY5FjtL9hloXpv0XbD,I’m The Problem,2025-05-16,37,album,3.07
5Xl87hTgoBbSnEXKNse77Q,Bottle Rockets (feat. Hootie & The Blowfish),1,71,FALSE,Scotty McCreery,61,1143926,"country, acoustic country",5gXncoYdko6hXM08RQKgsB,Bottle Rockets (feat. Hootie & The Blowfish),2025-05-15,1,single,3.92
6onHlKPSaazIBBk1yoTbxu,Head,2,38,FALSE,Ava Beathard,26,7366,N/A,0F9XOBGz6uNi4JMncEWcMB,indiemono | hope fields (VOL.8),2025-05-15,10,compilation,3.66
09okFAwc61wn82VZPWhjnP,The Good Life,1,52,FALSE,R2,42,483,N/A,55QU6AlQqW1PbO5ajYRzAY,The Good Life,2025-05-14,1,single,2.35
7vRwlf6LeT5KVgXFeTS80d,Tonight,1,49,TRUE,Rumelis,49,8802,dark r&b,50LAeUbCPWKhXbaepjm6iI,Tonight,2025-05-09,3,single,2.51
1WmBVbFmLt0w6zPP37TeCG,Illegal,1,81,FALSE,PinkPantheress,78,4759233,bedroom pop,3o81FH5FTYVtoBQOZr3T7y,Fancy That,2025-05-09,9,album,2.49
0zomuz73AZq4395ed9AEER,Breathe,1,39,FALSE,Skinny Dippers,26,4188,N/A,21yRdgoqjdEpnHiUU6NnoF,Breathe,2025-05-09,1,single,3.05
1F9gNK8fNb4QPGLkYm8BLK,LIFESTYLE,1,38,TRUE,Paul James,24,671,N/A,44Pwg3pW5pASdJ2hlOB7GM,LIFESTYLE,2025-05-09,1,single,3.03
7MerIDn7wpEH4OEGbpasSH,moody,1,63,TRUE,Royel Otis,73,576895,indie,7eZ8bFDtTIymJEdRCEIyro,moody,2025-05-09,1,single,2.93
3mJncxEu2NrKYfRvoWiVfm,Young & Dumb (feat. Simple Plan),1,61,FALSE,Avril Lavigne,76,12004691,N/A,4qiHuolMaUIhdu27VJpntV,Young & Dumb (feat. Simple Plan),2025-05-09,1,single,2.77
1yAQDfgkfSBC6URkqCdnWX,Good Love,6,12,FALSE,L. Charlemagne,2,33,drumstep,0MwKm5AJjoEkaqp0YpGHbx,Chase the Sun,2025-05-07,11,album,3.3
5QXODpyzgm6im2HuECDdrj,Beast Mode,1,12,FALSE,DJ Khamel,8,10,N/A,69VPrU1gGB8Y4ZxJvCqQyw,Workout & Running,2025-05-07,18,album,2.3
4rFqRV4UCQubpw348acBq3,Shot Callin,1,73,TRUE,YoungBoy Never Broke Again,85,14958573,N/A,68SBxb7HlBIt6gIcKsS5A7,Shot Callin,2025-05-06,1,single,3.75
5MI9rnOsAayuxi7pKVydNg,Priceless (feat. LISA),1,70,FALSE,Maroon 5,85,45764832,pop,0JfWflwFS8yOSELbH7bDbQ,Priceless (feat. LISA),2025-05-02,1,single,2.72
1LzZQqP7rgemZw2JCZvo4N,She Ready,7,63,TRUE,Key Glock,73,2398201,N/A,6pvCEOgB3oLiDiAhKs0vA6,Glockaveli,2025-05-02,18,album,2.98
6eLQXa6uk2EW8drsiKbABZ,TU SANCHO,8,87,TRUE,Fuerza Regida,89,19797218,"corrido, corridos tumbados, corridos bélicos, música mexicana, sierreño, banda, electro corridos, sad sierreño",1JpJzuM4uncCfCimVozkmy,111XPANTIA,2025-05-02,12,album,2.96
0aWHb6ujnlXkmmOI1ltStc,Burning Blue,1,72,FALSE,Mariah the Scientist,73,1180085,alternative r&b,02DSnnPzc0do4lZmfJjeeg,Burning Blue,2025-05-02,1,single,3.42
3hpm0fTeSqlhJbnqAgaLZs,Marlboro Rojo,9,87,TRUE,Fuerza Regida,89,19735177,"corrido, corridos tumbados, corridos bélicos, música mexicana, sierreño, banda, electro corridos, sad sierreño",1JpJzuM4uncCfCimVozkmy,111XPANTIA,2025-05-02,12,album,3.06
1HUxOG84RhpxdYghIs1BXx,Amanhecer,1,5,FALSE,Daya Blaze,2,0,N/A,0Z1dcys96B3pO7ytjkyCnL,Amanhecer,2025-05-01,1,single,3.01
02BcXEH1zJYbXSabPtNlKf,Lose My Mind (feat. Doja Cat) [From F1® The Movie],1,83,FALSE,Don Toliver,85,7465428,N/A,157Gano57F4G2EAWL5NKP8,Lose My Mind (feat. Doja Cat) [From F1® The Movie],2025-04-30,1,single,3.48
1j15Ar0qGDzIR0v3CQv3JL,Gnarly,1,88,TRUE,KATSEYE,82,5242034,k-pop,25oD4E4cwmG7SCQIoF3ez5,Gnarly,2025-04-30,1,single,2.28
4VnEmAingHeCn3Zhq0uOwF,I Been On,1,24,TRUE,Commma,8,155,N/A,08y7Du1VLrjZjb9YNCdiTe,I Been On,2025-04-30,1,single,3.13
0C8y9EdbW2aYm1ocGGaR9O,Bad Habit,1,46,TRUE,Sadfriendd,56,130326,"phonk, drift phonk",1udc0nqMPqzpqCckHBSiDI,Bad Habit,2025-04-29,1,single,1.99
1hiPuKUeHw5j2pBuRu04ja,"""The Path - from ""The Last of Us: Season 2""""",1,28,FALSE,Gustavo Santaolalla,63,394210,soundtrack,00bdpvTx7UbMhZnwtp0Kyk,"""The Path (from ""The Last of Us: Season 2"")""",2025-04-28,1,single,2.24
4uHuy9nBZi3P6uXxLjZxa7,touch me,1,53,TRUE,Ex Habit,59,130194,dark r&b,0tX79QJ6PISqbw218Wa8UM,touch me,2025-04-25,3,single,2.73
1bijeLU02xi68lCIB6BWL9,Pray To Me,1,44,FALSE,Besomorph,58,146944,slap house,4bwMVwfRI1TEmPDFtASUzk,Pray To Me,2025-04-25,1,single,2.75
4VWrZCmvviUwNrboVw6dM6,Prove It!,1,46,FALSE,Sam Plourd,28,309,N/A,0aUxkXajeNLSeznJbrPRf2,Prove It!,2025-04-25,1,single,3.85
21IYMdzTrzSe191Cy5eMap,Sailor Song,1,86,FALSE,Gigi Perez,75,1643950,N/A,58vZavXqh1P5uoTXteudWl,"At The Beach, In Every Life",2025-04-25,12,album,3.53
5J7Rga4BSHrDCTmUuGzSiG,Sirius,1,41,FALSE,Sandra Iris,37,2091,N/A,2GVrMmD4ivKj3zPJPb0HrS,Sirius,2025-04-25,2,single,2.75
0auX6W6oLjO9cHmx4UTaNj,Feel It,11,30,FALSE,d4vd,79,4684957,N/A,00xSzSrckgOgVAqZUIcrxf,WITHERED,2025-04-25,15,album,2.63
418FPu58H5Q7hg3O2PBJhe,Engraved On Your Skin,1,47,FALSE,Elvis Drew,55,68465,dark r&b,4Bm3YgzhyFdB168Qs90q9O,Engraved On Your Skin,2025-04-24,3,single,3.46
2jNyiavSywmA472t2m6ZBz,What Was That,1,41,FALSE,Lorde,80,10539134,N/A,4lvgj3m6vTtpRYdVNEqu2o,What Was That,2025-04-24,1,single,3.48
3Q5b9lTrxvv6f8jLX4M6VJ,Amen,1,56,FALSE,Shaboozey,75,1448613,N/A,5Rqj746qniBVcnLT4QglB5,Amen,2025-04-24,1,single,3.29
221eHga9f9Ne4f8D7WVgPT,Mystical Magical,1,82,FALSE,Benson Boone,83,7045466,N/A,7y5UZkCSxTUo47pxeTWbXK,Mystical Magical,2025-04-24,1,single,2.76
6cEG5stzTtXrrCLgWKYV6j,77 - feat. Avril Lavigne,1,44,FALSE,Billy Idol,71,2462227,N/A,54XHsP7QjQy7MPPGdq5Npt,77 (feat. Avril Lavigne),2025-04-22,2,single,2.89
72s177IslLyS9N7EKBTCp0,FREAKY,1,19,TRUE,Daveedtheking,5,58,N/A,5NNsNw2HRa4oxXfuV5LAqH,FREAKY,2025-04-19,1,single,2.58
5NgUs4A8db3NL75hvDr4eB,Crowd Caffeine,1,50,FALSE,SOFIA ISELLA,55,557085,N/A,6eQcK3pwuno4GzjNqgNBL2,Crowd Caffeine,2025-04-18,3,single,3.37
5rChFJpepptiBGIwI21xMX,Don't Fall In Love,1,49,TRUE,Rumelis,49,8741,dark r&b,0WdcDps5cgjaqknZpx2z5H,Don't Fall In Love,2025-04-18,3,single,2.52
2hVKtXecIaFlWRRDgZgLlf,En 4,1,57,TRUE,Kenia Os,70,6640767,reggaeton mexa,6IdEHZU1avInt4NeuACdRt,En 4,2025-04-18,1,single,3.1
4OVK8oaLIhx9Xu0P8D3SA7,Famous,1,52,FALSE,Isabel LaRosa,71,2571784,N/A,012dJutTI1nox9KAK5ER31,Raven,2025-04-18,14,album,2.98
1VauJR9jsUN2Fetpwg4nNo,Breathe,1,47,FALSE,Beneld,53,19064,dark r&b,0AHdLIkcFtlpeDEBC8qO8U,Breathe,2025-04-18,3,single,2.74
5BY0EwNXOC6k38oArRtiic,Real Life Fantasy,1,36,FALSE,Edward Maya,66,342955,N/A,1QSF8j2H6oZLyKC0TlVAyK,Real Life Fantasy,2025-04-18,1,single,2.46
7bC8wBzEbugsYjLDBkFnSO,Smokestack Twins,2,48,FALSE,Ludwig Göransson,64,425177,soundtrack,6PQXsiHd4AjrAqhWLd5HyT,Sinners (Original Motion Picture Score),2025-04-18,19,album,3.47
44gePNWC4UPBR1VZmJTD0o,NEVER EVER,1,55,FALSE,Omido,59,72278,dark r&b,4cx4IGDkk5DTT6jyOGvlkc,NEVER EVER,2025-04-18,3,single,2.98
3uUoYhfsp8a9RRQeDkxYaD,Vem Nin Mim Bebê,1,31,FALSE,TÚLIO PEREIRA,13,17,N/A,6l0x9Kqr2O6wSIfVZKACso,Vem Nin Mim Bebê,2025-04-18,1,single,3.13
1efXUbx5gsLd2sqjszBtx1,Headphones On,1,65,FALSE,Addison Rae,74,1364231,N/A,7f72kJL3HyP6q6wW7Zvayn,Headphones On,2025-04-18,1,single,4
6Xr5yexoaJkmxNzdfSmPPZ,I Wanna Be Yours - Namira Remix - Radio Edit,1,36,FALSE,Namira,18,91,N/A,0YaneISeKoum0NyJIxQBz1,I Wanna Be Yours - Namira Remix (Radio Edit),2025-04-18,1,single,2.85
1u9iHwttLc4aRzBPAXnuHk,In The Air Tonight,1,55,FALSE,Marilyn Manson,71,4968982,"industrial metal, industrial rock, industrial, metal, nu metal",0Z4E3iA6Z8V5LitVUXTKz4,In The Air Tonight,2025-04-18,2,single,5.02
7t3MDStpar6hFGejdm3hcc,Street Stories,3,4,FALSE,Daya Blaze,2,0,N/A,7GAbl942rK7xZ0rTkYz6EI,Concrete Dreams,2025-04-16,6,single,3.42
7u7IqryLFAygWFz6bsEB7y,Blue Strips,1,74,FALSE,Jessie Murph,76,1626341,N/A,38Vd2K3RytxtNWLE5aU2VR,Blue Strips,2025-04-11,2,single,2.45
1o2eTrTQChSdxbMQLBHLod,conversations,1,36,TRUE,Chelan,35,11989,N/A,1WmSgkrYCtEmO8k6rVaNXJ,conversations,2025-04-11,1,single,2.35
4R6EMxsqzFplNAIyig4RX4,Five Roses,1,38,FALSE,Nic Dean,41,30239,dark r&b,6ClZsXgo6T1wbnZifhvsTZ,Five Roses,2025-04-11,2,single,1.85
32GOfiLnbER2VOOxJkg29P,Forever,1,70,FALSE,ZULAN,53,33160,uk garage,7cXPqivcSwwoWsx29zT6lq,Forever,2025-04-11,1,single,2.65
0v1oo2lDd5ncSXr5HJs0AM,Ghosttown,1,44,FALSE,BURY,52,21748,dark r&b,7qCSVAvElP93iUQvDI08aG,Ghosttown,2025-04-11,3,single,2.1
2fKnX8RINrl4eOG5klOhcZ,What An Awesome God,1,67,FALSE,Phil Wickham,70,1300663,"worship, christian, ccm",19rQaj9WUt61x4kiFOGRlc,What An Awesome God,2025-04-11,6,single,3.53
5covu2zYjSwPaN7vUAqBtN,Ubatuba,1,12,FALSE,DJ Khamel,8,10,N/A,2BPKQAnePwDDB7vWjmEjey,Ubatuba,2025-04-10,1,single,2.93
4ie1EYJid4loKAAdoBgj8H,Disobey,1,14,TRUE,Dylan Tha Only Child,3,24,N/A,7nTjBuKy8KYGGlOilpCJAV,Disobey,2025-04-10,1,single,3.34
5urzAWsnWOGUb6n9wC1mSj,Man on a Bench (Um Um Um),1,56,FALSE,ConKi,61,26095,N/A,79Ht9PvRwOOPPEKvo15uc4,Man on a Bench (Um Um Um),2025-04-10,1,single,2.24
1msduWplR2g834ly9r6gU4,Cozinhar em Harmonia,1,15,FALSE,DJ Khamel,8,10,N/A,0N7kRUxb6BNGTErfc0rSWA,Cozinhar em Harmonia,2025-04-09,1,single,4
742bIgkWeEcjPOCdMk0wLQ,Fernando de Noronha,3,11,FALSE,DJ Khamel,8,10,N/A,2OHjrpn9V6GgIzlB8QYTMd,Fernando de Noronha,2025-04-08,3,single,2.61
3NPIlytbRwEF9qDEtd47pU,Deus em tudo,1,5,FALSE,Daya Blaze,2,0,N/A,5pEUssqHk7lC18csQLOoSt,Deus em tudo,2025-04-07,1,single,4
6nc8SOccYJq6wiaYaXscTv,Voando Alto,1,12,FALSE,DJ Khamel,8,10,N/A,4NqcKHRnaDyOima163XrXn,Voando Alto,2025-04-07,1,single,1.97
3XbsJyWT7pwLh8XUr2fSOV,Lollapalooza,1,0,FALSE,Daya Blaze,1,0,N/A,6kogtYJA3XQtHP3VDsbbsd,Lollapalooza,2025-04-06,1,single,3.3
0xBkxNqWKMXoSDGDoh0Cof,Paraty Mirim,1,0,FALSE,DJ Khamel,8,10,N/A,0DhXbeHOHt4uTMxwBUJLYY,Paraty Mirim,2025-04-05,1,single,2.5
1k2OaUl9NGaBA4wa3Ommvc,Shine Like Stars,1,57,FALSE,Benji,55,3650,afro house,1I2mvRHxNIPa5HeHaVjtWn,Shine Like Stars,2025-04-04,1,single,3.76
0GRc3eGTg8HBdWLRGYgqIc,Azizam,1,84,FALSE,Ed Sheeran,88,122773292,soft pop,37HwcDtLqY2WXN7NArODvI,Azizam,2025-04-04,1,single,2.7
5MaylVPhkFko6nsismO2F4,Still Mine,1,46,FALSE,Nck,32,2505,N/A,2DXV2zZ4nmT5x5XIddeTbp,Still Mine,2025-04-03,1,single,2.15
3shDXkQIVWfJJrSeT8zW6h,Demure Waves,1,0,FALSE,DJ Khamel,8,10,N/A,2JNkjLVdos9xc5ZzkaVm6Y,Demure Waves,2025-04-01,1,single,2.71
5G6fY8QYk5azqSRGI9FMpa,dandelion,17,50,FALSE,Ariana Grande,90,107401919,pop,6kXXIMyzRgQeai4A0DsXOn,eternal sunshine deluxe: brighter days ahead,2025-03-28,19,album,3.41
0ZE7YRwdYqM8CtmfExYGDk,eternal sunshine,5,63,FALSE,Ariana Grande,90,107401919,pop,6cbwstHlsAIIWurIIXXBPd,eternal sunshine deluxe: brighter days ahead,2025-03-28,19,album,3.5
212xtcXoSqbbwFAYd0zvNP,Bar None,1,70,FALSE,Jordan Davis,71,1615711,"country, pop country",2dbV2Hkxmm5CiUu7a5tBjI,Bar None,2025-03-28,1,single,2.88
5vRP728TajdjftioyNLqi4,Love Mess,1,18,FALSE,shotty,11,325,N/A,2iGHeA60F6JdpC11mRaOKY,Love Mess,2025-03-28,1,single,3.64
0IMGXCX264tTnhuFGysBpT,intro (end of the world) - extended,14,48,FALSE,Ariana Grande,90,107374593,pop,6kXXIMyzRgQeai4A0DsXOn,eternal sunshine deluxe: brighter days ahead,2025-03-28,19,album,2.68
1YRbAonLvmuUILvQso0gUM,twilight zone,15,73,FALSE,Ariana Grande,90,107389514,pop,6cbwstHlsAIIWurIIXXBPd,eternal sunshine deluxe: brighter days ahead,2025-03-28,19,album,3.3
7IwMagdxfa8GLK0JOcDTsP,warm,16,48,FALSE,Ariana Grande,90,107374593,pop,6kXXIMyzRgQeai4A0DsXOn,eternal sunshine deluxe: brighter days ahead,2025-03-28,19,album,3.36
1edcyazKIdKrIuz9cWpXU6,twilight zone,15,72,FALSE,Ariana Grande,90,107374593,pop,2xqTa2dCR54yYHEcttiXyD,eternal sunshine deluxe: brighter days ahead (a cappella version),2025-03-27,38,album,3.3
0KoOcYST2BJ3mjPc2817gc,Need Me,1,49,TRUE,Rumelis,48,8682,dark r&b,4hSG7fjh0yD03WZnCyEcmP,Need Me,2025-03-25,3,single,2.28
6bRShWkISHLntvD63TTbGn,Ontario,1,42,FALSE,Xander Ward,35,729,N/A,7fzjm1o0TCHSe1gYQdPy61,Ontario,2025-03-21,1,single,3.52
76ZM9zykOducwZYWRjYsll,DEAD WEIGHT,1,22,FALSE,Maya Kuriel,19,9683,N/A,4SH3mhj3YJ8C5LlGTE8Vx5,DEAD WEIGHT,2025-03-21,1,single,2.49
4XKCwXacGJ0Am1s7oD2rDM,Younger And Hotter Than Me,2,53,FALSE,Selena Gomez,81,53263844,N/A,5v7xYJyke25Nmt3l2R7YkR,I Said I Love You First,2025-03-21,14,album,3.16
4AajxCEwGEsmHmT4H1TwjY,undressed,1,85,FALSE,sombr,85,2789144,N/A,19m6pwPmwNFSPV7wtHtg7D,undressed,2025-03-21,1,single,3.03
3ZnyjmRl3n5OVKfPtxF4Zu,First Song,1,62,FALSE,Roga.,46,64215,N/A,7vNohIwSF7o3wBNtvfmHZp,High Five!,2025-03-20,5,single,1.69
2jsTgVpKp7xi5LA3nwDxZL,Breakeven,1,45,FALSE,Valentin,40,2158,N/A,7AI6sCjsjFfeEqso7XI43p,Breakeven,2025-03-20,1,single,4.07
3NUH1LPxCuHJ5qvZ8VJ8Gj,My Soul,1,47,FALSE,Steeg,43,769,N/A,5j1z6YTPaaDPFjeXqxNDjr,My Soul,2025-03-20,1,single,2.57
2Cj4ldk8Vm3N66Z7Cjzyhy,NO MAR EU VOU NAVEGAR,1,5,TRUE,Daya Blaze,2,0,N/A,2FIUqj5rLDnX3fsEp8DORP,NO MAR EU VOU NAVEGAR,2025-03-20,1,single,3.35
4jiwz2tQZo21Z4NQwz4zUt,southbound,1,73,TRUE,Artemas,74,1378074,N/A,4Uh9XOh5hmX0Cw7JREc0AU,southbound / test drive,2025-03-19,2,single,2.29
6Vt8jXXIHv8U6GwQWUoYJD,CLASSY,1,42,TRUE,Cloud,31,10130,N/A,30iCsi0MXESqsBDdN17aEB,CLASSY,2025-03-18,1,single,2.76
4evMMKc2HD6fV9slMfgkMx,TOXIC (with Skepta),11,79,TRUE,Playboi Carti,86,15026799,rage rap,0fSfkmx0tdPqFYkJuNX74a,MUSIC,2025-03-14,30,album,2.25
3LPLRNr58Z9Pn0clnEtkXb,Anxiety,20,74,TRUE,Doechii,76,3228538,N/A,5yPu6XkHu8DAGmV6YkXYZq,Alligator Bites Never Heal (Extended),2025-03-14,20,album,4.15
6iVHwPKzB5hN1jSCOHMw8z,Mission,1,35,FALSE,Ely Oaks,72,190171,hypertechno,40O6jxEr7BR4qpMsqovjNx,Mission,2025-03-14,1,single,1.97
2cf8mtws6a6Rf3hPaRRHvU,King,21,45,FALSE,RIELL,52,78423,N/A,3hao2Dudf5oo6RGVkrLJ44,Hymns For The Bitter,2025-03-14,21,album,2.98
5xHgo5JN0wfsV41HnRaos5,The Giver,1,73,FALSE,Chappell Roan,82,7305071,N/A,7GicDmV1udDFss8K0QY1v1,The Giver,2025-03-13,1,single,3.37
0KnZyt15wcngx4oA8VrBua,Face to Face (Let Me Love You),1,50,FALSE,Sugar Jesus,47,4569,N/A,6Qy1Q41l0q0ntwr0ItIs00,Face to Face (Let Me Love You),2025-03-13,1,single,2.6
5NtsUblZLu82BDufXfx20X,Headlock - Slowed,3,52,FALSE,Elliot Sutton,57,22061,N/A,4xiUGP8HeAvGbdB5N74kUQ,Headlock,2025-03-11,4,single,3.87
3gJAFFELdZyIM8tiwLAikg,Handlebars (feat. Dua Lipa),4,75,TRUE,JENNIE,81,12320084,k-pop,1vWMw6pu3err6qqZzI3RhH,Ruby,2025-03-07,15,album,3.07
4snRyiaLyvTMui0hzp8MF7,Intro : JANE with FKJ,1,61,FALSE,JENNIE,81,12337033,k-pop,1vWMw6pu3err6qqZzI3RhH,Ruby,2025-03-07,15,album,1.63
5bdN2arjMp7uW1l7YH9AG8,CURSE or SPELL,1,20,FALSE,weeklyn,30,6934,emo rap,7lhxzCcVlMqGnJUOZX1ZkV,CURSE or SPELL,2025-03-07,1,single,2.9
6HjYE79OOCGEhkIRfXLqrz,Damn Right (feat. Childish Gambino & Kali Uchis),10,68,TRUE,JENNIE,81,12320084,k-pop,1vWMw6pu3err6qqZzI3RhH,Ruby,2025-03-07,15,album,3.84
7so0lgd0zP2Sbgs2d7a1SZ,Die With A Smile,14,86,FALSE,Lady Gaga,89,42275793,"art pop, pop",2MHUaRi9OCyTN02SoyRRBJ,MAYHEM,2025-03-07,14,album,4.19
4EIFwndJvGpgFjsEbNuYif,ExtraL (feat. Doechii),6,77,TRUE,JENNIE,81,12320084,k-pop,1vWMw6pu3err6qqZzI3RhH,Ruby,2025-03-07,15,album,2.79
1iRIdATb1I276VdKK7JVAB,F.T.S.,11,63,TRUE,JENNIE,81,12320084,k-pop,1vWMw6pu3err6qqZzI3RhH,Ruby,2025-03-07,15,album,2.54
104KjF0t9EnlFOoxGLxiSQ,Filter,12,65,TRUE,JENNIE,81,12320084,k-pop,1vWMw6pu3err6qqZzI3RhH,Ruby,2025-03-07,15,album,2.52
4mUR5Tv0CvJtpmnUtzeIgd,Garden Of Eden,3,74,FALSE,Lady Gaga,88,42256604,"art pop, pop",2MHUaRi9OCyTN02SoyRRBJ,MAYHEM,2025-03-07,14,album,3.99
3pY2M4k9BSk7ulLBSV0tcX,Seoul City,13,71,FALSE,JENNIE,81,12337033,k-pop,1vWMw6pu3err6qqZzI3RhH,Ruby,2025-03-07,15,album,2.73
0kHZ0qrGL9MohF9R8Uw77Y,Starlight,14,66,TRUE,JENNIE,81,12328041,k-pop,1vWMw6pu3err6qqZzI3RhH,Ruby,2025-03-07,15,album,2.8
6SaSFVlIQC1L6Fh1QKLeFi,start a war,3,68,TRUE,JENNIE,81,12328041,k-pop,1vWMw6pu3err6qqZzI3RhH,Ruby,2025-03-07,15,album,2.75
5DIZg9QqSdzgHmkZ2k2F1a,twin,15,62,FALSE,JENNIE,81,12320084,k-pop,1vWMw6pu3err6qqZzI3RhH,Ruby,2025-03-07,15,album,3.48
0fK7ie6XwGxQTIkpFoWkd1,like JENNIE,2,87,TRUE,JENNIE,81,12320084,k-pop,1vWMw6pu3err6qqZzI3RhH,Ruby,2025-03-07,15,album,2.05
0rx7xu0RmZLpJjKNVZjSVv,Love Hangover (feat. Dominic Fike),8,72,TRUE,JENNIE,81,12337033,k-pop,1vWMw6pu3err6qqZzI3RhH,Ruby,2025-03-07,15,album,3
1kUyOJb3fzUo8r0OCz5SQk,Mantra,7,79,TRUE,JENNIE,81,12328041,k-pop,1vWMw6pu3err6qqZzI3RhH,Ruby,2025-03-07,15,album,2.27
7rzzByujLJIBXpyOCnJhfx,with the IE (way up),5,73,TRUE,JENNIE,81,12337033,k-pop,1vWMw6pu3err6qqZzI3RhH,Ruby,2025-03-07,15,album,2.73
2chbuybiy6aDDBC985tJcP,ZEN,9,70,TRUE,JENNIE,81,12337033,k-pop,1vWMw6pu3err6qqZzI3RhH,Ruby,2025-03-07,15,album,3.35
2LHNTC9QZxsL3nWpt8iaSR,Abracadabra,2,81,FALSE,Lady Gaga,88,42237551,"art pop, pop",2MHUaRi9OCyTN02SoyRRBJ,MAYHEM,2025-03-07,14,album,3.72
3sZQ8L4aptFDJXBqdVdvO8,Run It Up,1,65,TRUE,Hanumankind,66,876436,"malayalam hip hop, desi hip hop",444Yv0TGl5HeJA0Dg4YdFz,Run It Up,2025-03-06,1,single,2.89
76C8SZk9RpvcO1zmoswZb3,Why Them?,2,31,FALSE,Catlea,23,55684,melodic bass,2wDwjq5rYj3dtC33u8qFI8,Language Barrier,2025-03-06,10,album,3.02
2exZDvIQ0f6jxiazDRjK1u,Zombie,8,48,FALSE,Last Call,49,2083,N/A,3cdL02bWDiOWlAsoJ84ygV,On Tap,2025-03-05,8,album,2.51
6uTNaZG0i5VRdckzFr1M9u,505,7,55,FALSE,Last Call,49,2100,N/A,3cdL02bWDiOWlAsoJ84ygV,On Tap,2025-03-05,8,album,2.58
72ZMz4NApk0xZMdsBPqe8v,Amazed,6,52,FALSE,JD & The Straight Chasers,49,1874,N/A,0DeP851WJ3Og8I49JYw6YZ,Southern Comfort Classics,2025-03-05,7,single,2.87
1musbempyJAw5gfSKZHXP9,Anxiety,1,79,TRUE,Doechii,76,3227707,N/A,706mYHElAsR2MfcehZt2PA,Anxiety,2025-03-05,2,single,4.15
4JVgIFgTrlQ2XMWasExsLj,Creep,2,59,FALSE,Last Call,49,2083,N/A,3cdL02bWDiOWlAsoJ84ygV,On Tap,2025-03-05,8,album,2.52
1R3Y3bGE77KfOKLT4bN4mi,Everlong,1,53,FALSE,Last Call,49,2083,N/A,3cdL02bWDiOWlAsoJ84ygV,On Tap,2025-03-05,8,album,2.49
1ZA9k26vrQG6MfRSsbifk6,Fishin' In The Dark,2,53,FALSE,JD & The Straight Chasers,49,1866,N/A,0DeP851WJ3Og8I49JYw6YZ,Southern Comfort Classics,2025-03-05,7,single,2.59
05TeoYmF2bJ5IyxskDro2e,Sex On Fire,3,57,FALSE,October Surprise,48,1921,N/A,6jJEhSUKlIu07ZdpRTrmEC,"Legends, Revisted",2025-03-05,8,single,2.33
5wABKK13OJbFFFvJZyVf5V,She's Country,1,54,FALSE,JD & The Straight Chasers,49,1874,N/A,0DeP851WJ3Og8I49JYw6YZ,Southern Comfort Classics,2025-03-05,7,single,2.25
52cMgUC7UqXo022H06yUKR,Something Like That,4,50,FALSE,JD & The Straight Chasers,49,1855,N/A,0DeP851WJ3Og8I49JYw6YZ,Southern Comfort Classics,2025-03-05,7,single,2.97
0qZGM10IvZc3W0oPYaoehG,Sweet Disposition,8,52,FALSE,October Surprise,48,1950,N/A,6jJEhSUKlIu07ZdpRTrmEC,"Legends, Revisted",2025-03-05,8,single,2.13
531apW6WGFUIKgTA1FhMPO,Tennessee Whiskey,5,54,FALSE,JD & The Straight Chasers,49,1874,N/A,0DeP851WJ3Og8I49JYw6YZ,Southern Comfort Classics,2025-03-05,7,single,4.73
1Sp1w7Pcc5dbODq4CCvUTb,What Hurts The Most,7,51,FALSE,JD & The Straight Chasers,49,1874,N/A,0DeP851WJ3Og8I49JYw6YZ,Southern Comfort Classics,2025-03-05,7,single,2.46
62Kl67cbs2k2fG0INkjYTd,Life Is A Highway,3,55,FALSE,JD & The Straight Chasers,49,1866,N/A,0DeP851WJ3Og8I49JYw6YZ,Southern Comfort Classics,2025-03-05,7,single,4.51
7bgYrlMU0S1wfNPPD4A91Z,I Hate Your Ex-Girlfriend (feat. Doechii),2,48,TRUE,BANKS,56,1078897,N/A,0KLWUjARA0kqAtVN83d8I8,Off With Her Head,2025-02-28,12,album,2.39
3Q1wOifYl7kpB3fE1vI9Ti,Truth or Dare,1,54,FALSE,Ana Shine,45,27568,N/A,5HhqEBDt6bJ1EPEGhZseG3,Truth or Dare,2025-02-26,1,single,2.61
5KVot2VLi0sFVv7zyOCn0q,Like I do,9,65,TRUE,Tate McRae,88,9249502,pop,6KaEpgeZQF6ZVVAmSoZUrb,So Close To What,2025-02-24,16,album,3.03
6vyiGZsNWMMc3WTNaMeJ9F,Means I care,12,64,TRUE,Tate McRae,88,9241516,pop,6KaEpgeZQF6ZVVAmSoZUrb,So Close To What,2025-02-24,16,album,2.93
0UD2KrDv5s5iPYNaQyRAan,Miss possessive,1,68,TRUE,Tate McRae,88,9249502,pop,6KaEpgeZQF6ZVVAmSoZUrb,So Close To What,2025-02-24,16,album,2.31
6hQ9Z0D5IEvL5rVb4c2Oov,No I'm not in love,11,64,FALSE,Tate McRae,88,9241516,pop,6KaEpgeZQF6ZVVAmSoZUrb,So Close To What,2025-02-24,16,album,2.83
3Mk7IafwNuQdFQda1XI5PE,Nostalgia,16,63,TRUE,Tate McRae,88,9241516,pop,6KaEpgeZQF6ZVVAmSoZUrb,So Close To What,2025-02-24,16,album,3.05
08wLOGTbqSoo2CEl5RWl5C,2 hands,14,65,TRUE,Tate McRae,88,9256589,pop,6KaEpgeZQF6ZVVAmSoZUrb,So Close To What,2025-02-24,16,album,3.04
5Y6a6AaahaBi5ljf6hk7dF,bloodonmyhands (feat. Flo Milli),3,68,TRUE,Tate McRae,88,9256589,pop,6KaEpgeZQF6ZVVAmSoZUrb,So Close To What,2025-02-24,16,album,2.7
0WPC7zoxtjUMCpm3u0Xw7C,Greenlight,13,64,TRUE,Tate McRae,88,9249502,pop,6KaEpgeZQF6ZVVAmSoZUrb,So Close To What,2025-02-24,16,album,2.75
4RtFabLO2KuYlxBlgHkg64,I know love (feat. The Kid LAROI),8,65,TRUE,Tate McRae,88,9249502,pop,6KaEpgeZQF6ZVVAmSoZUrb,So Close To What,2025-02-24,16,album,2.6
6gBZsUc90myWngMU5VRYp5,It's ok I'm ok,10,65,TRUE,Tate McRae,88,9241516,pop,6KaEpgeZQF6ZVVAmSoZUrb,So Close To What,2025-02-24,16,album,2.61
16h03SmAjgMQacOa7j9bFy,Dear god,4,68,FALSE,Tate McRae,88,9265406,pop,6KaEpgeZQF6ZVVAmSoZUrb,So Close To What,2025-02-24,16,album,2.85
68piyqlWly58RgPI2L1hAK,Purple lace bra,5,67,FALSE,Tate McRae,88,9249502,pop,6KaEpgeZQF6ZVVAmSoZUrb,So Close To What,2025-02-24,16,album,3.18
3gZqHdjeKghI5QFjTdOWCU,Revolving door,2,68,TRUE,Tate McRae,88,9256589,pop,6KaEpgeZQF6ZVVAmSoZUrb,So Close To What,2025-02-24,16,album,3
5Dg1VGthgPfQasqbX5GHDE,Signs,7,65,TRUE,Tate McRae,88,9241516,pop,6KaEpgeZQF6ZVVAmSoZUrb,So Close To What,2025-02-24,16,album,2.89
181yGUB8xEh4LfK8KhC4Wa,Siren sounds (bonus),15,76,FALSE,Tate McRae,88,9256589,pop,6KaEpgeZQF6ZVVAmSoZUrb,So Close To What,2025-02-24,16,album,3.06
3pjpG96WxzRnxNFxZC56vV,Sports car,6,69,FALSE,Tate McRae,88,9256589,pop,6KaEpgeZQF6ZVVAmSoZUrb,So Close To What,2025-02-24,16,album,2.75
2bqLj0NvdtGbPCl9PdBtP2,Purple lace bra,6,67,FALSE,Tate McRae,88,9249502,pop,3w32SV56JvtJXsrYtThwzP,So Close To What,2025-02-21,15,album,3.18
22G2Yv2dJkEbId6U3grEdF,Restart,1,35,FALSE,Melodream,39,1586,N/A,5IQQ4yHKWmgXOFUGYdGJol,Restart (feat. Jaime Deraz),2025-02-21,1,single,2.62
541sN2qNfIlllGn9nGOQoC,Revolving door,3,85,TRUE,Tate McRae,88,9241516,pop,3w32SV56JvtJXsrYtThwzP,So Close To What,2025-02-21,15,album,3
0QCIpQV3twfqo9kh0t8Zza,Shake It To The Max (FLY) - Remix,1,85,TRUE,MOLIY,73,197500,alté,7jhHpyhKorvt65mYvuhlBs,Shake It To The Max (FLY) (Remix),2025-02-21,1,single,2.97
4il87YHqSV9UqbBkXM7z7m,Sports car,7,66,FALSE,Tate McRae,88,9256589,pop,3w32SV56JvtJXsrYtThwzP,So Close To What,2025-02-21,15,album,2.75
6jp9WjJtKF0Fgks0Y9Kkni,Like I do,10,66,TRUE,Tate McRae,88,9249502,pop,3w32SV56JvtJXsrYtThwzP,So Close To What,2025-02-21,15,album,3.03
4Q9ExJGFgL9Jd9kmYH3nXs,Miss possessive,1,76,TRUE,Tate McRae,88,9249502,pop,3w32SV56JvtJXsrYtThwzP,So Close To What,2025-02-21,15,album,2.31
7a1D1K7sgFtumXN02ZdbUd,No I'm not in love,12,61,FALSE,Tate McRae,88,9256589,pop,3w32SV56JvtJXsrYtThwzP,So Close To What,2025-02-21,15,album,2.83
2ETQsbiuGm2WLOSOr2I19A,Dear god,5,68,FALSE,Tate McRae,88,9241516,pop,3w32SV56JvtJXsrYtThwzP,So Close To What,2025-02-21,15,album,2.85
56LQyaXsYWQZ2b7OPLAKEO,Greenlight,14,66,TRUE,Tate McRae,88,9241516,pop,3w32SV56JvtJXsrYtThwzP,So Close To What,2025-02-21,15,album,2.75
64KV9vjChfN2w9vA4j7A2K,Happen To Me,1,59,FALSE,Russell Dickerson,65,587206,"country, pop country",5FzT4YTYR95DHUhUkKWjvb,Happen To Me,2025-02-21,1,single,3.06
4xvEn1vhrF9JbPFWqTXsH4,I know love (feat. The Kid LAROI),9,73,TRUE,Tate McRae,88,9249502,pop,3w32SV56JvtJXsrYtThwzP,So Close To What,2025-02-21,15,album,2.6
7GzG576kRqJqBPe6Owokoy,La La La,1,48,FALSE,CADDY,38,963,N/A,6tKwtmKglsRBdQjAKLxptH,La La La,2025-02-21,1,single,3.31
5UJbgR4XF4y1DvbkxEqe8S,Sports car,6,86,FALSE,Tate McRae,88,9256589,pop,07V9HO6Djetw5j5lXPylLd,So Close To What,2025-02-20,16,album,2.75
6iOndD4OFo7GkaDypWQIou,La Plena - W Sound 05,1,89,TRUE,W Sound,73,812534,N/A,4Xdo78uvvt1P7rWRX8TOPt,La Plena (W Sound 05),2025-02-19,1,single,2.5
6yf7OCIxFzTZwWa5fHoOGS,so sick,1,40,FALSE,Right Right,27,200,N/A,3cbm4cH2LNvrmnuxgUbPNq,indiemono | love 5.0,2025-02-14,9,compilation,3.16
1KVIsj8vut4tYOxPFbKUeu,We Are Not Broken,1,23,FALSE,Matt Goss,16,9639,trance,59xlbH0ef3i1gRKOHEJevT,We Are Not Broken,2025-02-14,1,single,3.71
0b0Dz0Gi86SVdBxYeiQcCP,Busy Woman,16,82,TRUE,Sabrina Carpenter,91,26559943,pop,3WzBIQmn2hrulLeTY9smkk,Short n' Sweet (Deluxe),2025-02-14,17,album,3.11
2u9S9JJ6hTZS3Vf22HOZKg,NOKIA,14,85,TRUE,Drake,95,103039388,rap,6Rl6YoCarF2GHPSQmmFjuR,$ome $exy $ongs 4 U,2025-02-14,21,album,4.01
7zFio8WT0tTBqLs1pXYKqy,We Hug Now,1,80,FALSE,Sydney Rose,63,340502,N/A,30h62oCDd1lhOsJibIFieh,We Hug Now,2025-02-13,1,single,4.14
0MrTtNjPbu7fMVPeqrlTII,tweaker - Acoustic,1,0,FALSE,raysoo,10,355,N/A,5sONJDT1XjwRxtPgfYK0yO,tweaker (Acoustic),2025-02-10,1,single,2.12
5ITV0zqzjOYfFWpW0xBmRa,Show Me Love,1,86,FALSE,WizTheMc,73,226566,N/A,4gyYKUIAOEcP50RM1Sjzj6,Show Me Love,2025-02-07,1,single,2.94
6qqrTXSdwiJaq8SO0X2lSe,Ordinary,1,90,FALSE,Alex Warren,84,2880337,N/A,6xomx5ekO7qHDvDh57rZ5S,Ordinary,2025-02-07,1,single,3.11
31Bc5ljAHxRYpuX7gERdgh,Do It Again,1,44,FALSE,Johnning,51,43179,N/A,21YVhWfcopn3M48lJ11wtK,Do It Again,2025-02-07,1,single,3.26
4CPuDVC8jhhK6lA2DIt8Cf,Born Again (feat. Doja Cat & RAYE),1,72,TRUE,LISA,75,13273537,k-pop,5ADTbFCyP8cFAu59i4idiC,Born Again (feat. Doja Cat & RAYE),2025-02-06,1,single,3.85
5ZLUm9eab8y3tqQ1OhQSHI,Abracadabra,1,81,FALSE,Lady Gaga,88,42256604,"art pop, pop",2I6LyArz82waG94e9V5B9d,Abracadabra,2025-02-03,1,single,3.72
5rzI6Jnlhx8DgVgsOLorfW,Baptized In Fear,6,71,FALSE,The Weeknd,93,112918137,"r&b pop, alternative r&b, hip hop, synthpop",3OxfaVgvTxUTy7276t7SPU,Hurry Up Tomorrow,2025-01-31,22,album,3.86
4sWQbsLLH2NEbO79DSZCL9,Big Sleep (feat. Giorgio Moroder),16,62,FALSE,The Weeknd,93,112918137,"r&b pop, alternative r&b, hip hop, synthpop",3OxfaVgvTxUTy7276t7SPU,Hurry Up Tomorrow,2025-01-31,22,album,3.75
7rVmzyFA7f4rNGl9onF21E,Take Me Back To LA,15,67,FALSE,The Weeknd,93,112918137,"r&b pop, alternative r&b, hip hop, synthpop",3OxfaVgvTxUTy7276t7SPU,Hurry Up Tomorrow,2025-01-31,22,album,4.22
5ZDKPFRZC6QlJpf8bCIXTs,The Abyss (feat. Lana Del Rey),19,75,FALSE,The Weeknd,93,112918137,"r&b pop, alternative r&b, hip hop, synthpop",3OxfaVgvTxUTy7276t7SPU,Hurry Up Tomorrow,2025-01-31,22,album,4.71
0FIDCNYYjNvPVimz5icugS,Timeless (feat Playboi Carti),13,90,TRUE,The Weeknd,93,112918137,"r&b pop, alternative r&b, hip hop, synthpop",3OxfaVgvTxUTy7276t7SPU,Hurry Up Tomorrow,2025-01-31,22,album,4.26
6jDGDtQPC46pFqxph3qdbD,Until We're Skin & Bones,5,21,FALSE,The Weeknd,93,112957721,"r&b pop, alternative r&b, hip hop, synthpop",3OxfaVgvTxUTy7276t7SPU,Hurry Up Tomorrow,2025-01-31,22,album,0.36
5673WA8EEUSPx1ir26lhGW,Wake Me Up (feat. Justice),1,70,FALSE,The Weeknd,93,112957721,"r&b pop, alternative r&b, hip hop, synthpop",3OxfaVgvTxUTy7276t7SPU,Hurry Up Tomorrow,2025-01-31,22,album,5.14
4TDPlp7OSOjuDU3l7PCM04,Hurry Up Tomorrow,22,63,FALSE,The Weeknd,93,112918137,"r&b pop, alternative r&b, hip hop, synthpop",3OxfaVgvTxUTy7276t7SPU,Hurry Up Tomorrow,2025-01-31,22,album,4.85
64JIAZ0bS7WoARYfWQGCoz,I Can't Fucking Sing,3,18,TRUE,The Weeknd,94,112995439,"r&b pop, alternative r&b, hip hop, synthpop",3OxfaVgvTxUTy7276t7SPU,Hurry Up Tomorrow,2025-01-31,22,album,0.2
0bcZ7xN9IcjSNxLerzR2yl,I Can't Wait To Get There,12,66,TRUE,The Weeknd,93,112918137,"r&b pop, alternative r&b, hip hop, synthpop",3OxfaVgvTxUTy7276t7SPU,Hurry Up Tomorrow,2025-01-31,22,album,3.14
6n6GfXu4i22rdsmRKe2eIn,Without a Warning,21,66,FALSE,The Weeknd,93,112957721,"r&b pop, alternative r&b, hip hop, synthpop",3OxfaVgvTxUTy7276t7SPU,Hurry Up Tomorrow,2025-01-31,22,album,4.95
3AWDeHLc88XogCaCnZQLVI,Cry For Me,2,82,TRUE,The Weeknd,93,112918137,"r&b pop, alternative r&b, hip hop, synthpop",3OxfaVgvTxUTy7276t7SPU,Hurry Up Tomorrow,2025-01-31,22,album,3.73
6i5fDaCzwxRrZtuvvcqoIf,Drive,18,64,FALSE,The Weeknd,93,112918137,"r&b pop, alternative r&b, hip hop, synthpop",3OxfaVgvTxUTy7276t7SPU,Hurry Up Tomorrow,2025-01-31,22,album,3.14
637oNhilCI9UlkWkUW4Grt,Enjoy The Show (feat. Future),10,66,TRUE,The Weeknd,93,112918137,"r&b pop, alternative r&b, hip hop, synthpop",3OxfaVgvTxUTy7276t7SPU,Hurry Up Tomorrow,2025-01-31,22,album,5.02
0K3w6WNawZlv6Izmsrye8o,Give Me Mercy,17,62,FALSE,The Weeknd,93,112918137,"r&b pop, alternative r&b, hip hop, synthpop",3OxfaVgvTxUTy7276t7SPU,Hurry Up Tomorrow,2025-01-31,22,album,3.6
0FolPJnYMo71Z7qasTuoJT,Given Up On Me,11,67,FALSE,The Weeknd,94,112995439,"r&b pop, alternative r&b, hip hop, synthpop",3OxfaVgvTxUTy7276t7SPU,Hurry Up Tomorrow,2025-01-31,22,album,5.91
717s9KFmHhyy5t3xkStS56,Red Terror,20,62,FALSE,The Weeknd,93,112918137,"r&b pop, alternative r&b, hip hop, synthpop",3OxfaVgvTxUTy7276t7SPU,Hurry Up Tomorrow,2025-01-31,22,album,3.86
2gyHr9WqZeMtzJOpWGuGo6,"Reflections Laughing (feat. Travis Scott, Florence + The Machine)",9,70,TRUE,The Weeknd,94,112995439,"r&b pop, alternative r&b, hip hop, synthpop",3OxfaVgvTxUTy7276t7SPU,Hurry Up Tomorrow,2025-01-31,22,album,4.85
7DY756WOLyOz2Xnhw4EFiC,São Paulo (feat. Anitta),4,84,TRUE,The Weeknd,93,112918137,"r&b pop, alternative r&b, hip hop, synthpop",3OxfaVgvTxUTy7276t7SPU,Hurry Up Tomorrow,2025-01-31,22,album,5.02
2P6YMsU9jt22CXfizfudi3,Love Hangover (feat. Dominic Fike),1,68,TRUE,JENNIE,81,12328041,k-pop,3awd1TKrdd3emCecvza61j,Love Hangover (feat. Dominic Fike),2025-01-31,1,single,3
2v0AG62ZHtD3I4YmTb3WYM,Niagara Falls,14,71,TRUE,The Weeknd,93,112957721,"r&b pop, alternative r&b, hip hop, synthpop",3OxfaVgvTxUTy7276t7SPU,Hurry Up Tomorrow,2025-01-31,22,album,4.62
0sTBOp1hdayTjw6UOyPyi6,Open Hearts,7,73,FALSE,The Weeknd,93,112918137,"r&b pop, alternative r&b, hip hop, synthpop",3OxfaVgvTxUTy7276t7SPU,Hurry Up Tomorrow,2025-01-31,22,album,3.91
4Msr8L0gHGDsLSBlk7pSPU,Opening Night,8,64,FALSE,The Weeknd,94,112995439,"r&b pop, alternative r&b, hip hop, synthpop",3OxfaVgvTxUTy7276t7SPU,Hurry Up Tomorrow,2025-01-31,22,album,1.6
0bxRSMz5WY1VuMmOhanE4b,Baptized In Fear,6,63,FALSE,The Weeknd,93,112918137,"r&b pop, alternative r&b, hip hop, synthpop",6iyZdOoujtOwiThdAUI8TM,Hurry Up Tomorrow,2025-01-30,22,album,3.86
0uHD7UrwxsqPmtG25USTa6,let me fall,1,51,TRUE,Ex Habit,59,130298,dark r&b,0N72oUsBU8zKbE5E8VMv2c,let me fall,2025-01-29,3,single,2.68
4cSjEMkzQvpw8XPf4AGlZz,May You Always Shine,5,25,FALSE,Chris Wenner,23,2055,N/A,0re1D5BNq8QDj1D6fhimLI,Not Old Enough,2025-01-24,14,album,3.47
5rrwj9g1c4kwnPSnsXP7g3,Arm's Length,1,54,TRUE,Sam Fender,73,1205664,N/A,4RCqRkyKtCcOlBMaq12WFn,Arm's Length,2025-01-24,3,single,3.99
4Iu73sdCNxZXZUIyClMoPZ,Better Me For You (Brown Eyes),2,80,FALSE,Max McNown,72,694838,N/A,10hjsM00M8pghNdZRwOShY,Night Diving,2025-01-24,10,album,3.23
5kILHrfMHQ4eFHZqnu4yY3,Striptease,9,54,FALSE,FKA twigs,64,1442113,"art pop, alternative r&b",3o1TOhMkU5FFMSJMDhXfdF,EUSEXUA,2025-01-24,11,album,4.72
4n7JWRT5fH2YqqWMljGcYf,Volta Amor,1,12,TRUE,Bruno Chosen,2,107,N/A,3dHnLcOpXjNkKExvfUse4K,Boopy,2025-01-24,2,single,2.73
2UYAifrQTyJCocTAHk1uS8,Red Velvet (with Ari Abdul),1,56,FALSE,Jutes,61,288264,N/A,5OmgLcynomYwAYCDK7wa4Q,Red Velvet (with Ari Abdul),2025-01-24,1,single,3.1
2zOmS55knKWSgScYPTNmGQ,Sports car,1,79,FALSE,Tate McRae,88,9241516,pop,1fOTqAU8mRMHlmOaHMqsge,Sports car,2025-01-24,3,single,2.75
2nRYdAZpfHZ4TngoMZiRfr,Fancy,1,40,FALSE,CADMIUM,47,74067,N/A,3F1Rx20aGuLDJnTH2BdlrQ,Fancy,2025-01-24,1,single,2.7
7j0QSWeLhjrsY8MPAnea2O,Greedy,1,49,FALSE,MARSTEREON,51,2385,deep house,6HCf8VQiSld9mJikRnEdif,Greedy,2025-01-23,1,single,2.07
2rtQyuqgXnVWTlkCWKuBNc,her name,1,54,FALSE,Beneld,53,19010,dark r&b,0X5BGmbOoA14t7v0BGdnDc,her name,2025-01-17,3,single,2.68
0wOdcEgqadzlYgBGunlHMV,Forever Young,1,51,FALSE,Alan Walker,78,41271918,N/A,7xBAA2rjqdxZtJbi8FfdAn,Forever Young,2025-01-17,2,single,2.96
7c85rhgZ68cUiORoC33Yhz,Changes,1,37,FALSE,Blasterjaxx,61,847354,"big room, edm",1gJLdjFptxsVUHp6PuCZoC,Changes,2025-01-17,1,single,2.58
08rg6ZoQcpiGTJqTBbUYfT,Me Hace Daño Verte - Cover,1,12,FALSE,Oliver Damian,3,92,N/A,7kiCCDCJE0gGZCN3ysZ4yf,Me Hace Daño Verte (Cover),2025-01-17,1,single,4.73
7r77HtzOYwh8e2diiRzVeT,Neon Hong Kong,1,44,TRUE,Riff Raff,48,193266,N/A,1r116EuyPgjMXZ5llcG6Bo,Welcome To Shaolin,2025-01-17,21,album,3.03
5pOnmZnc4FsF9e04Etv5X3,Strangers,1,47,FALSE,RIELL,52,78478,N/A,0RapZmQPdoPuqODNb03SaX,Strangers,2025-01-17,1,single,2.85
5D7KsExiQPQAjWh2ZB3g0Z,Poison In My Veins,1,54,FALSE,Elvis Drew,55,68465,dark r&b,21nvcaSSWN5jn9wq6RgxIL,Poison In My Veins,2025-01-16,1,single,3.78
5sx4QunpB6JQv5rPIqdtZc,Soda Soda,5,35,FALSE,Ahmed Saad,61,6374933,"mahraganat, egyptian pop, egyptian shaabi, khaleeji",6udoWtucgo5nrmcLhRrFNR,Habebna,2025-01-15,9,album,3.59
0wDjQ6GVOrxxlPdNGYnG1o,3ayez Salamtak,2,41,FALSE,Ahmed Saad,61,6371210,"mahraganat, egyptian pop, egyptian shaabi, khaleeji",6udoWtucgo5nrmcLhRrFNR,Habebna,2025-01-15,9,album,3.78
7CpgYXxN83eFYmuMvWKm9R,Ana Mesheet,8,45,FALSE,Ahmed Saad,61,6371210,"mahraganat, egyptian pop, egyptian shaabi, khaleeji",6udoWtucgo5nrmcLhRrFNR,Habebna,2025-01-15,9,album,3.7
6wxBewgwUy7sLGhmhLtmQw,Baseet,4,41,FALSE,Ahmed Saad,61,6371210,"mahraganat, egyptian pop, egyptian shaabi, khaleeji",6udoWtucgo5nrmcLhRrFNR,Habebna,2025-01-15,9,album,4.68
7dnOoqGBwHMHEzwgveB4sO,Habebna,9,40,FALSE,Ahmed Saad,61,6382603,"mahraganat, egyptian pop, egyptian shaabi, khaleeji",6udoWtucgo5nrmcLhRrFNR,Habebna,2025-01-15,9,album,4.14
60zEl2cvjjtDhzF78snIYr,Law Tigi,3,56,FALSE,Ahmed Saad,61,6371210,"mahraganat, egyptian pop, egyptian shaabi, khaleeji",6udoWtucgo5nrmcLhRrFNR,Habebna,2025-01-15,9,album,4.2
7bKDrqHNpe2lb2hpcgE8jk,Let It Burn,1,36,TRUE,Stakz DeVito,28,1103,N/A,7hqCLsh9uVICq59EmO1CJ7,Let It Burn,2025-01-15,1,single,4.32
4XkKtFSuLnP8iXktwjxguR,Moftakedni,1,48,FALSE,Ahmed Saad,61,6374933,"mahraganat, egyptian pop, egyptian shaabi, khaleeji",6udoWtucgo5nrmcLhRrFNR,Habebna,2025-01-15,9,album,3.89
1P00H6UbBZZ38joqkrn0Wc,Omri Eli Fat,7,36,FALSE,Ahmed Saad,61,6379004,"mahraganat, egyptian pop, egyptian shaabi, khaleeji",6udoWtucgo5nrmcLhRrFNR,Habebna,2025-01-15,9,album,4.03
3Gv3IxTlIuBmMQwuI9TygU,Tigi Nehareb,6,42,FALSE,Ahmed Saad,61,6374933,"mahraganat, egyptian pop, egyptian shaabi, khaleeji",6udoWtucgo5nrmcLhRrFNR,Habebna,2025-01-15,9,album,4.09
32zIEMp3nOlBDTLgAMfDVB,ARCHITECT,1,23,FALSE,J. Baez,7,60,N/A,3wWG2CACWhW9Ljsvf6Mf9J,ARCHITECT,2025-01-11,1,single,2.47
2AFwQBPl6oJwHNfwBQq49B,Back In Love,1,58,FALSE,Thierry Von Der Warth,62,47263,tropical house,1eX6qB7kAQ9K7VygUe5CVW,Back In Love,2025-01-10,1,single,2.55
5qe8SnxPbpCtIzDpwXCfG6,Keep it 2 myself,1,40,FALSE,Anna Marx,34,1703,N/A,1zQ8dPcbB7nowmaoFJVC8V,Keep it 2 myself,2025-01-10,2,single,2.44
3sK8wGT43QFpWrvNQsrQya,DtMF,16,91,TRUE,Bad Bunny,95,102500980,"reggaeton, trap latino, urbano latino, latin",5K79FLRUCSysQnVESLcTdb,DeBÍ TiRAR MáS FOToS,2025-01-05,17,album,3.95
6J5kc12BW5HuP3d7C3vvx8,EoO,15,88,TRUE,Bad Bunny,95,102571645,"reggaeton, trap latino, urbano latino, latin",5K79FLRUCSysQnVESLcTdb,DeBÍ TiRAR MáS FOToS,2025-01-05,17,album,3.41
2lTm559tuIvatlT1u0JYG2,BAILE INoLVIDABLE,3,90,TRUE,Bad Bunny,95,102536542,"reggaeton, trap latino, urbano latino, latin",5K79FLRUCSysQnVESLcTdb,DeBÍ TiRAR MáS FOToS,2025-01-05,17,album,6.12
5TFD2bmFKGhoCRbX61nXY5,NUEVAYoL,1,89,FALSE,Bad Bunny,95,102571645,"reggaeton, trap latino, urbano latino, latin",5K79FLRUCSysQnVESLcTdb,DeBÍ TiRAR MáS FOToS,2025-01-05,17,album,3.06
2axaSxcW54k5GSXBHjfdpg,"ME, MYSELF,& MO.CITY/ I TOLD YOU",7,30,TRUE,BOMBVY,13,119,N/A,2tHlA4uMvbrcWZ7CendyrL,MORFEIN,2024-12-29,12,album,9.85
4byDLWWkpfuSBBiAWbkVdl,BAKU,1,24,TRUE,King Kxmi,8,2482,N/A,6geWQ2eJzrLh575cZjuZ4i,BAKU,2024-12-29,1,single,2.92
6hOzyj0ywlDrxOXGP44b4U,kisses in the wind,1,52,TRUE,Lil Peep,82,15689879,"emo rap, cloud rap",3cT1UauYmRuXSvISJAcocn,kisses in the wind,2024-12-28,1,single,2.46
0FTmksd2dxiE5e3rWyJXs6,back to friends,1,92,FALSE,sombr,85,2789144,N/A,0QLILSOq1IqAqx62drmv4E,back to friends,2024-12-27,1,single,3.31
2NqsSaJYjwLwwWHGJpKIFw,Overdrive (Alive),1,0,FALSE,HUTS,48,120148,slap house,2Hs0ICfieli2hAQpIoIO04,Overdrive (Alive),2024-12-27,1,single,2.71
4tIweg2kPmY8MvchXcrS70,Elle t’a tué,1,42,FALSE,turndownn,24,378,N/A,2izQlFAxDfhHNjPapRIAm7,Elle t’a tué,2024-12-25,1,single,2.28
2Zklf7erz34GATO3TDfFPS,GET YOU BACK,1,21,TRUE,WTE LIK,6,27,N/A,537HuMLuz8S22UNRSVouHa,GET YOU BACK,2024-12-25,1,single,3.33
3U3hFkMr0Q90pD24EkE3Pr,BMF,5,78,TRUE,SZA,87,33055350,r&b,3VQkNrG74QPY4rHBPoyZYZ,SOS Deluxe: LANA,2024-12-20,38,album,3.01
009mbur8TQQ0kvfJMXoVas,I'm Sorry,1,3,FALSE,Besomorph,58,146944,slap house,0Bgnu8iaIIuw2haTrUbJMY,I'm Sorry,2024-12-20,1,single,3.17
47xQwrip8UriPhFPUjSRQ7,"It Ain't Me, Babe",18,71,FALSE,Timothée Chalamet,56,149707,N/A,21abnHIwhrjqFs4Yywsm9t,A Complete Unknown (Original Motion Picture Soundtrack),2024-12-20,23,album,3.62
2mRNvQJTxzrsJ110hB2WzY,Moonlight Shadow,1,37,FALSE,Clouded.,22,1009,slap house,6zlaziYcRoA98UvRkXjIaS,Moonlight Shadow,2024-12-20,1,single,3.06
47b6AJXIHpkTQR2Zxkq04h,I See,1,50,TRUE,Rumelis,48,8682,dark r&b,27UTqkjEGsy0JcjmV5udDo,I See,2024-12-19,3,single,2.58
5ZoXZbzob3CSAxVxzRcTOb,I See - Sped Up,2,45,TRUE,Rumelis,48,8682,dark r&b,27UTqkjEGsy0JcjmV5udDo,I See,2024-12-19,3,single,2.3
3nm4vLwtynGobSZQd9mmVf,when he holds u close,1,47,FALSE,Omido,59,72278,dark r&b,7xB6lp8C8Wd5D4VTYYubKs,when he holds u close,2024-12-18,3,single,2.6
2CQdlpK88QxuUyVKKXAxBF,Show Me,1,54,FALSE,BURY,52,21748,dark r&b,1JOiaBVcySVw3HOcXogdew,Show Me,2024-12-18,3,single,3.44
4E2j6b0NrYXnlypn9sMiOu,Feel Good,5,78,TRUE,Clara La San,69,456500,N/A,04lPG1CAJHz9itLjPkiyuU,Good Mourning,2024-12-13,10,album,3.54
3XCGpKx1EaFA4sqgpQ2253,Freaks,1,54,FALSE,TRFN,50,39852,"slap house, g-house",0p4SqUcPkSmWk2ceJs2BT2,Freaks,2024-12-13,1,single,2.01
7dYuoa2C8QzHOZ3kr9zYAR,Viva La Vida,1,33,FALSE,Ericovich,41,11030,nightcore,4MfccbcsngCc4LSc5pmAno,Viva La Vida,2024-12-13,1,single,2.09
3mvy6MevlZe9rSUrW1bhqv,Only Wanna Dream,1,13,FALSE,GYMBRO,50,32968,hypertechno,23bADpZDuvd1a8wTXnDeFR,Only Wanna Dream,2024-12-13,1,single,2.12
7hGhnUEepGK4DBPMj7bc1Y,different,1,33,FALSE,retz,40,9764,N/A,1exUmzBCDp9VpRHLBwmNVT,different,2024-12-06,2,single,2.98
4wJ5Qq0jBN4ajy7ouZIV1c,APT.,6,83,FALSE,ROSÉ,78,13313690,k-pop,7kFyd5oyJdVX2pIi6P4iHE,rosie,2024-12-06,12,album,2.83
6Nuzq0dw2uEqDBZBFQbuFs,Parachute,1,25,FALSE,Intellios,17,1310,N/A,2Ya8OcgtO0hVwvyCuZT7Ey,Parachute,2024-12-06,1,single,1.99
12gsdUDClTjDeCM61nnqdX,Place We Know,1,54,FALSE,sûr faire,42,294,N/A,3zG9wqidbdyxyqHhfhfDxk,Place We Know,2024-12-06,1,single,2.6
0sbtBCiW8PPgUzcXxewHAI,Supply And Demand,1,26,TRUE,STFN,9,73,N/A,0V8Rhgswh6xhsMmMpX8ETD,Supply And Demand,2024-12-06,1,single,2.75
1z5ebC9238uGoBgzYyvGpQ,toxic till the end,4,79,FALSE,ROSÉ,78,13313690,k-pop,7kFyd5oyJdVX2pIi6P4iHE,rosie,2024-12-06,12,album,2.61
7oAbPOF0jpHxEjQcKOQNPp,Ghost,1,32,FALSE,Hannah Harlacher,20,218,N/A,2vEMaK3NRNsGn8iUXmQPcP,indiemono OBSIDIAN SUNSET | Indie / Alternative VOL. 05,2024-12-01,10,compilation,5.52
3okPoXUrOcyGeY6gxx3fZ8,Drip Down,1,16,FALSE,Tungevaag,58,175275,big room,4KhHKbf2EkoIFSYyRLwKNe,Drip Down,2024-11-29,1,single,2.1
0pyRdHecOfxavci3jGc84M,One Call,1,36,FALSE,Nic Dean,41,30239,dark r&b,5VB5OFyoKgJtNiRe88mcMI,One Call,2024-11-29,2,single,2.27
6TSJjHRZrIKw3pAHbvdJXL,Outside,1,37,FALSE,ILURO,41,8658,N/A,04W2bHYzAWnqOY1gqPy7Vj,Outside,2024-11-29,1,single,2.84
0K0N6C3YIxFa2s5zqdzvDx,She Doesn't Mind,1,2,FALSE,Besomage,50,12471,N/A,3HaooTagrWD0GsBipyELLA,She Doesn't Mind,2024-11-29,1,single,2.42
14mT8BCOXiUUcGlb7KujkT,I Think They Call This Love - Cover,2,69,FALSE,Matthew Ifield,53,212334,N/A,7nHR6a47KVa7NHWVzKKvjl,I’ll Be Home For Christmas / I Think They Call This Love (Cover),2024-11-28,2,single,3.27
7Kk581xmajJZNYit8Ssrtd,KHÔNG SAO CẢ (feat. 7dnight),2,47,FALSE,RAP VIỆT,55,2085415,"vietnamese hip hop, v-pop",4mtK6vfGuOzg9o5F4Gf0Rr,"RAP VIỆT 2024, Tập 10",2024-11-25,6,single,4.15
3S8F1vuqoL7pxHb395XJ7q,Getting Older (Time Is Ticking),1,22,FALSE,J 2 5,7,34,N/A,4g77ee5w9A2mE2gd8pTQcH,Getting Older (Time Is Ticking),2024-11-25,1,single,2.89
6m8U5FuQ5RTl1CO8KsENYS,I Promised You (feat. Ray Chen),47,48,FALSE,Arcane,76,771281,N/A,0ftlnGZSqNO2rDDRG9zeUR,Vol. 3: Arcane League of Legends (Season 2 Original Score),2024-11-24,49,album,3.36
0osQqNcvhl7pD6FtjOcT9T,Sucker (from the series Arcane League of Legends),3,68,TRUE,Arcane,76,771980,N/A,2x6LWti2bjYS6AllSomoV7,Arcane League of Legends: Season 2 (Soundtrack from the Animated Series),2024-11-23,22,album,3.73
5r9OlaHzqlOKkFAv0q5Gm3,Wasteland (from the series Arcane League of Legends),21,67,FALSE,Arcane,76,771980,N/A,2x6LWti2bjYS6AllSomoV7,Arcane League of Legends: Season 2 (Soundtrack from the Animated Series),2024-11-23,22,album,2.68
2fQwoYSzWzChmIB2zZwrGL,Remember Me (from the series Arcane League of Legends),9,68,FALSE,Arcane,76,771688,N/A,2x6LWti2bjYS6AllSomoV7,Arcane League of Legends: Season 2 (Soundtrack from the Animated Series),2024-11-23,22,album,2.03
2LwsunYgfRoqyIsNtgOCQx,Ma Meilleure Ennemie (from the series Arcane League of Legends),16,75,FALSE,Arcane,76,771688,N/A,2x6LWti2bjYS6AllSomoV7,Arcane League of Legends: Season 2 (Soundtrack from the Animated Series),2024-11-23,22,album,2.46
45J4avUb9Ni0bnETYaYFVJ,luther (with sza),3,83,FALSE,Kendrick Lamar,89,44606446,"hip hop, west coast hip hop",0hvT3yIEysuuvkK73vgdcW,GNX,2024-11-22,12,album,2.95
5QMrH5nszZZR3nefIj6Mar,Defying Gravity,11,74,FALSE,Cynthia Erivo,66,522714,musicals,3JUrJP460nFIqwjxM19slT,Wicked: The Soundtrack,2024-11-22,12,album,7.66
0nj9Bq5sHDiTxSHunhgkFb,squabble up,2,80,TRUE,Kendrick Lamar,89,44606446,"hip hop, west coast hip hop",0hvT3yIEysuuvkK73vgdcW,GNX,2024-11-22,12,album,2.63
2CGNAOSuO1MEFCbBRgUzjd,luther (with sza),3,84,FALSE,Kendrick Lamar,89,44592005,"hip hop, west coast hip hop",1Ss0ArMRr91m83mOgRBjSZ,GNX,2024-11-21,12,album,2.95
29iBq2XErmuCwpsCXb7la3,Loveline,1,9,FALSE,BYOR,60,38969,N/A,2umhFc7iIdqWRmPGN4aGXC,Loveline,2024-11-15,1,single,2.25
0CRvTAUyG3WOb3DIelsJ12,makes me want you,1,71,FALSE,sombr,85,2795852,N/A,1D8iT4RFF0y4eF2nc6Nssx,makes me want you,2024-11-15,1,single,2.68
31rLeplcJIGfbvUBpPa9f7,MUSTANG BABY (FT. ARTEMAS),6,58,TRUE,Nessa Barrett,68,1719445,N/A,6h9oVEkQTYEL3aoVAnfpub,AFTERCARE,2024-11-15,15,album,3.19
0IVAYMUDvpzFxIEuGc71SM,P*RNSTAR,2,74,TRUE,Nessa Barrett,68,1719900,N/A,6h9oVEkQTYEL3aoVAnfpub,AFTERCARE,2024-11-15,15,album,2.49
6fgIAfNW3pofHWyRQdsL2Q,Panda Eyes,1,9,TRUE,Drenchill,51,34822,slap house,3Go81A7sGtoK6aPWDMmQW3,Panda Eyes,2024-11-15,1,single,2.06
3ZZyUf7WkhfN1JkQZZ00fI,People Watching,1,64,FALSE,Sam Fender,73,1204977,N/A,2Qg1mJJObwIAJiFHTQvl9E,People Watching,2024-11-15,1,single,5.19
4lGHyCRc06uJfcUaidaihu,Birds Of A Feather,1,44,FALSE,deer noir,37,825,N/A,3VlrRUFgh5fWWHZRIve46E,Birds Of A Feather,2024-11-15,1,single,2.98
2LaLzmU2vny0lwlyi6sCp2,DIRTY LITTLE SECRET,15,60,FALSE,Nessa Barrett,68,1719900,N/A,6h9oVEkQTYEL3aoVAnfpub,AFTERCARE,2024-11-15,15,album,3.58
1SzxeLmEx1tr9EcPoCzT9d,Safe,1,48,FALSE,MarchY,37,794,N/A,6GHHtTcj8oD373Sh07AqGJ,Safe,2024-11-14,1,single,2.7
20OH7wRKCLelkw3J0bl5Oo,How Deep Is Your Love,1,57,FALSE,MetaBoy,48,2631,"afro house, hypertechno",0SouGD9onEpsJcYnpu2V8M,How Deep Is Your Love,2024-11-08,1,single,2.49
463hYpO0Sj96MgruN8zgfG,Kill for you,1,44,FALSE,Mandrazo,48,10272,N/A,3A0J60vjfj8cHcYaDhd0S6,Kill for you,2024-11-08,2,single,3.1
726SEjbF3ToEbYbn43gnxl,Nice To Meet You,1,75,FALSE,Myles Smith,74,1317349,N/A,0BNzjDHvi3stIakYKnQoBY,A Minute...,2024-11-08,7,single,2.93
5H6QYCgYjoH7nVBdl3wOSR,Not Alone - Acoustic Version,2,54,FALSE,Gabry Ponte,72,715424,"slap house, italo dance",1ve6m4z8fGUPSvYGGmTqit,Not Alone (feat. Diana Goldberg),2024-11-08,2,single,3.36
2GbDHdc9ubNBtcBADoiRPq,15 Minutes,1,33,FALSE,mavzy grx,45,9382,hypertechno,25IKjA9Egs3PW4Sqe99o4s,15 Minutes,2024-11-08,1,single,2.11
5NfNX3vbMvmdQaThELc4w3,Birds Of A Feather,1,3,FALSE,Besomage,50,12555,N/A,7wueMTBUMSYeG10MKQVG0S,Birds Of A Feather,2024-11-07,1,single,2.41
1og1dMk5BSnu2X1voWoV85,"""Aa Zara (From ""Murder 2"")""",11,15,FALSE,Sunidhi Chauhan,74,17579633,"bollywood, desi, hindi pop",79PzRAQKNStFmKx9t9IL0t,Sunidhi's Sassy Hits,2024-11-05,50,compilation,4.95
0o9qBOmQbJCDZwPE3ODJPY,Downtown Lover,1,41,FALSE,Besomorph,58,146944,slap house,3qxajxr4bbLsaAtSh79vlR,Downtown Lover,2024-11-01,1,single,2.08
4QpuZ1Qbcd11aOtY1kGMRg,The Fall,2,75,FALSE,Cody Johnson,73,1943383,"texas country, country, red dirt",5CWUkGGArOj0vj7z1BogV0,Leather Deluxe Edition,2024-11-01,25,album,3.29
0xGQTpN4ESETtl1Sp6rzd2,São Paulo (feat. Anitta),1,12,TRUE,The Weeknd,93,112957721,"r&b pop, alternative r&b, hip hop, synthpop",44MHvpU3h9Wp6SxhsC9GOK,São Paulo,2024-10-31,1,single,5.02
4wV3MEQv5G3Tzraw5rQFz1,over my dead body,1,57,FALSE,Ex Habit,59,130194,dark r&b,4dMetBrdGUcrYnK7X5iNf4,over my dead body,2024-10-29,2,single,2.73
65KethfXjEDQSUySJqYeqz,Change the World,1,20,FALSE,Jiggy Tone,8,2057,N/A,4V5iEUMvyygADXzYDS49M1,Change the World,2024-10-29,1,single,3.02
1QoyuMHNBe7lg3YW4Qtll4,St. Chroma (feat. Daniel Caesar),1,76,TRUE,"Tyler, The Creator",86,24430255,N/A,0U28P0QVB1QRxpqp5IHOlH,CHROMAKOPIA,2024-10-28,14,album,3.28
6jbYpRPTEFl1HFKHk1IC0m,Like Him (feat. Lola Young),12,85,TRUE,"Tyler, The Creator",86,24420596,N/A,0U28P0QVB1QRxpqp5IHOlH,CHROMAKOPIA,2024-10-28,14,album,4.63
4l1CACK2hyaPhBItF52svI,midnight,1,58,FALSE,kobzx2z,61,46395,"funkot, lagu jawa",7qbKGpjqCQrtrTWjdzcb2J,midnight,2024-10-25,6,single,2.15
3TPKsQTu9jZyzQJiax5rLA,Aquamarine,1,60,FALSE,Addison Rae,74,1366758,N/A,1beK8FLMznalelPYVW3ZeS,Aquamarine,2024-10-25,2,single,2.71
4iHYQwgtrY26p2uQG8Nstr,Blink Gone (VIVINOS - ALNST Original Soundtrack Part.8),1,70,FALSE,BL8M,60,183597,N/A,14ExSDXnBhbOIF54YF5vZf,Blink Gone (VIVINOS - ALNST Original Soundtrack Part.8),2024-10-25,1,single,3.14
2MBD7dFetiSCm8CopK8v9t,GODS,1,40,FALSE,Ericovich,41,11036,nightcore,3W5cbW5fz2DR8OEURYzLWa,GODS,2024-10-25,1,single,2.01
19KlZwqlT3fguP2BeHF1Q1,Disease,1,70,FALSE,Lady Gaga,89,42275793,"art pop, pop",52BWvTRMsPqjHzrbQomgwP,Disease,2024-10-25,1,single,3.83
0CF9IePuDBqmQPWEgjQoX8,DISCO COWBOY,2,43,FALSE,Mishaal Tamer,58,192735,N/A,3B69Rwb21o9LqQnJB9dw5O,HOME IS CHANGING,2024-10-18,33,album,2.63
3bg2qahpZmsg5wV2EMPXIk,Forever Young,1,73,FALSE,David Guetta,87,27141717,edm,5a450MS1eKGQQAsqgvsZ6J,Forever Young,2024-10-18,2,single,2.61
3R71L8KTSrVNgCyiQ6LUhG,ALL NIGHT LONG,5,54,TRUE,Mishaal Tamer,58,192735,N/A,3B69Rwb21o9LqQnJB9dw5O,HOME IS CHANGING,2024-10-18,33,album,3.56
60Jn0ge4EIHRecFarOZ5qn,ALWAYS BEEN YOU,13,66,FALSE,Chris Grey,72,968416,dark r&b,3IeLAtjruojjZFpYNCLTZM,THE CASTLE NEVER FALLS,2024-10-18,14,album,2.14
5vNRhkKd0yEAg8suGBpjeY,APT.,1,88,FALSE,ROSÉ,78,13320396,k-pop,2IYQwwgxgOIn7t3iF6ufFD,APT.,2024-10-18,1,single,2.83
71NNPV1TSGhdoQ7ebGY8py,MAKE THE ANGELS CRY,9,65,FALSE,Chris Grey,72,968416,dark r&b,3IeLAtjruojjZFpYNCLTZM,THE CASTLE NEVER FALLS,2024-10-18,14,album,2.37
1KMkatBuls9xhZZVX0gays,SUPERMAN,4,64,TRUE,Mishaal Tamer,58,192887,N/A,3B69Rwb21o9LqQnJB9dw5O,HOME IS CHANGING,2024-10-18,33,album,2.73
7ne4VBA60CxGM75vw0EYad,That’s So True,15,89,TRUE,Gracie Abrams,82,7420507,N/A,0hBRqPYPXhr1RkTDG3n4Mk,The Secret of Us (Deluxe),2024-10-18,20,album,2.77
2XagJU6gE1vsGF1nI7kf2j,THE GREATEST SHOW,5,44,FALSE,Mishaal Tamer,58,192887,N/A,3B69Rwb21o9LqQnJB9dw5O,HOME IS CHANGING,2024-10-18,33,album,3.16
04rwdcWWRp6Lr1rzarknnc,Thin Illusions,8,31,FALSE,BONZIE,30,28410,N/A,2W22BqYswNBlF3bzzmKDMU,When I Found The Trap Door,2024-10-18,10,album,3.01
1C8E0247IHyaMwDst1ySTA,This Is Not Real,6,38,FALSE,BONZIE,29,28413,N/A,2W22BqYswNBlF3bzzmKDMU,When I Found The Trap Door,2024-10-18,10,album,4.03
16MeIVoFWTq2E0r6DwIek5,House Again,1,69,FALSE,Hudson Westbrook,71,344824,country,4LP7dD3panB9oryXnMBqJW,House Again,2024-10-18,1,single,3.39
6ho5dJJZp3z0dv4DnE34J5,ITTY BITTY,4,61,TRUE,Mishaal Tamer,58,192735,N/A,3B69Rwb21o9LqQnJB9dw5O,HOME IS CHANGING,2024-10-18,33,album,2.38
29aSI4URFaFD8EOB6YiRi8,PAINFUL PARADISE,1,47,FALSE,Mishaal Tamer,58,192735,N/A,3B69Rwb21o9LqQnJB9dw5O,HOME IS CHANGING,2024-10-18,33,album,2.89
15FpIaguKOiE2XwIiYox12,pills & zinfandel,2,18,TRUE,Elliot,20,4873,N/A,2oUfli0yFhOsdHwJqt7fgZ,affogato,2024-10-18,7,album,2.63
0M9Y4X6JsDw1i7rHI4FGdy,Precious,1,47,FALSE,Omido,59,72278,dark r&b,7xDMH1zSuhqmySoqycpAqc,Precious,2024-10-18,2,single,2.09
7l00IN1o5wQvd2GfWMbAYg,Somebody That I Used To Know,1,47,FALSE,Prezioso,62,159294,italo dance,0NRKmZUelQc3JcEO3ll7E1,Somebody That I Used To Know,2024-10-18,1,single,1.98
6IPoqshpM69WfQ5gNnMp8Y,i'm just tryna tell you how I feel,1,19,TRUE,lovemyvictims,35,1329,N/A,5uG5gX201C0OZQFfF8cQKd,I AM A LIAR,2024-10-14,5,single,3.68
0IsIY8pfu1yaGkPUD7pkDx,Guess featuring billie eilish,16,80,FALSE,Charli xcx,82,6318755,"hyperpop, art pop",36P07bti6xD99o7S1acmin,Brat and it’s completely different but also still brat,2024-10-11,34,album,2.38
1l07CC7AcIZqN9e902jvPY,Lose Myself Tonight,1,30,FALSE,TØRISMAD,29,378,hypertechno,07wjiPuH4GXhNevNBlGPux,Lose Myself Tonight,2024-10-11,1,single,2.33
7srqyRb5plksW5k65itXDB,"Girl, so confusing featuring lorde",10,78,FALSE,Charli xcx,82,6315216,"hyperpop, art pop",36P07bti6xD99o7S1acmin,Brat and it’s completely different but also still brat,2024-10-11,34,album,3.43
4wyVH6ARfIC1FSvbk1WB5S,Acapulco,1,1,FALSE,BRAN,47,9575,"afro house, slap house",4pshNAV27IMGRIWTlpKdNg,Acapulco,2024-10-11,1,single,1.95
1Cbl3Yq8rHo7hhDQmLQagU,PUSH 2 START,2,80,FALSE,Tyla,77,3505794,afrobeats,5QsVRNOKVMCeVAIUoOQJ13,TYLA +,2024-10-11,17,album,2.61
7G7vBr1JZB9lZBnFExXSCY,Rock My Body,1,32,FALSE,Westerlund,34,1809,hypertechno,7H99H0BBlYWzq49RTMz9Zp,Rock My Body,2024-10-11,1,single,2.1
3nQ24dxqvxZEVwlHTeuLz0,Sympathy is a knife featuring ariana grande,3,63,TRUE,Charli xcx,82,6318755,"hyperpop, art pop",36P07bti6xD99o7S1acmin,Brat and it’s completely different but also still brat,2024-10-11,34,album,2.56
6nx4f2nVmFNWquoMtUrdYX,Von dutch a. g. cook remix featuring addison rae,6,62,FALSE,Charli xcx,82,6315216,"hyperpop, art pop",36P07bti6xD99o7S1acmin,Brat and it’s completely different but also still brat,2024-10-11,34,album,2.62
1bXKpjbalq0If54LBffE0i,Heart of Stone,3,65,FALSE,Jelly Roll,79,6099725,"country hip hop, country",2GW4VpFk9mbc6qYZ0zNuu3,Beautifully Broken,2024-10-10,22,album,3.02
6PCvgYrBQNGZE7Fys8Dk27,In My Bed,20,27,FALSE,VAMERO,48,11894,slap house,732qH6CYoKuZsyzEEO4RVP,Autumn Dance Hits 2024,2024-10-10,28,compilation,2.73
2CspwnypzT7rcWI9RfsoSb,Mantra,1,73,TRUE,JENNIE,81,12337033,k-pop,3e5tDT1kfaAGx10yOjIDgW,Mantra,2024-10-10,1,single,2.27
6ZAyJ7EFjapwMMT0Oqs15Y,Paradise,1,34,FALSE,DJSM,60,63155,"hypertechno, hard techno",28rvyMrJ4OiTnCYS1kvoyq,Paradise,2024-10-10,1,single,2.73
7bn5nXdatftk0CHSrd7NHQ,how could u love somebody like me?,1,71,FALSE,Artemas,74,1378074,N/A,1lUpGoaGcoPhS0uyzpw3mj,how could u love somebody like me?,2024-10-09,1,single,2.1
4JfCAr96utJ1pHKXQr6Hzd,Growing Up,1,28,TRUE,LIL TAY,22,26987,N/A,3kC4SEY8Pp64HEhOukYZHm,Growing Up,2024-10-04,1,single,3.88
6zqlO6PWpf4LtyzPHGzD0L,Espresso,1,41,TRUE,Crystal Rock,55,28232,slap house,0PHix1COIxWmhXjYhAvbJ5,Espresso,2024-10-04,1,single,2.14
6mw2KpT2jyBsukM4dgnQow,MAYBE.,2,41,FALSE,SIENNA SPIRO,66,182377,N/A,1lhldyPC8lWWK7ZDEEt8Fk,TAXI DRIVER,2024-10-04,3,single,3.92
3yDRcs0Y4pPzkvMbUfeF9H,Moonlit Floor (Kiss Me),1,71,FALSE,LISA,75,13266900,k-pop,2F84s5tvr9RSS6VI772mVb,Moonlit Floor (Kiss Me),2024-10-03,1,single,2.59
1Lty1laQpjkzisBZ1dG2R8,Same Heart,1,53,FALSE,Zummer,46,1185,N/A,1L8EdGCrxHYjR403eAymy8,Same Heart,2024-10-03,1,single,2.54
5hdk8xva1LqTDEgs3yLdRH,The Days,2,61,FALSE,Chrystal,70,87184,N/A,7qmIKmPBqw8vNYbTaAAJTb,The Days,2024-10-01,2,single,2.82
4VGp1Z4y575IogxJXZcrf6,Autopilot,6,26,FALSE,kikomori,18,1450,N/A,6xiObBMSn8ssn1FnjYa7I0,indiemono AMBER CITY | Indie / Alternative VOL. 03,2024-10-01,10,compilation,3.63
13jRFAGT8qd6aBwtJySlUm,Allein Allein - BENNETT Remix,1,52,FALSE,Alok,76,11247155,"brazilian bass, electronic, slap house, electro house",1WKoDELzbFRR6UWNGh50LO,Allein Allein (feat. FREY) [BENNETT Remix],2024-09-27,2,single,2.43
2HlhRCt2Xw7xVpX4y0adRC,say my name,1,49,FALSE,BURY,52,21748,dark r&b,6Z5hb0Ve4r6qVKGR1qegkI,say my name,2024-09-27,3,single,2.75
1EKhSE9DUYRPvcXLK0k5iw,SCREAM MY NAME,5,59,FALSE,Montell Fish,72,2131649,N/A,7BjL0ThFxMTESHJ0xxsg3v,CHARLOTTE,2024-09-27,10,album,2.66
2UXo2v3rhGMvHBaBlPpe8w,This Little Girl,1,31,FALSE,Ericovich,41,11036,nightcore,6LFlAioRTBqTmzmd8hK1Ur,This Little Girl,2024-09-27,1,single,1.73
1Es7AUAhQvapIcoh3qMKDL,Timeless (feat. Playboi Carti),1,19,TRUE,The Weeknd,94,112995439,"r&b pop, alternative r&b, hip hop, synthpop",2IRxVVqbSbqHJo8Zx50LYn,Timeless,2024-09-27,1,single,4.26
3X1nyZBKJTRkWafIPrcbJ1,Villain,1,46,FALSE,RIELL,52,78423,N/A,1TAyyzj4O6sXf4VyYj5lHV,Villain,2024-09-27,1,single,2.52
1cOboCuWYI2osTOfolMRS6,Tu Boda,1,83,TRUE,Oscar Maydon,81,6968754,"corrido, corridos tumbados, corridos bélicos, electro corridos, dembow belico, sad sierreño, sierreño",60cQzWfmdg4hyDXrpW6kOA,Tu Boda,2024-09-26,1,single,3.76
2RkZ5LkEzeHGRsmDqKwmaJ,Ordinary,1,91,FALSE,Alex Warren,84,2890457,N/A,1eCGY9WJpYgtaFh1Lk2KNo,"You'll Be Alright, Kid (Chapter 1)",2024-09-26,11,album,3.11
5l8wENUFbfKUtzmazIGZBU,Roaring 20s,1,53,FALSE,DVNY,40,949,N/A,6DOTloXqGnaE3fFBK0FO1P,Roaring 20s,2024-09-26,1,single,3.03
4wO2JlPZw72Xlu6dGUW4Ce,Pushing It Down and Praying,1,70,FALSE,Lizzy McAlpine,74,1544658,N/A,6bfpmfxEWqXsQHU9xc553O,Pushing It Down and Praying,2024-09-20,1,single,3.9
5lj4Sf3g1axG8mIoHeuKxR,Roses,12,23,FALSE,Jesse®,43,301512,N/A,4Kd7ghDh5uUwfUCldPS6eN,Wanted?,2024-09-20,12,album,4.58
7BfQEykWQ3sPmg3lTKEJOE,Sorry,10,28,FALSE,Jesse®,43,301496,N/A,4Kd7ghDh5uUwfUCldPS6eN,Wanted?,2024-09-20,12,album,3.97
2rYllInztQMtHyuVFUyci5,Wanted?,5,39,FALSE,Jesse®,43,301499,N/A,4Kd7ghDh5uUwfUCldPS6eN,Wanted?,2024-09-20,12,album,3.86
4qGE5Yh8hOg31TKlKBOQR5,Hung Up,1,28,FALSE,Faruk Orman,42,3070,slap house,1vsIz8NOVtG3NcdZ1N86BB,Hung Up,2024-09-20,1,single,2.12
4XC8d0vLerfOELqV1BHQGD,Know Better,3,26,FALSE,Jesse®,43,301499,N/A,4Kd7ghDh5uUwfUCldPS6eN,Wanted?,2024-09-20,12,album,2.5
1hK82ERSZ37oWQWuiDv90J,Black & Gold,1,33,FALSE,Imanbek,66,277232,slap house,3x8klMCZWyPBSxMTsqaBSB,Black & Gold,2024-09-20,1,single,2.08
3aCPResPDNae3pXTocGpYe,LIL DEMON,2,74,TRUE,Future,88,22675640,rap,4Zoxsc06EUHRf5GrJPJZ54,MIXTAPE PLUTO,2024-09-20,17,album,2.31
6GAWfZ3BbreuuQ8U7TZNc8,Living Room,11,24,FALSE,Jesse®,43,301499,N/A,4Kd7ghDh5uUwfUCldPS6eN,Wanted?,2024-09-20,12,album,3.33
2ogRXUQqH0yO4Kq6Qy8oui,Órale,9,26,TRUE,Jesse®,43,301532,N/A,4Kd7ghDh5uUwfUCldPS6eN,Wanted?,2024-09-20,12,album,2.89
5GYgvwMW7g69Rqtzh9GWBM,Out of My League,1,29,TRUE,CADMIUM,48,74002,N/A,4BwZepAySHKCViuxrTEQ8w,Out of My League,2024-09-20,2,single,2.6
0qFEjRouLznAGsMpDPnjzy,nothing to u,6,56,TRUE,Lil Peep,82,15684530,"emo rap, cloud rap",7n4NXIQuDsb7C68oSBVF0M,LIL PEEP; PART ONE,2024-09-18,11,album,2.46
24f9sUr9sVrY2aJKVURXOJ,high school,3,62,TRUE,Lil Peep,82,15689879,"emo rap, cloud rap",7n4NXIQuDsb7C68oSBVF0M,LIL PEEP; PART ONE,2024-09-18,11,album,2.8
0hzck1SKuiZM0x3oiAgeP3,praying to the sky,1,63,TRUE,Lil Peep,82,15684530,"emo rap, cloud rap",7n4NXIQuDsb7C68oSBVF0M,LIL PEEP; PART ONE,2024-09-18,11,album,3.98
2Ku34RwdypCEfVJyxQIfyI,the way i see things,2,67,TRUE,Lil Peep,82,15684530,"emo rap, cloud rap",7n4NXIQuDsb7C68oSBVF0M,LIL PEEP; PART ONE,2024-09-18,11,album,2.23
7d4XgyK0cK4O51MmXox5Xh,veins,9,60,TRUE,Lil Peep,82,15702014,"emo rap, cloud rap",7n4NXIQuDsb7C68oSBVF0M,LIL PEEP; PART ONE,2024-09-18,11,album,3.47
7znnURzbiabwxPXttDlY5G,another song,4,55,TRUE,Lil Peep,82,15684530,"emo rap, cloud rap",7n4NXIQuDsb7C68oSBVF0M,LIL PEEP; PART ONE,2024-09-18,11,album,2.15
0QoRQA5R7xu5sY77fZ7QaK,five degrees,5,63,TRUE,Lil Peep,82,15695162,"emo rap, cloud rap",7n4NXIQuDsb7C68oSBVF0M,LIL PEEP; PART ONE,2024-09-18,11,album,2.43
6RIguoA2YSb8IgMgjLaYQE,life force,3,5,FALSE,ptasinski,64,423959,phonk,41TSLuyZytuO9F5pywcWBg,freedom from self,2024-09-16,8,album,1.82
2Jzlk2D053PRFg8pMYAhyV,Modern Tragedy,1,34,FALSE,Cheat Codes,62,2101848,N/A,7B4aT17IgD8dMcyEQWxQqk,Modern Tragedy,2024-09-13,1,single,2.99
4DU09gZAUnzBL0c5PRmxnx,night in,1,41,FALSE,GOVAN,34,1434,N/A,50FUOFP4hGlDte9JYgvIWe,night in,2024-09-13,1,single,3
7z7kvUQGwlC6iOl7vMuAr9,Dancing In The Flames,1,75,FALSE,The Weeknd,94,112995439,"r&b pop, alternative r&b, hip hop, synthpop",5XsZ5ZTcIHnZxjynaGxA0g,Dancing In The Flames,2024-09-13,1,single,3.66
3nHuKdFJZm78CoeBnDcFKe,Bad Dreams,1,79,FALSE,Teddy Swims,83,5670437,N/A,2VxQFEEnhwiV5LpMuHKViR,Bad Dreams,2024-09-13,1,single,3.07
4pteEcX2rHSJXK8XSOtWP8,To Love,18,65,TRUE,Suki Waterhouse,68,1394134,N/A,5PflJDKGFMTBj49PF4KlOX,Memoir of a Sparklemuffin,2024-09-13,18,album,3.94
2K6T1iKa7coghsISspjPv8,What Kinda Man,1,67,FALSE,Parker McCollum,66,704570,"texas country, red dirt, country",53HiQCmdwiT4e7SHX74XdM,What Kinda Man,2024-09-13,1,single,4.31
2UijQcg9x42vsbXYh0PzPO,Oh My Love,1,65,FALSE,ConKi,61,26114,N/A,6qmAyfyVZn5ctUnKEsVt2y,Oh My Love,2024-09-12,1,single,2.74
2UPPd1yzxhfLUzT6V0mj2E,Pivot & Scrape,1,40,FALSE,Sophie Thatcher,37,53720,N/A,2DZ3MSNL2O5oKDeXNMVXqk,Pivot & Scrape,2024-09-12,2,single,3.61
24XihnoVPWXlKJ4BgXqjVM,It's ok I'm ok,1,73,TRUE,Tate McRae,88,9256589,pop,5qfivA7g2aAhAIPnSb0csp,It's ok I'm ok,2024-09-12,1,single,2.6
3JIwKNJZXDRU0F32X3egk6,Black and Blue,2,22,FALSE,Sophie Thatcher,37,53676,N/A,2DZ3MSNL2O5oKDeXNMVXqk,Pivot & Scrape,2024-09-12,2,single,3.82
3NGELCydzbbrkONHzhaGse,Back With The Pen Like,1,21,TRUE,Naimos Riggerz,7,24,N/A,6SvrR49mI0z9mmNhTK3BpC,Back With The Pen Like,2024-09-07,1,single,2.47
79hRKSvvsQgmzSeJwFgs13,Chicken Change,1,25,TRUE,D4WNATELLO,9,127,N/A,4RpKXx1mFi0lJX94t8LWbO,Chicken Change,2024-09-06,1,single,3.24
0UueyZtX0ogyXQWhg6Xkpz,The Doll People,4,59,TRUE,SOFIA ISELLA,56,557610,N/A,0BRlexMfgtY7v5ggJP6F4C,I Can Be Your Mother,2024-09-06,6,single,3.43
1XHDV6SXCnyKKlp2KM8vHo,Move,1,42,FALSE,midnight Berlin,42,4170,hypertechno,7aO6EuLWDbtQSGp9fZjf2t,Move,2024-09-06,1,single,2.08
24SJ5ugsrMU20yLjZIsxlI,If the Earth is Spinning (feat. Sia),10,28,FALSE,Paris Hilton,48,808436,N/A,1nfalq2GeQblyDqn9wYzWx,Infinite Icon,2024-09-06,12,album,3.22
6nVcTcGpoa9eqmyWdNcH72,Keep Your Eyes Peeled,1,54,FALSE,ULTRA SUNN,46,82479,"darkwave, cold wave, ebm, post-punk, gothic rock",1D5U55NieurDqcNWkKIZ1I,Keep Your Eyes Peeled,2024-09-06,15,album,3.84
6yIaRllz0lCXuISYsqyCNH,Don’t Mind If I Do (ft. Ella Langley),1,71,FALSE,Riley Green,75,1372158,country,5tecOHW8icfevqfej3QEhg,Don’t Mind If I Do (ft. Ella Langley),2024-09-06,1,single,3.64
21rJwhXiZqOoOREguIIZrV,Ghost,1,24,FALSE,Gulmee,36,992,hypertechno,6Eq4GOU0zctTXC5ikQo8f8,Ghost,2024-09-06,1,single,2.13
2PnlsTsOTLE5jnBnNe2K0A,The Emptiness Machine,1,77,TRUE,Linkin Park,88,31785695,"nu metal, rap metal, rock, alternative metal",6W0Gabv5f3ugnckc6YgfJQ,The Emptiness Machine,2024-09-05,1,single,3.17
0g0qfC3nAaIsfbxS29ksJx,Paint The Town Blue (from the series Arcane League of Legends),1,62,FALSE,Ashnikko,71,2614697,N/A,1bnLKOSyzZOiY4Mrw7GCGZ,Paint The Town Blue (from the series Arcane League of Legends),2024-09-05,1,single,1.92
5DYZA2gm4SxrBkvpLdLm6Q,Gothic Castle Gates,17,0,FALSE,Andrei Krylov,40,25945,"medieval, celtic",3cqo675yMBm7CrhwIlXKET,"Tales of Foggy Islands & Castles, For Medieval Lute, Gothic Guitar, Celtic Violin & Folk Flute",2024-09-02,21,album,3.39
6UhHAHc2tupqn0NLjE4ceY,Sun Comes Down,1,46,FALSE,Iaco,47,4124,"stutter house, tropical house",69UoyuiN0eQtDABW05Pe9P,Sun Comes Down,2024-09-01,1,single,2.56
6120ohdsA4O8TVLx7SBd90,Hekaya,9,15,FALSE,El Waili,53,553964,"egyptian hip hop, arabic hip hop, egyptian pop, mahraganat",69XPm6tYJKIXL7dvdDCPXM,L NOR,2024-08-30,9,album,4.04
2yVbC32ARQ2o6C2Wi8aKRw,L Awl,1,17,FALSE,El Waili,53,554064,"egyptian hip hop, arabic hip hop, egyptian pop, mahraganat",69XPm6tYJKIXL7dvdDCPXM,L NOR,2024-08-30,9,album,3.84
0ST3hw71BtF25GtMb3MxDU,la2,8,19,FALSE,El Waili,53,554173,"egyptian hip hop, arabic hip hop, egyptian pop, mahraganat",69XPm6tYJKIXL7dvdDCPXM,L NOR,2024-08-30,9,album,4.12
4dfTIzn1xxI1JWSOxMXjdH,F*ck With Me,7,0,TRUE,RIELL,52,78478,N/A,5zfNFxPR8MrFujNldyVBHO,Chapter 2: Past,2024-08-30,7,album,3.03
1tJ1dV7PecKcLxRPxVefNP,Al Origami,7,21,FALSE,El Waili,53,553964,"egyptian hip hop, arabic hip hop, egyptian pop, mahraganat",69XPm6tYJKIXL7dvdDCPXM,L NOR,2024-08-30,9,album,3.25
03p1bgcOw398mneQ9H8891,as good a reason,8,60,FALSE,Paris Paloma,66,785421,N/A,6iotK7DPiIqhu707ysxYpH,Cacophony,2024-08-30,15,album,2.82
4MowZ8sn7K6aghaGRBHa3j,Leltak Fol,3,47,FALSE,El Waili,53,554064,"egyptian hip hop, arabic hip hop, egyptian pop, mahraganat",69XPm6tYJKIXL7dvdDCPXM,L NOR,2024-08-30,9,album,3.49
663QOtCqjmjVkIFi4UpVKC,Love From U,1,26,FALSE,Ericovich,41,11036,nightcore,2BdNE5dzdV1epA7QZGAqXK,Love From U,2024-08-30,1,single,1.87
19WADqdL5dt6UmSiM6IUZt,Mafiish,4,21,FALSE,El Waili,53,554173,"egyptian hip hop, arabic hip hop, egyptian pop, mahraganat",69XPm6tYJKIXL7dvdDCPXM,L NOR,2024-08-30,9,album,3.47
31965s830mnQryKYI4AyLk,Mnml,6,24,FALSE,El Waili,53,553964,"egyptian hip hop, arabic hip hop, egyptian pop, mahraganat",69XPm6tYJKIXL7dvdDCPXM,L NOR,2024-08-30,9,album,2.46
5evVf7bURnVNSHjFlCUyCb,Mstny,2,17,FALSE,El Waili,53,554173,"egyptian hip hop, arabic hip hop, egyptian pop, mahraganat",69XPm6tYJKIXL7dvdDCPXM,L NOR,2024-08-30,9,album,2.98
3AEkhVn1MKsNYtVpVP58TV,MTSR74,5,17,FALSE,El Waili,53,553964,"egyptian hip hop, arabic hip hop, egyptian pop, mahraganat",69XPm6tYJKIXL7dvdDCPXM,L NOR,2024-08-30,9,album,2.82
4HtnDLx3vClYrhiqpYb5nC,my mind (now),1,43,FALSE,Paris Paloma,66,785952,N/A,6iotK7DPiIqhu707ysxYpH,Cacophony,2024-08-30,15,album,2.94
4mxeq2iF8kStwAgjxsAiH3,Havana - Slowed,1,31,FALSE,Lucasta,32,637,N/A,3r8SmYRi5km0itDRejBbQc,Havana (Slowed),2024-08-29,1,single,3.14
09fWQg0g0e5mW7kSjwQWzo,White Orchard (From 'Witcher 3'),1,34,FALSE,Dreyma,37,5993,N/A,50Mq2vkv4AvtKC6Di2vQqb,Journey to Velen,2024-08-27,4,single,2.6
5il0jwWUlvgtIzWvzJi12z,Lie To Girls,11,67,TRUE,Sabrina Carpenter,91,26538275,pop,3iPSVi54hsacKKl1xIR2eH,Short n' Sweet,2024-08-23,12,album,3.36
1d7Ptw3qYcfpdLNL5REhtJ,Taste,1,69,FALSE,Sabrina Carpenter,91,26538275,pop,4B4Elma4nNDUyl6D5PvQkj,Short n' Sweet,2024-08-23,12,album,2.62
5oIVNm56t6OIf9ZjdEG3ud,Coincidence,5,73,FALSE,Sabrina Carpenter,91,26538275,pop,3iPSVi54hsacKKl1xIR2eH,Short n' Sweet,2024-08-23,12,album,2.73
09LrGvT9KsACH66RHYMDyR,Don’t Smile,12,77,FALSE,Sabrina Carpenter,91,26559943,pop,3iPSVi54hsacKKl1xIR2eH,Short n' Sweet,2024-08-23,12,album,3.43
5VhvD0AKRprEaFtPNKGBQR,Dumb & Poetic,8,68,TRUE,Sabrina Carpenter,91,26538275,pop,3iPSVi54hsacKKl1xIR2eH,Short n' Sweet,2024-08-23,12,album,2.22
0io16MKpbeDIdYzmGpQaES,Embrace It,1,76,TRUE,Ndotz,59,273361,N/A,0mV9Pfr1GfoZLkp1EAau9P,Embrace It,2024-08-23,1,single,1.74
2HRqTpkrJO5ggZyyK6NPWz,Espresso,7,85,TRUE,Sabrina Carpenter,91,26559943,pop,3iPSVi54hsacKKl1xIR2eH,Short n' Sweet,2024-08-23,12,album,2.92
102YUQbYmwdBXS7jwamI90,Good Graces,3,77,TRUE,Sabrina Carpenter,91,26559943,pop,3iPSVi54hsacKKl1xIR2eH,Short n' Sweet,2024-08-23,12,album,3.08
21B4gaTWnTkuSh77iWEXdS,Juno,10,83,TRUE,Sabrina Carpenter,91,26516295,pop,3iPSVi54hsacKKl1xIR2eH,Short n' Sweet,2024-08-23,12,album,3.71
1UHS8Rf6h5Ar3CDWRd3wjF,Bed Chem,6,82,FALSE,Sabrina Carpenter,91,26516295,pop,3iPSVi54hsacKKl1xIR2eH,Short n' Sweet,2024-08-23,12,album,2.86
0KR3pUIeWnK7qwf9QhVBRZ,Breathe Me In,1,45,FALSE,Besomorph,58,146944,slap house,7n3RPRMQKuTxaEcCYyqnLK,Breathe Me In,2024-08-23,1,single,2.21
2tHwzyyOLoWSFqYNjeVMzj,Please Please Please,2,83,TRUE,Sabrina Carpenter,91,26516295,pop,3iPSVi54hsacKKl1xIR2eH,Short n' Sweet,2024-08-23,12,album,3.1
3iPIDAFybaoyqX7hvAfWkl,Sharpest Tool,4,72,TRUE,Sabrina Carpenter,91,26559943,pop,3iPSVi54hsacKKl1xIR2eH,Short n' Sweet,2024-08-23,12,album,3.63
0XkZmBCCcdMY0EPY8ij6Gb,Slim Pickins,9,70,FALSE,Sabrina Carpenter,91,26516295,pop,3iPSVi54hsacKKl1xIR2eH,Short n' Sweet,2024-08-23,12,album,2.53
2Nru64NIfEGWsYioBy1s5C,i know - Omido Remix,1,46,TRUE,Ex Habit,59,130194,dark r&b,7fLxflWfYy2NPKrE9ASFvI,i know (Omido Remix),2024-08-21,2,single,2.32
2cUJ6wbyqH8hDZN8VWQ5oC,因果(Karma Code),6,62,FALSE,攬佬SKAI ISYOURGOD,64,298654,chinese hip hop,5vYWbmWrSSBskg28cRmcjg,八方來財(Stacks from All Sides),2024-08-20,19,album,2.51
19XpFsce28aByvCC4g89tJ,Too Sweet,1,81,FALSE,Hozier,82,9114093,N/A,48qd9sU3xqYJbKaxHCciJL,Unreal Unearth: Unaired,2024-08-19,23,album,4.19
3txaIFzYyfNhvYEBRyva2K,L'Amour Toujours,1,28,FALSE,Reprobeater,45,2194,hypertechno,4hUws1fhVPNsV9FZ5Vj0uF,L'Amour Toujours,2024-08-16,1,single,2.12
0C0J8cA9JgNFnM6AwgLpav,Memories,1,0,FALSE,AFRONOM,52,44492,afro house,0NaVzJy9yAXwvtCjDuHttu,Memories,2024-08-16,1,single,2.63
4SOxaqGSBvLFYgP4rNNVvO,Pass Me Round,1,20,FALSE,Otto Deburaux & the Clown Lounge,9,64,N/A,7DGWPy5wsfyLGOe0lyPyX0,Pass Me Round,2024-08-16,1,single,3.27
0BpZzhGDm4rzsZTlrpzQ6p,Raise The Red Flag,1,42,TRUE,Marilyn Manson,71,4968982,"industrial metal, industrial rock, industrial, metal, nu metal",7qLAUQm5FIsPGv8w78YEjt,Raise The Red Flag,2024-08-16,2,single,4.82
2plbrEY59IikOBgBGLjaoe,Die With A Smile,1,91,FALSE,Lady Gaga,88,42237551,"art pop, pop",10FLjwfpbxLmW8c25Xyc2N,Die With A Smile,2024-08-16,1,single,4.19
149r4BNMXwFRWjPYcKNNgc,Devil I've Been (Feat. ERNEST),11,58,FALSE,Post Malone,86,47722935,"pop, hip hop, country",4BbsHmXEghoPPevQjPnHXx,F-1 Trillion,2024-08-15,18,album,3.04
4Kd9tBUgpXv26OfR6ugBv1,Finer Things (Feat. Hank Williams Jr.),2,59,FALSE,Post Malone,85,47716988,"pop, hip hop, country",4BbsHmXEghoPPevQjPnHXx,F-1 Trillion,2024-08-15,18,album,3.09
20hTkA9oKKuxghkRptRczS,Goes Without Saying (Feat. Brad Paisley),7,59,FALSE,Post Malone,86,47720209,"pop, hip hop, country",4BbsHmXEghoPPevQjPnHXx,F-1 Trillion,2024-08-15,18,album,3.53
6StwwqB84sJeLr7tZDTxEX,Guy For That (Feat. Luke Combs),8,76,FALSE,Post Malone,85,47716988,"pop, hip hop, country",4BbsHmXEghoPPevQjPnHXx,F-1 Trillion,2024-08-15,18,album,2.73
1sqXfPaRD7npnH712RZQAF,Have The Heart (Feat. Dolly Parton),5,56,FALSE,Post Malone,86,47722935,"pop, hip hop, country",4BbsHmXEghoPPevQjPnHXx,F-1 Trillion,2024-08-15,18,album,3.05
6nf4oqFOsVKLwJPEliYVwT,Hide My Gun (Feat. HARDY),15,61,TRUE,Post Malone,85,47716988,"pop, hip hop, country",4BbsHmXEghoPPevQjPnHXx,F-1 Trillion,2024-08-15,18,album,3.67
5IZXB5IKAD2qlvTPJYDCFB,I Had Some Help (Feat. Morgan Wallen),3,82,TRUE,Post Malone,85,47716988,"pop, hip hop, country",4BbsHmXEghoPPevQjPnHXx,F-1 Trillion,2024-08-15,18,album,2.97
2CIXO1jQbrV1hlfI7FUKld,Wrong Ones (Feat. Tim McGraw),1,66,TRUE,Post Malone,86,47720209,"pop, hip hop, country",4BbsHmXEghoPPevQjPnHXx,F-1 Trillion,2024-08-15,18,album,3.26
0DM63CJEklNPKu6kHGyuEl,Yours,18,63,FALSE,Post Malone,85,47716988,"pop, hip hop, country",4BbsHmXEghoPPevQjPnHXx,F-1 Trillion,2024-08-15,18,album,3.32
0lJNSfWnwJMIh94Dv9jQUt,What Don't Belong To Me,6,66,FALSE,Post Malone,86,47720209,"pop, hip hop, country",4BbsHmXEghoPPevQjPnHXx,F-1 Trillion,2024-08-15,18,album,3.45
0mNzElhEofvgMWAJoOA4q9,Pour Me A Drink (Feat. Blake Shelton),4,70,FALSE,Post Malone,86,47722935,"pop, hip hop, country",4BbsHmXEghoPPevQjPnHXx,F-1 Trillion,2024-08-15,18,album,3.25
7k2nR2eTRVuzAMCXUj3HMv,Right About You,16,54,FALSE,Post Malone,86,47720209,"pop, hip hop, country",4BbsHmXEghoPPevQjPnHXx,F-1 Trillion,2024-08-15,18,album,3.05
0gucUyFMFRMlUiVn9US4YX,Losers (Feat. Jelly Roll),10,70,FALSE,Post Malone,85,47716988,"pop, hip hop, country",4BbsHmXEghoPPevQjPnHXx,F-1 Trillion,2024-08-15,18,album,3.48
3It5ZyIlvFxgrxAkiQLGBR,M-E-X-I-C-O (Feat. Billy Strings),17,57,FALSE,Post Malone,85,47716988,"pop, hip hop, country",4BbsHmXEghoPPevQjPnHXx,F-1 Trillion,2024-08-15,18,album,2.59
1IzCS4zuowRsXu4YS8caOB,Missin’ You Like This (Feat. Luke Combs),13,62,FALSE,Post Malone,86,47720209,"pop, hip hop, country",4BbsHmXEghoPPevQjPnHXx,F-1 Trillion,2024-08-15,18,album,3.71
4rhSYWoLaBbkQccjme9UOJ,Never Love You Again (Feat. Sierra Ferrell),12,56,FALSE,Post Malone,86,47722935,"pop, hip hop, country",4BbsHmXEghoPPevQjPnHXx,F-1 Trillion,2024-08-15,18,album,3.11
7ov3TDp5D00Rnu5R1viX4w,New Woman (feat. ROSALÍA),1,69,TRUE,LISA,75,13266900,k-pop,2ha4ucrONN0cihLMkP02Ch,New Woman (feat. ROSALÍA),2024-08-15,1,single,2.99
25uMKq5kygC2woAfeetEfE,Nosedive (Feat. Lainey Wilson),9,65,FALSE,Post Malone,85,47716988,"pop, hip hop, country",4BbsHmXEghoPPevQjPnHXx,F-1 Trillion,2024-08-15,18,album,3.2
1SPI4AlK4121PEQPGSpdcY,California Sober (Feat. Chris Stapleton),14,57,TRUE,Post Malone,86,47720209,"pop, hip hop, country",4BbsHmXEghoPPevQjPnHXx,F-1 Trillion,2024-08-15,18,album,3.4
3SUlw7sPD01NdIEX2NwUtk,2am,1,40,FALSE,RIELL,52,78423,N/A,30IZYGhMRiTQP4AtepZ7HA,2am,2024-08-09,4,single,2.58
5kDgJffgJ0lYHTSiaXFWNw,BABY I'M BACK,1,74,TRUE,The Kid LAROI,79,6593079,N/A,30H0cGghxhBJ93v4h28XEt,THE FIRST TIME (DELUXE VERSION),2024-08-09,28,album,2.85
6MzofobZt2dm0Kf1hTThFz,Diet Pepsi,1,77,FALSE,Addison Rae,74,1364231,N/A,0XA403JTounqFh2owquBXu,Diet Pepsi,2024-08-09,1,single,2.82
3Fra5SMXXDTSRXVoDf8Xwd,GIRLS,6,67,TRUE,The Kid LAROI,79,6596750,N/A,30H0cGghxhBJ93v4h28XEt,THE FIRST TIME (DELUXE VERSION),2024-08-09,28,album,2.54
3OaR8YS7CCELb4nzDcmxMw,I'll Just Say It,1,12,TRUE,Jana Diab,50,17560,egyptian pop,2rKjWKEvNheSppihIV5OWG,I'll Just Say It,2024-08-09,3,single,2.64
492ceDtqmafb6QD1Xfhpmo,Like a Prayer - Choir Version From “Deadpool & Wolverine”,3,71,FALSE,I'll Take You There Choir,52,8928,N/A,4Uolzy4jMibs7tewebgYA0,"""Deadpool & Wolverine: Madonna's ""Like a Prayer"" EP""",2024-08-09,3,single,2.54
4WFgvKVfEhb3IUAFGrutTR,Love Me Not,7,89,FALSE,Ravyn Lenae,76,844558,"alternative r&b, indie soul",1uE3dRPe3SrGdNhd1nWlSa,Bird's Eye,2024-08-09,11,album,3.55
1mh9eHVRdNhzryG43PXdW1,MUTT,1,72,TRUE,Leon Thomas,74,734468,N/A,0b64yYszabe2wxhG1PiSQo,MUTT,2024-08-09,1,single,3.22
1GClDyMiSLrpzjzwIfWRIa,Take A Bite,1,70,FALSE,beabadoobee,78,6522709,bedroom pop,5oT7xqbRbQCevZ0XC5aBFu,This Is How Tomorrow Moves,2024-08-09,14,album,2.64
6YfWYo6lZ5SehOhr1MIi4d,Underwater,1,24,FALSE,Kremor,31,1176,"slap house, hypertechno",5JVpeVBjUNetEiELGF5nPo,Underwater,2024-08-09,1,single,2.25
52A0oY4u5ufxrHC85JGf4x,Why Why Why,1,22,TRUE,Shawn Mendes,81,45700057,N/A,1Gjj4lJko9J5Xh3VDWziyE,Shawn,2024-08-08,2,single,2.81
0K8sKuo6xLHZgySZmmw2rV,LIFETIMES,1,58,FALSE,Katy Perry,83,38400585,pop,6UEGp3MQnsKoK9rwKcKBUo,LIFETIMES,2024-08-08,1,single,3.2
0u6LpMA9z4ZY3PKRXQfrxP,insane,1,29,TRUE,GOVAN,34,1434,N/A,2Cv6ivAxmqIosEY87fZAwn,insane,2024-08-08,1,single,1.94
53BpTC3cYgRfUVxqbNVb8w,Rip,1,51,FALSE,Zummer,47,1186,N/A,1Ztkwr612EUcviWuWnlWcE,Rip,2024-08-08,1,single,2.09
3KriVQLsHVN0AjJM9ntHrN,Stargazing,1,41,FALSE,midnight Berlin,42,4170,hypertechno,1XWZuLLm7hXn862t0uUmGw,Stargazing,2024-08-08,1,single,2.15
572PPqti4bqGpqEnsWFlIu,Lifeline,3,60,FALSE,Alan Walker,78,41268567,N/A,2PMUDyTcZRL0kMKibFgHKT,Neon Nights,2024-08-07,4,single,3.37
3c4eCEHwZpIWeMEMeoijJq,"Good Luck, Babe!",1,42,FALSE,midnight Berlin,42,4171,hypertechno,3VEQwC89yG4U1w6LokvtVw,"Good Luck, Babe!",2024-08-05,1,single,1.76
0pBLDWK554CvL2KZJsOeN1,In a Night,1,59,FALSE,Asal,59,135959,N/A,6kj47h4a5ptQiZRYsihT1Y,Missing Something,2024-08-02,8,album,2.43
3iOSOAFB0Rv1cNZM5Jwy4P,ENEMIES (feat. bludnymph & Shift K3Y),2,35,FALSE,Gryffin,66,1010217,"edm, melodic bass",1w6FcPbvr0g1PlinZesFKt,PULSE,2024-08-02,14,album,2.43
7hK0aTf0wyxRkYqWAabUwG,As Sick As The Secrets Within,1,43,FALSE,Marilyn Manson,71,4968982,"industrial metal, industrial rock, industrial, metal, nu metal",7uXH2s3XyFOl32nO0FB0bF,As Sick As The Secrets Within,2024-08-02,1,single,5.59
3be9ACTxtcL6Zm4vJRUiPG,blue,1,84,FALSE,yung kai,70,1981867,N/A,5aelly3dAJd7yZlgUHpLBw,blue,2024-08-02,1,single,3.57
