track_id,track_popularity_sum,track_popularity_avg,track_popularity_min,track_popularity_max,track_popularity_count,artist_followers_sum,artist_followers_avg,artist_followers_min,artist_followers_max,artist_followers_count
5a2a13DODkOuPxRdl07Rtf,44,44.0,44,44,1,60619,60619.0,60619,60619,1
1ZA9k26vrQG6MfRSsbifk6,53,53.0,53,53,1,1866,1866.0,1866,1866,1
3OaR8YS7CCELb4nzDcmxMw,12,12.0,12,12,1,17560,17560.0,17560,17560,1
4WFgvKVfEhb3IUAFGrutTR,89,89.0,89,89,1,844558,844558.0,844558,844558,1
46cW6zufU9Woo11TLs2i6X,61,61.0,61,61,1,299896,299896.0,299896,299896,1
4liwMRxfSCwGxSyF8beoS1,41,41.0,41,41,1,21748,21748.0,21748,21748,1
3OxL6MuctgZp1e0zxoAZhH,68,68.0,68,68,1,22675640,2.267564E7,22675640,22675640,1
6WO7IDGLakjO38lsvI2gHB,69,69.0,69,69,1,7045466,7045466.0,7045466,7045466,1
4tXlm992qvevZGLxNg9wms,62,62.0,62,62,1,249255,249255.0,249255,249255,1
6W9l02gRsXVxzIuQC1oc1X,77,77.0,77,77,1,49083617,4.9083617E7,49083617,49083617,1
4unEKanhrUiSOMqja8Euw5,45,45.0,45,45,1,394210,394210.0,394210,394210,1
2t72CxYehpJ02QAfMoTSDq,34,34.0,34,34,1,226311,226311.0,226311,226311,1
00WLowvlN5cjkYpQV6pjo4,78,78.0,78,78,1,10642618,1.0642618E7,10642618,10642618,1
7IBLt4Qarf4JDLxIQDv2O5,54,54.0,54,54,1,17326256,1.7326256E7,17326256,17326256,1
6TpOpsgXwMvm0bSkdq27EC,12,12.0,12,12,1,1320025,1320025.0,1320025,1320025,1
7AYP21Q4qnxw2WxETEvSRb,59,59.0,59,59,1,12425448,1.2425448E7,12425448,12425448,1
46Ykbossnav7MND8qCJcGR,29,29.0,29,29,1,175835,175835.0,175835,175835,1
7kt9e9LFSpN1zQtYEl19o1,75,75.0,75,75,1,145396321,1.45396321E8,145396321,145396321,1
0DiDStADDVh3SvAsoJAFMk,72,72.0,72,72,1,7761454,7761454.0,7761454,7761454,1
0WdR2AyLW1Drd3OUdwezM0,74,74.0,74,74,1,107389514,1.07389514E8,107389514,107389514,1
5ow0sNF1zSqp71Ix5jEXWU,2,2.0,2,2,1,97875,97875.0,97875,97875,1
2BgEsaKNfHUdlh97KmvFyo,78,78.0,78,78,1,12845551,1.2845551E7,12845551,12845551,1
7F9vK8hNFMml4GtHsaXui6,63,63.0,63,63,1,7077085,7077085.0,7077085,7077085,1
7biFQvzeTWrVn81dEqFqRX,37,37.0,37,37,1,25022,25022.0,25022,25022,1
3S4px9f4lceWdKf0gWciFu,68,68.0,68,68,1,30541347,3.0541347E7,30541347,30541347,1
1W7zkKgRv9mrLbfdQ8XyH3,76,76.0,76,76,1,8661889,8661889.0,8661889,8661889,1
12fERk43aXv1bxuvuFHZgA,38,38.0,38,38,1,111922,111922.0,111922,111922,1
2FNPJWVdGxYhWaotd6rULS,56,56.0,56,56,1,41176723,4.1176723E7,41176723,41176723,1
3ArYVrRb0lDBLzuJJqIXzC,55,55.0,55,55,1,12275134,1.2275134E7,12275134,12275134,1
7ehOF430eA6pg8rsOG2DRN,41,41.0,41,41,1,2918550,2918550.0,2918550,2918550,1
5HxyJa6E8OXdYKKfufrbKE,45,45.0,45,45,1,12274170,1.227417E7,12274170,12274170,1
1K01nmx3aMH7pkDB7O6rS9,48,48.0,48,48,1,90075,90075.0,90075,90075,1
2WaOQWSv0D1tZNxyLvnGAI,54,54.0,54,54,1,1337454,1337454.0,1337454,1337454,1
7ofaLUVPCwrPrKY6Rk6c0b,65,65.0,65,65,1,21591569,2.1591569E7,21591569,21591569,1
3JvrhDOgAt6p7K8mDyZwRd,10,10.0,10,10,1,3482109,3482109.0,3482109,3482109,1
0NfwNHAyi4s9HVes4JkaXA,39,39.0,39,39,1,38385499,3.8385499E7,38385499,38385499,1
5UY3Vzkc5INzJ3wBJm5FlD,45,45.0,45,45,1,1105909,1105909.0,1105909,1105909,1
7xVLFuuYdAvcTfcP3IG3dS,65,65.0,65,65,1,4287336,4287336.0,4287336,4287336,1
4vz3UReBbxyPuVqgIjTCeA,48,48.0,48,48,1,112995439,1.12995439E8,112995439,112995439,1
3AGOgQzp0YcPH41u9p7dOp,59,59.0,59,59,1,2444220,2444220.0,2444220,2444220,1
4vVTI94F9uJ8lHNDWKv0i2,79,79.0,79,79,1,3769513,3769513.0,3769513,3769513,1
6nRQHhMINUm8rjGgpdkBYH,52,52.0,52,52,1,1553110,1553110.0,1553110,1553110,1
3850dYVgOFIXJh5U4BFEWH,78,78.0,78,78,1,8794984,8794984.0,8794984,8794984,1
3RlsVPIIs5KFhLFhxZ4iDF,65,65.0,65,65,1,7846032,7846032.0,7846032,7846032,1
5IVuqXILoxVWvWEPm82Jxr,78,78.0,78,78,1,41176723,4.1176723E7,41176723,41176723,1
2FtttuNvgYjTT03FKCHlG8,53,53.0,53,53,1,2195283,2195283.0,2195283,2195283,1
4HeCFqiB1rBqGqvE10rF1a,66,66.0,66,66,1,107389514,1.07389514E8,107389514,107389514,1
280erC1K7sdT9ngrmIW3Fl,36,36.0,36,36,1,4162,4162.0,4162,4162,1
3dIJ5WV6Rog364UqLbBP5R,28,28.0,28,28,1,290,290.0,290,290,1
4zddyNQewMTFOsMnQ8fCv2,49,49.0,49,49,1,9375,9375.0,9375,9375,1
7dHblXsJTRemgyIvFNJE7t,71,71.0,71,71,1,25957976,2.5957976E7,25957976,25957976,1
0szmDue1FCIpLC9SBs7fbU,66,66.0,66,66,1,2569728,2569728.0,2569728,2569728,1
4qGE5Yh8hOg31TKlKBOQR5,28,28.0,28,28,1,3070,3070.0,3070,3070,1
5q0EXnBYyeCdXD72FzJxH0,74,74.0,74,74,1,46891061,4.6891061E7,46891061,46891061,1
3eCnYztoiJj5XC8A7SAXLA,42,42.0,42,42,1,41266350,4.126635E7,41266350,41266350,1
5UkqH9t76GxI48YHA0thsy,48,48.0,48,48,1,107401919,1.07401919E8,107401919,107401919,1
3XB5uhhlYSnkxpSihkNQwh,70,70.0,70,70,1,60358474,6.0358474E7,60358474,60358474,1
2xMY0vcPCP5GHHqom5i6Gl,56,56.0,56,56,1,1719665,1719665.0,1719665,1719665,1
5MZTbo1le4oNXF1EedvzKC,15,15.0,15,15,1,11720,11720.0,11720,11720,1
0kRU3miiIJCzGkviEwU90m,47,47.0,47,47,1,1896,1896.0,1896,1896,1
22VtvEbttc3y0MuekCm7Sb,45,45.0,45,45,1,1605047,1605047.0,1605047,1605047,1
4bt7eqP7mfWduRBKEpCAzM,71,71.0,71,71,1,9249502,9249502.0,9249502,9249502,1
1U38o4k2hNJ4m26BMZRPEi,22,22.0,22,22,1,8656,8656.0,8656,8656,1
0VgeoGrGRgHnfGUzaNbXN6,39,39.0,39,39,1,3315988,3315988.0,3315988,3315988,1
14Bcv6siTBPw3TlP84dasC,0,0.0,0,0,1,2759302,2759302.0,2759302,2759302,1
4kTliHBy7w2SOMtm8qMmOW,54,54.0,54,54,1,1943863,1943863.0,1943863,1943863,1
7kDUspsoYfLkWnZR7qwHZl,73,73.0,73,73,1,5642365,5642365.0,5642365,5642365,1
4GE0As8SVSjCMVYkRaaWwJ,47,47.0,47,47,1,46886554,4.6886554E7,46886554,46886554,1
6V9fHiv84WlVTg7CSnIVY2,0,0.0,0,0,1,22394475,2.2394475E7,22394475,22394475,1
4sMJLV1RGANrF5XNNL0VfM,24,24.0,24,24,1,84908,84908.0,84908,84908,1
08unC8N1V1dEcqiyi06g6W,58,58.0,58,58,1,467896,467896.0,467896,467896,1
6GvwPnXoM5HARQYcQvYkbU,3,3.0,3,3,1,74230,74230.0,74230,74230,1
41a7dZcq30Ss5kPMayWRV0,65,65.0,65,65,1,103094105,1.03094105E8,103094105,103094105,1
7ef4DlsgrMEH11cDZd32M6,79,79.0,79,79,1,23078931,2.3078931E7,23078931,23078931,1
55n9yjI6qqXh5F2mYvUc2y,81,81.0,81,81,1,24111322,2.4111322E7,24111322,24111322,1
032BS9hTLOX7CTJgssw3Te,23,23.0,23,23,1,1459,1459.0,1459,1459,1
2qLcJOLrh6Djda4uLbldSA,57,57.0,57,57,1,103094105,1.03094105E8,103094105,103094105,1
563SfWAHJs4FBZMkRN0IFN,71,71.0,71,71,1,66720643,6.6720643E7,66720643,66720643,1
5J4WHWFvEWRd2FBVhcTcmi,64,64.0,64,64,1,68997177,6.8997177E7,68997177,68997177,1
1hc31O4qhv2tnSnW1290KC,57,57.0,57,57,1,2338518,2338518.0,2338518,2338518,1
4KmyK4XrM3tbfhLrjobeap,44,44.0,44,44,1,104539036,1.04539036E8,104539036,104539036,1
1zvQt99d5oTkEQLmSoO1yu,59,59.0,59,59,1,7506632,7506632.0,7506632,7506632,1
4f8VWnMzOIMpvlGojhLjkS,36,36.0,36,36,1,9782,9782.0,9782,9782,1
1NETMFXbLpbyMRDyVPEcVP,0,0.0,0,0,1,4777574,4777574.0,4777574,4777574,1
608a1wIsSd5KzMEqm1O7w3,72,72.0,72,72,1,12343335,1.2343335E7,12343335,12343335,1
1CZOrmHUUjeDP7N2B4Ba6S,2,2.0,2,2,1,42256604,4.2256604E7,42256604,42256604,1
0fwiyZecKNOALUwI7hxSAb,36,36.0,36,36,1,530174,530174.0,530174,530174,1
10Nmj3JCNoMeBQ87uw5j8k,79,79.0,79,79,1,23218829,2.3218829E7,23218829,23218829,1
7gF9RfiO8nBhFhBkLuiUrb,57,57.0,57,57,1,133868,133868.0,133868,133868,1
4NirETfurhjh8U9Y1l5U1S,1,1.0,1,1,1,39788275,3.9788275E7,39788275,39788275,1
0ttF21hZCPw2merE3GsHcP,19,19.0,19,19,1,104517308,1.04517308E8,104517308,104517308,1
2fTj7u4KEt7JfWQw4Qgj2J,42,42.0,42,42,1,6199,6199.0,6199,6199,1
4M8sRHq0TWbDjxprUzFPI1,46,46.0,46,46,1,7437933,7437933.0,7437933,7437933,1
7lZLhpkDzEtriJsC3CyAKE,43,43.0,43,43,1,2649787,2649787.0,2649787,2649787,1
3efgVA2yxnPiMqfT3y04Rd,34,34.0,34,34,1,173092,173092.0,173092,173092,1
4Q9ExJGFgL9Jd9kmYH3nXs,76,76.0,76,76,1,9249502,9249502.0,9249502,9249502,1
65KethfXjEDQSUySJqYeqz,20,20.0,20,20,1,2057,2057.0,2057,2057,1
0UYnhUfnUj5adChuAXvLUB,5,5.0,5,5,1,1641193,1641193.0,1641193,1641193,1
3zMDGj4D8ogaYgAIZPeU7S,70,70.0,70,70,1,145489371,1.45489371E8,145489371,145489371,1
0bLjwGh7rtnDZrwbmF31ge,43,43.0,43,43,1,241463,241463.0,241463,241463,1
6ZjuBJah2xFEl4z3X20di3,1,1.0,1,1,1,185287,185287.0,185287,185287,1
3sy0GshTtIcovnmWxsXBqN,27,27.0,27,27,1,212,212.0,212,212,1
4RF4iaYoM1XBbdvmC6zRtD,73,73.0,73,73,1,177128,177128.0,177128,177128,1
7fZBQnc0zXwVybgCIrQQil,76,76.0,76,76,1,277287,277287.0,277287,277287,1
2c6xRsQBv7pynuhYhWoHxo,59,59.0,59,59,1,66720643,6.6720643E7,66720643,66720643,1
2Z8yfpFX0ZMavHkcIeHiO1,66,66.0,66,66,1,45706269,4.5706269E7,45706269,45706269,1
7zw6nQHTwml1mVuQDf5V6k,67,67.0,67,67,1,2356803,2356803.0,2356803,2356803,1
6AGOKlMZWLCaEJGnaROtF9,67,67.0,67,67,1,152294,152294.0,152294,152294,1
5I2rnqzPEwhZyuiELA0hB1,40,40.0,40,40,1,344334,344334.0,344334,344334,1
0hVXuCcriWRGvwMV1r5Yn9,68,68.0,68,68,1,13561,13561.0,13561,13561,1
1TQXIltqoZ5XXyfCbAeSQQ,76,76.0,76,76,1,1758258,1758258.0,1758258,1758258,1
4T652DlATVHe0jdLKaN3Bw,68,68.0,68,68,1,107374593,1.07374593E8,107374593,107374593,1
7pBsquIkbED6W6uSQJGbkn,55,55.0,55,55,1,2030506,2030506.0,2030506,2030506,1
4ZLzoOkj0MPWrTLvooIuaa,74,74.0,74,74,1,898530,898530.0,898530,898530,1
4IO2X2YoXoUMv0M2rwomLC,75,75.0,75,75,1,15026799,1.5026799E7,15026799,15026799,1
7hDVYcQq6MxkdJGweuCtl9,82,82.0,82,82,1,118692183,1.18692183E8,118692183,118692183,1
1xToKQU0oWjpHE1GJiozHv,45,45.0,45,45,1,1060491,1060491.0,1060491,1060491,1
7CmJQKB7nW4yCuA0hhc4nc,42,42.0,42,42,1,3029394,3029394.0,3029394,3029394,1
4RebD589eKGktAiWDow2wr,0,0.0,0,0,1,346,346.0,346,346,1
4AewKenHXKBt643p473xCk,65,65.0,65,65,1,1373180,1373180.0,1373180,1373180,1
4WGGsrcWiVF7XQTOE3xStS,30,30.0,30,30,1,321245,321245.0,321245,321245,1
1ejtHfSXQwvaAU7F82FXww,56,56.0,56,56,1,1063656,1063656.0,1063656,1063656,1
0lizgQ7Qw35od7CYaoMBZb,74,74.0,74,74,1,107389514,1.07389514E8,107389514,107389514,1
5jx8tCxiO0uIbo2uNia23K,62,62.0,62,62,1,38400585,3.8400585E7,38400585,38400585,1
6cpk00i5TxCqSeqNi2HuIe,79,79.0,79,79,1,45764832,4.5764832E7,45764832,45764832,1
0p1BcEcYVO3uk4KDf3gzkY,63,63.0,63,63,1,1214595,1214595.0,1214595,1214595,1
38iU2jg98IZZEIJPrP7aWD,65,65.0,65,65,1,17766757,1.7766757E7,17766757,17766757,1
6J6fw5zuz7rTKiLIyNOm7T,27,27.0,27,27,1,871643,871643.0,871643,871643,1
7amhfTaV9f9u6gPRtD6kPT,0,0.0,0,0,1,6157207,6157207.0,6157207,6157207,1
524wvipGqxPKYWxkjf9y46,71,71.0,71,71,1,103039388,1.03039388E8,103039388,103039388,1
1GEBsLDvJGw7kviySRI6GX,73,73.0,73,73,1,145443567,1.45443567E8,145443567,145443567,1
48X4D1FYOShPz2VF3YdfCF,68,68.0,68,68,1,13831380,1.383138E7,13831380,13831380,1
1ixbwbeBi5ufN4noUKmW5a,78,78.0,78,78,1,1475258,1475258.0,1475258,1475258,1
7cxOL3nvmqd6w811wOlWT1,62,62.0,62,62,1,1296424,1296424.0,1296424,1296424,1
06UPCXzhIsXnceSXmKLMEY,55,55.0,55,55,1,4291598,4291598.0,4291598,4291598,1
37cb7mzkQKksGm0noGDXeh,53,53.0,53,53,1,6445900,6445900.0,6445900,6445900,1
1FoUsSi9BCTlNt2Vd7V8XA,60,60.0,60,60,1,13839280,1.383928E7,13839280,13839280,1
4Wgj6jzoI2gYlumXdYAB8U,59,59.0,59,59,1,13822540,1.382254E7,13822540,13822540,1
6GuCrDofEO7CgigVzHIFe9,33,33.0,33,33,1,4971141,4971141.0,4971141,4971141,1
51cwCNBjJZIPwHimgiMDvm,18,18.0,18,18,1,23391272,2.3391272E7,23391272,23391272,1
3EJS5LyekDim1Tf5rBFmZl,0,0.0,0,0,1,2812821,2812821.0,2812821,2812821,1
5jw5yNpSTxdBAr1AV3N96s,25,25.0,25,25,1,1068,1068.0,1068,1068,1
6xoP2gPOZ0TWljbNcCeo3b,27,27.0,27,27,1,232,232.0,232,232,1
2cBtsB7Pi89q9yWk59a2sX,69,69.0,69,69,1,25957976,2.5957976E7,25957976,25957976,1
5vRP728TajdjftioyNLqi4,18,18.0,18,18,1,325,325.0,325,325,1
0KoOcYST2BJ3mjPc2817gc,49,49.0,49,49,1,8682,8682.0,8682,8682,1
2GLWhy9iiO1wrLUF5l4FtJ,57,57.0,57,57,1,22675640,2.267564E7,22675640,22675640,1
0BzIZdjhrOZXoAoJFGTxeS,45,45.0,45,45,1,6268,6268.0,6268,6268,1
0mZFBV9kO5a9DmzV16j9IA,38,38.0,38,38,1,67573,67573.0,67573,67573,1
43evTNhnbi70nlOVZ8Q5sK,44,44.0,44,44,1,9509731,9509731.0,9509731,9509731,1
5VMAbJY1gwOmmQPgfsFCZr,0,0.0,0,0,1,325144,325144.0,325144,325144,1
37vVp2sWHuuIBOSl1NswP6,78,78.0,78,78,1,2569728,2569728.0,2569728,2569728,1
5gai8pjmX0756SfAOPnEZE,42,42.0,42,42,1,241463,241463.0,241463,241463,1
64UXkp5qVMJduPib0auZnn,42,42.0,42,42,1,4294346,4294346.0,4294346,4294346,1
2FdzIRCqzjhdxP5W99FSvS,49,49.0,49,49,1,2078961,2078961.0,2078961,2078961,1
23BO6YozrAXUta1buxFZ80,56,56.0,56,56,1,60818952,6.0818952E7,60818952,60818952,1
6Dy1jexKYriXAVG6evyUTJ,70,70.0,70,70,1,470451,470451.0,470451,470451,1
0RFgKcpWImLWmK9WSSHAiC,56,56.0,56,56,1,5642365,5642365.0,5642365,5642365,1
3kwgqoBqTwoAH4nT29TYrq,10,10.0,10,10,1,45777722,4.5777722E7,45777722,45777722,1
1djQJxMeggP8vhG85tFfQi,0,0.0,0,0,1,10100,10100.0,10100,10100,1
3Ab1nd9rKvsFxI4NKVueZ2,0,0.0,0,0,1,539,539.0,539,539,1
7vxLj7MREliG5i5vSnqSVr,73,73.0,73,73,1,8011254,8011254.0,8011254,8011254,1
0l3vdL2Hjm6nSkYWDDzcxn,60,60.0,60,60,1,68465,68465.0,68465,68465,1
18uOcUO5mNEYHHigeXPgQM,56,56.0,56,56,1,460982,460982.0,460982,460982,1
61a0LXQA7wJ64CGzttDaN9,0,0.0,0,0,1,575297,575297.0,575297,575297,1
65gLJGey4u4KFFqoC5fzFJ,71,71.0,71,71,1,3183814,3183814.0,3183814,3183814,1
6M6Tk58pQvABy6ru66dY3d,68,68.0,68,68,1,3469806,3469806.0,3469806,3469806,1
75ihvbHyiKOAXZBZUXcugj,0,0.0,0,0,1,4779199,4779199.0,4779199,4779199,1
3gtZaK2AeKJriGVtfW6L4h,11,11.0,11,11,1,64354,64354.0,64354,64354,1
4ZFuj9jNw6ghSvIQyJUmlZ,31,31.0,31,31,1,101837,101837.0,101837,101837,1
6D2tzc8kRnZb7P1lNwMBLH,56,56.0,56,56,1,69030894,6.9030894E7,69030894,69030894,1
4Tp4gRuDo1sIMP6gH9LwuH,57,57.0,57,57,1,21598900,2.15989E7,21598900,21598900,1
4YMdxmmLb5vziSYpZ5EmoL,47,47.0,47,47,1,18370,18370.0,18370,18370,1
35PKfoynRpVFoAUE3D5Kc6,74,74.0,74,74,1,9114093,9114093.0,9114093,9114093,1
1CuzzAbJ4q28V5JOLCzQVp,0,0.0,0,0,1,1067391,1067391.0,1067391,1067391,1
0142jVxzJD3y7W3uRJoYJz,42,42.0,42,42,1,1230155,1230155.0,1230155,1230155,1
5hnyJvgoWiQUYZttV4wXy6,83,83.0,83,83,1,3301184,3301184.0,3301184,3301184,1
5dNfHmqgr128gMY2tc5CeJ,68,68.0,68,68,1,2485646,2485646.0,2485646,2485646,1
5V3mdRI2yQxbSsJGDPc5lD,5,5.0,5,5,1,13976718,1.3976718E7,13976718,13976718,1
1W5XugQJGhnSATMI5n002M,63,63.0,63,63,1,13822540,1.382254E7,13822540,13822540,1
4anqYZt4APNlFwQixpbdZR,65,65.0,65,65,1,2358187,2358187.0,2358187,2358187,1
3vZO25GdYuqFrR1kzZADnp,72,72.0,72,72,1,1660600,1660600.0,1660600,1660600,1
2Wtm3yc0paBifvBSjOhO3b,55,55.0,55,55,1,23391272,2.3391272E7,23391272,23391272,1
2I8X1dNALNQhyDjVI1Nwjo,34,34.0,34,34,1,23391272,2.3391272E7,23391272,23391272,1
57bgtoPSgt236HzfBOd8kj,85,85.0,85,85,1,32304988,3.2304988E7,32304988,32304988,1
0i19MAZbyn8uTir7FprXId,58,58.0,58,58,1,2127342,2127342.0,2127342,2127342,1
3GYulbp28vjI5wpIbHCZZc,53,53.0,53,53,1,7429055,7429055.0,7429055,7429055,1
1yAQDfgkfSBC6URkqCdnWX,12,12.0,12,12,1,33,33.0,33,33,1
419xETfTSNavdLazzGukKM,23,23.0,23,23,1,1987,1987.0,1987,1987,1
3x75aqPUfrKUDPUdTzC65Q,0,0.0,0,0,1,5109,5109.0,5109,5109,1
1VNWdmXSbaNrnWod10WIL0,62,62.0,62,62,1,112957721,1.12957721E8,112957721,112957721,1
1lb0KfG9EyfSBsEifTUtXY,75,75.0,75,75,1,136639,136639.0,136639,136639,1
3ZKDfVjmrkkcO3YFCRKdtU,25,25.0,25,25,1,26272346,2.6272346E7,26272346,26272346,1
6kajsvd2uhLyAcaz9ai1e4,23,23.0,23,23,1,11036,11036.0,11036,11036,1
0WLWoJc7VqyICKdVrR6jCd,53,53.0,53,53,1,73397,73397.0,73397,73397,1
2mnXxnrX5vCGolNkaFvVeM,69,69.0,69,69,1,17833538,1.7833538E7,17833538,17833538,1
0314PeD1sQNonfVWix3B2K,64,64.0,64,64,1,41172203,4.1172203E7,41172203,41172203,1
2C0c1BuoguwjFFbgq5xAnT,0,0.0,0,0,1,2177447,2177447.0,2177447,2177447,1
6HJizCbaqaEQG1eLjn341Z,55,55.0,55,55,1,4153847,4153847.0,4153847,4153847,1
2ex32ejeIdqj8jGoZgRldy,0,0.0,0,0,1,70,70.0,70,70,1
5cBvwieT5RLB9Ro2OOjBoI,42,42.0,42,42,1,531,531.0,531,531,1
3EPgWM1zfTSzEc0z4AwWTM,57,57.0,57,57,1,145396321,1.45396321E8,145396321,145396321,1
6U1iuA5QfzYRPJxvdcxqtf,61,61.0,61,61,1,2069532,2069532.0,2069532,2069532,1
1bhtZtnt0HybEeZQIUB8Vk,21,21.0,21,21,1,35136,35136.0,35136,35136,1
4pIKFpwflOdhYNIRmPTj3E,64,64.0,64,64,1,3771062,3771062.0,3771062,3771062,1
74cVJfmK18rhWnscIpGXjt,71,71.0,71,71,1,25957976,2.5957976E7,25957976,25957976,1
3sTN90bIP2cJ1783ctHykO,71,71.0,71,71,1,701462,701462.0,701462,701462,1
6HZILIRieu8S0iqY8kIKhj,77,77.0,77,77,1,44577310,4.457731E7,44577310,44577310,1
4VqEUmMjhbj6w7g5EVKILE,73,73.0,73,73,1,15689879,1.5689879E7,15689879,15689879,1
5ZKG94fnjiuMH5yrC5S9lS,61,61.0,61,61,1,103039388,1.03039388E8,103039388,103039388,1
05TOt5Vz4StdjMpEdFPlvB,69,69.0,69,69,1,66734917,6.6734917E7,66734917,66734917,1
2dBwB667LHQkLhdYlwLUZK,65,65.0,65,65,1,51773650,5.177365E7,51773650,51773650,1
5lF0pHbsJ0QqyIrLweHJPW,75,75.0,75,75,1,13211271,1.3211271E7,13211271,13211271,1
59RSrxkSKSixEWBAIvE5Wa,57,57.0,57,57,1,34293318,3.4293318E7,34293318,34293318,1
5ED4G6aSQkmNTSu4a39AoS,45,45.0,45,45,1,55520,55520.0,55520,55520,1
2I8U4alHqlxAZN8Wpc9jf6,28,28.0,28,28,1,6271129,6271129.0,6271129,6271129,1
2vPCRs3g0vdLU8sHlAEytO,60,60.0,60,60,1,17755451,1.7755451E7,17755451,17755451,1
7kAFSrTIOiVZ0gnHBuAH3l,63,63.0,63,63,1,3743667,3743667.0,3743667,3743667,1
5EBoNoVE7BoGQ7Hfd2uGUR,0,0.0,0,0,1,30714318,3.0714318E7,30714318,30714318,1
6tZdL3Zp8JgrfDbsSeSV1S,71,71.0,71,71,1,2816087,2816087.0,2816087,2816087,1
4vcDr56fq4Jjxpegx3XPnv,62,62.0,62,62,1,42275793,4.2275793E7,42275793,42275793,1
7gKxZWOgCAbuAGg1Wba4i9,48,48.0,48,48,1,491,491.0,491,491,1
0bxPRWprUVpQK0UFcddkrA,88,88.0,88,88,1,8661889,8661889.0,8661889,8661889,1
009mbur8TQQ0kvfJMXoVas,3,3.0,3,3,1,146944,146944.0,146944,146944,1
0CRvTAUyG3WOb3DIelsJ12,71,71.0,71,71,1,2795852,2795852.0,2795852,2795852,1
3iPIDAFybaoyqX7hvAfWkl,72,72.0,72,72,1,26559943,2.6559943E7,26559943,26559943,1
0K8sKuo6xLHZgySZmmw2rV,58,58.0,58,58,1,38400585,3.8400585E7,38400585,38400585,1
1bjeWoagtHmUKputLVyDxQ,77,77.0,77,77,1,33043825,3.3043825E7,33043825,33043825,1
1hFmDg5nxATVqQL1Viaed2,40,40.0,40,40,1,4083,4083.0,4083,4083,1
0nuszfz2u3hjdCDaNhc4m2,39,39.0,39,39,1,9839947,9839947.0,9839947,9839947,1
3O0WP95w6trTVFcNUC9oMw,48,48.0,48,48,1,1894,1894.0,1894,1894,1
1UPB5rYJ0bzn6mNSoAHrZC,83,83.0,83,83,1,8642338,8642338.0,8642338,8642338,1
5xwBIieMMFUmLDgvG4DjFe,70,70.0,70,70,1,189019,189019.0,189019,189019,1
57HMPC2XM3UKQ0KFfwRTKZ,33,33.0,33,33,1,363,363.0,363,363,1
2fmyrECK6bdfoGven0UMZx,71,71.0,71,71,1,20854863,2.0854863E7,20854863,20854863,1
696DnlkuDOXcMAnKlTgXXK,74,74.0,74,74,1,817341,817341.0,817341,817341,1
5IR4eSVnuXPu8pJtQuzC5I,34,34.0,34,34,1,53245,53245.0,53245,53245,1
5lw8Mgb4LyhriPIC86gV6e,65,65.0,65,65,1,2109909,2109909.0,2109909,2109909,1
0p0jvYdazuWBMC8QacxpUH,49,49.0,49,49,1,10342615,1.0342615E7,10342615,10342615,1
0nUftNWYvNCWnjiyeujCR8,57,57.0,57,57,1,81189603,8.1189603E7,81189603,81189603,1
6nO3tr47nr2P7f3hXb8JIo,63,63.0,63,63,1,3563926,3563926.0,3563926,3563926,1
2k7PGVIRIqdilhTn1Z0XsO,43,43.0,43,43,1,61399,61399.0,61399,61399,1
5zytSTR2g0I9psX2Z12ex6,24,24.0,24,24,1,145443567,1.45443567E8,145443567,145443567,1
75riiKSuZZPY1l6yNVZPcd,0,0.0,0,0,1,1965,1965.0,1965,1965,1
7JEzAlwHhCD2M1cYE6BeqJ,77,77.0,77,77,1,12552680,1.255268E7,12552680,12552680,1
1eMVXXpNPEUdFRy5ZH7FpM,62,62.0,62,62,1,1819211,1819211.0,1819211,1819211,1
0o9ivTBX7mjTnaUYF4Gk6t,57,57.0,57,57,1,344334,344334.0,344334,344334,1
6uBYwDurQJm3YQkYxSG5fO,21,21.0,21,21,1,39798156,3.9798156E7,39798156,39798156,1
3nB82yGjtbQFSU0JLAwLRH,56,56.0,56,56,1,15826961,1.5826961E7,15826961,15826961,1
3A0NjZwttWVJ2iBBL2jgy2,0,0.0,0,0,1,40270893,4.0270893E7,40270893,40270893,1
3tPo4KskHgUvu4OKCXAkhC,51,51.0,51,51,1,1552159,1552159.0,1552159,1552159,1
6Wx88Mv6b9ofjKMKkdwOJd,71,71.0,71,71,1,31806929,3.1806929E7,31806929,31806929,1
1hQMzVXdoDZXcO16GOhWc5,56,56.0,56,56,1,218503,218503.0,218503,218503,1
24y3tSyLdRbpVsKhQrR2oj,44,44.0,44,44,1,10961237,1.0961237E7,10961237,10961237,1
1Je1IMUlBXcx1Fz0WE7oPT,80,80.0,80,80,1,4243040,4243040.0,4243040,4243040,1
1fYypIR0kaFzaSRbzvtjl9,62,62.0,62,62,1,5043722,5043722.0,5043722,5043722,1
1LeWIs2hP2r5yOQnVuYoI5,1,1.0,1,1,1,5977021,5977021.0,5977021,5977021,1
5zjmUAGUOv81Pimre15H8L,50,50.0,50,50,1,7429055,7429055.0,7429055,7429055,1
6VtnFrAkjkCsDLTdH1IsrL,47,47.0,47,47,1,546,546.0,546,546,1
2P6YMsU9jt22CXfizfudi3,68,68.0,68,68,1,12328041,1.2328041E7,12328041,12328041,1
7c85rhgZ68cUiORoC33Yhz,37,37.0,37,37,1,847354,847354.0,847354,847354,1
64XiSf7yj8DpDfNTTsh2qn,38,38.0,38,38,1,210575,210575.0,210575,210575,1
3QJsSWa0Xo8MfaRn1gr4Be,72,72.0,72,72,1,2569728,2569728.0,2569728,2569728,1
07LZPF6LzXu19GhVyqWF81,54,54.0,54,54,1,1453910,1453910.0,1453910,1453910,1
4xhsWYTOGcal8zt0J161CU,77,77.0,77,77,1,4349241,4349241.0,4349241,4349241,1
6eiNVtWCRsU7N6JDPXFI2W,46,46.0,46,46,1,26558356,2.6558356E7,26558356,26558356,1
4Q3lMzpZ7wtBLddoSwfMaW,43,43.0,43,43,1,2505,2505.0,2505,2505,1
4sx6NRwL6Ol3V6m9exwGlQ,63,63.0,63,63,1,6596750,6596750.0,6596750,6596750,1
2rY8Gs6QwdvQvx9mbUGRLn,38,38.0,38,38,1,2565642,2565642.0,2565642,2565642,1
4jv496BJYJpMijIavxxTqJ,0,0.0,0,0,1,21839,21839.0,21839,21839,1
5902W4uHWzhtOff1UK7the,65,65.0,65,65,1,4034129,4034129.0,4034129,4034129,1
0k0vFacOHNuArLWMiH60p7,57,57.0,57,57,1,145489371,1.45489371E8,145489371,145489371,1
4pt5fDVTg5GhEvEtlz9dKk,81,81.0,81,81,1,10636129,1.0636129E7,10636129,10636129,1
43Ykum9T72UOPhBN31grpN,64,64.0,64,64,1,145396321,1.45396321E8,145396321,145396321,1
3Ofmpyhv5UAQ70mENzB277,70,70.0,70,70,1,787903,787903.0,787903,787903,1
5SWnsxjhdcEDc7LJjq9UHk,76,76.0,76,76,1,23799771,2.3799771E7,23799771,23799771,1
5XKZua8kqgHwcxeKiMIjge,66,66.0,66,66,1,1958141,1958141.0,1958141,1958141,1
0ecC8p17cDNlxHXkuYqeR6,67,67.0,67,67,1,211557,211557.0,211557,211557,1
40RaUosMp8ROAFVeqrKZGw,29,29.0,29,29,1,152941,152941.0,152941,152941,1
70eFcWOvlMObDhURTqT4Fv,69,69.0,69,69,1,122802777,1.22802777E8,122802777,122802777,1
0o2Sdhds3vTjXRfJZBTzLm,40,40.0,40,40,1,6065,6065.0,6065,6065,1
1FvOiE8MGWB8MUCAPvro3h,35,35.0,35,35,1,53247,53247.0,53247,53247,1
5WvAo7DNuPRmk4APhdPzi8,60,60.0,60,60,1,12341870,1.234187E7,12341870,12341870,1
1dUHF4RyMmMTveJ0Rby6Xm,65,65.0,65,65,1,103039388,1.03039388E8,103039388,103039388,1
5pHJv0bgNsT9nPoK2BjNBn,64,64.0,64,64,1,15037198,1.5037198E7,15037198,15037198,1
0Yy8Jn1mhqyQcAKFhxBNlc,0,0.0,0,0,1,53987,53987.0,53987,53987,1
5xhJmd0I15jFcEdqxfCzKk,48,48.0,48,48,1,21357977,2.1357977E7,21357977,21357977,1
7aBxcRw77817BrkdPChAGY,62,62.0,62,62,1,41176723,4.1176723E7,41176723,41176723,1
5kqIPrATaCc2LqxVWzQGbk,83,83.0,83,83,1,2945445,2945445.0,2945445,2945445,1
302ZEWd1TDXvA4PLz0UQhj,56,56.0,56,56,1,51798111,5.1798111E7,51798111,51798111,1
5VWtavZNYlK6m6MQY6YRg1,56,56.0,56,56,1,857859,857859.0,857859,857859,1
7i9763l5SSfOnqZ35VOcfy,71,71.0,71,71,1,25759662,2.5759662E7,25759662,25759662,1
3n9Roz49akxftZl1kJv2tK,39,39.0,39,39,1,213895,213895.0,213895,213895,1
3JvKfv6T31zO0ini8iNItO,87,87.0,87,87,1,4310494,4310494.0,4310494,4310494,1
6LS6pltO7YBgjwNVhxMwtp,0,0.0,0,0,1,18205037,1.8205037E7,18205037,18205037,1
4dtbA0yooUSB9wLisRuJby,55,55.0,55,55,1,51773650,5.177365E7,51773650,51773650,1
2rldjI2fK6nYwlMgaITluf,52,52.0,52,52,1,51773650,5.177365E7,51773650,51773650,1
6eLOyOwKUJvjN0f9equFf8,64,64.0,64,64,1,28254,28254.0,28254,28254,1
3ydfhgIZIc2j39NLIhpJpq,63,63.0,63,63,1,721855,721855.0,721855,721855,1
6JSZq2FkHOZGZ5hV85fBa2,41,41.0,41,41,1,3839,3839.0,3839,3839,1
1EzrEOXmMH3G43AXT1y7pA,77,77.0,77,77,1,7312594,7312594.0,7312594,7312594,1
25MGldQ3xPVN1NmuOhGLER,19,19.0,19,19,1,45117,45117.0,45117,45117,1
7huo2wvrCgRucUsjdSDLQV,61,61.0,61,61,1,9247395,9247395.0,9247395,9247395,1
20jYtEun4dUdYZ9foaOC48,77,77.0,77,77,1,9553224,9553224.0,9553224,9553224,1
35gFlKdC4Pmo88Go1cVrae,59,59.0,59,59,1,143398,143398.0,143398,143398,1
6l7tK5SsMlN8a9ccgeIkpS,0,0.0,0,0,1,3241736,3241736.0,3241736,3241736,1
7aIoi1zi7rtvwqBPCQSqmF,32,32.0,32,32,1,23384088,2.3384088E7,23384088,23384088,1
0pNeVovbiZHkulpGeOx1Gj,75,75.0,75,75,1,30718195,3.0718195E7,30718195,30718195,1
5eZrW59C3UgBhkqNlowEID,58,58.0,58,58,1,30721676,3.0721676E7,30721676,30721676,1
0U1nO2frLx8w2dIsfvlP1d,76,76.0,76,76,1,2059774,2059774.0,2059774,2059774,1
6uTNaZG0i5VRdckzFr1M9u,55,55.0,55,55,1,2100,2100.0,2100,2100,1
1Sp1w7Pcc5dbODq4CCvUTb,51,51.0,51,51,1,1874,1874.0,1874,1874,1
24f9sUr9sVrY2aJKVURXOJ,62,62.0,62,62,1,15689879,1.5689879E7,15689879,15689879,1
1G2R371kEBAJskHeg4DRDg,37,37.0,37,37,1,41268567,4.1268567E7,41268567,41268567,1
57ELn9TPDIhrpl0dasS465,56,56.0,56,56,1,22682234,2.2682234E7,22682234,22682234,1
5mY6WIHXoBsOCSyQxrTg0E,64,64.0,64,64,1,10636129,1.0636129E7,10636129,10636129,1
5eTaQYBE1yrActixMAeLcZ,71,71.0,71,71,1,23078931,2.3078931E7,23078931,23078931,1
6nStBZGqGgTR87MrBpNza0,64,64.0,64,64,1,2569728,2569728.0,2569728,2569728,1
0QBzMgT7NIeoCYy3sJCof1,71,71.0,71,71,1,35579266,3.5579266E7,35579266,35579266,1
1LPSkqVhWVRUkKE03YUkpB,0,0.0,0,0,1,75455093,7.5455093E7,75455093,75455093,1
77sMIMlNaSURUAXq5coCxE,73,73.0,73,73,1,145396321,1.45396321E8,145396321,145396321,1
4jPy3l0RUwlUI9T5XHBW2m,77,77.0,77,77,1,2285377,2285377.0,2285377,2285377,1
4DM0ul4JO8IV2r2BCFIVQd,0,0.0,0,0,1,91951,91951.0,91951,91951,1
1VSuFS7PahCN3SWbOcQ98m,68,68.0,68,68,1,5642925,5642925.0,5642925,5642925,1
67JgbuqPg9YC1RfahNnr7j,42,42.0,42,42,1,2177376,2177376.0,2177376,2177376,1
5g0HSob4PEq7M8blV6y70i,65,65.0,65,65,1,1204977,1204977.0,1204977,1204977,1
5Wgeij4HPNIKuKBU8dCZjM,27,27.0,27,27,1,170169,170169.0,170169,170169,1
4Y1igB1GDncJvt7ezbV3cW,56,56.0,56,56,1,1215070,1215070.0,1215070,1215070,1
2Am26UXisQ91vBLYdqd7Pa,49,49.0,49,49,1,21644763,2.1644763E7,21644763,21644763,1
2X3UgVLSA4wYriGIQyYmMA,63,63.0,63,63,1,81181104,8.1181104E7,81181104,81181104,1
7y9iMe8SOB6z3NoHE2OfXl,3,3.0,3,3,1,22394475,2.2394475E7,22394475,22394475,1
3pZcPE0ugJCI6zu5scIjp5,55,55.0,55,55,1,648181,648181.0,648181,648181,1
3odrUVQ9tvRpkC9II2oWzx,70,70.0,70,70,1,13212719,1.3212719E7,13212719,13212719,1
3HWDWyIqWuLsTHECx9DvXF,60,60.0,60,60,1,60804949,6.0804949E7,60804949,60804949,1
2bKhIGdMdcqCqQ2ZhSv5nE,0,0.0,0,0,1,9277034,9277034.0,9277034,9277034,1
6SVHkVhU0hdXM3q8lCPqGh,43,43.0,43,43,1,90200,90200.0,90200,90200,1
4TaY35s44Bf6OQnRK4R8Y5,53,53.0,53,53,1,21598900,2.15989E7,21598900,21598900,1
2MvvoeRt8NcOXWESkxWn3g,84,84.0,84,84,1,10539134,1.0539134E7,10539134,10539134,1
2VLlAsu9GPveQQAYZus6R2,37,37.0,37,37,1,21591569,2.1591569E7,21591569,21591569,1
5DI9jxTHrEiFAhStG7VA8E,63,63.0,63,63,1,103039388,1.03039388E8,103039388,103039388,1
6HrLsSVEk6C1X2EKmOEBxA,53,53.0,53,53,1,112957721,1.12957721E8,112957721,112957721,1
2Mtd0VvFbC2mX44EvGq1cq,48,48.0,48,48,1,95995,95995.0,95995,95995,1
22skzmqfdWrjJylampe0kt,82,82.0,82,82,1,2828747,2828747.0,2828747,2828747,1
0171XsIM2xyeXRr6wsugEI,1,1.0,1,1,1,85008100,8.50081E7,85008100,85008100,1
124NFj84ppZ5pAxTuVQYCQ,76,76.0,76,76,1,103067383,1.03067383E8,103067383,103067383,1
7J67Boe7skkGlM5HCy3JHR,33,33.0,33,33,1,11939612,1.1939612E7,11939612,11939612,1
0kxNEUIcb0fb8dFgAQcgVJ,18,18.0,18,18,1,37357,37357.0,37357,37357,1
0okmLlOW6vKrilXDvtRMfg,73,73.0,73,73,1,7053393,7053393.0,7053393,7053393,1
6oGQKGoGr6eWffnD8cV6Gg,23,23.0,23,23,1,3430,3430.0,3430,3430,1
5xiL4uOUrd4IVhaY9qTm0Y,52,52.0,52,52,1,111922,111922.0,111922,111922,1
6N10tJfiQqm4wn6KM70aoT,53,53.0,53,53,1,4780589,4780589.0,4780589,4780589,1
3wCSdWN5O6KsIPUf8xTVOI,0,0.0,0,0,1,327242,327242.0,327242,327242,1
3rPmRqTPwBs5qCotzfqpwO,48,48.0,48,48,1,143332,143332.0,143332,143332,1
4h37RgtBg9iynN3BIL5lFU,54,54.0,54,54,1,13839280,1.383928E7,13839280,13839280,1
73CKjW3vsUXRpy3NnX4H7F,80,80.0,80,80,1,13848580,1.384858E7,13848580,13848580,1
5XpcTQlNnfIQbiWE4hvYo7,64,64.0,64,64,1,13822540,1.382254E7,13822540,13822540,1
2EqlS6tkEnglzr7tkKAAYD,77,77.0,77,77,1,30714318,3.0714318E7,30714318,30714318,1
0SoYN9bRGPj7qV6loQKCTO,31,31.0,31,31,1,1518,1518.0,1518,1518,1
0jPkYjkGxwWMsRaTQbhV0x,35,35.0,35,35,1,2633,2633.0,2633,2633,1
1CjFD8mc8f40JtIIK0NRGA,55,55.0,55,55,1,1211803,1211803.0,1211803,1211803,1
2SsY5k7UWFqgye3PUMG3Oq,87,87.0,87,87,1,7310428,7310428.0,7310428,7310428,1
2yWlGEgEfPot0lv3OAjuG3,90,90.0,90,90,1,9256589,9256589.0,9256589,9256589,1
4jiwz2tQZo21Z4NQwz4zUt,73,73.0,73,73,1,1378074,1378074.0,1378074,1378074,1
6UhHAHc2tupqn0NLjE4ceY,46,46.0,46,46,1,4124,4124.0,4124,4124,1
6saYisCUAZXc505blie9kZ,61,61.0,61,61,1,10890822,1.0890822E7,10890822,10890822,1
1rmEsOezwf2lmIZTMAO5Ag,70,70.0,70,70,1,145489371,1.45489371E8,145489371,145489371,1
51eSHglvG1RJXtL3qI5trr,83,83.0,83,83,1,7045466,7045466.0,7045466,7045466,1
3ph5NwTA3MxwjOrU0hcxB4,68,68.0,68,68,1,579294,579294.0,579294,579294,1
7yZc2gKENILqeJWofabYNF,59,59.0,59,59,1,4296747,4296747.0,4296747,4296747,1
00Blm7zeNqgYLPtW6zg8cj,67,67.0,67,67,1,47722935,4.7722935E7,47722935,47722935,1
7nLEVh4vIhKOKNAFqQ1koF,44,44.0,44,44,1,160516,160516.0,160516,160516,1
6PQ88X9TkUIAUIZJHW2upE,9,9.0,9,9,1,122789460,1.2278946E8,122789460,122789460,1
5brqycdRAwb83pNZFmIEap,23,23.0,23,23,1,261140,261140.0,261140,261140,1
7CHNIK6EGjnwpWkSpx6JZe,52,52.0,52,52,1,20852039,2.0852039E7,20852039,20852039,1
6Bna8jsMoiOBZicaSKyLer,0,0.0,0,0,1,72278,72278.0,72278,72278,1
3IB5qOeMayvpOdHxYCL5tZ,0,0.0,0,0,1,81181104,8.1181104E7,81181104,81181104,1
7FIWs0pqAYbP91WWM0vlTQ,80,80.0,80,80,1,104517308,1.04517308E8,104517308,104517308,1
21jGcNKet2qwijlDFuPiPb,85,85.0,85,85,1,47722935,4.7722935E7,47722935,47722935,1
43rA71bccXFGD4C8GOpIlN,72,72.0,72,72,1,145396321,1.45396321E8,145396321,145396321,1
5WZ4qFbz1x2vELPg8S7vza,51,51.0,51,51,1,5642925,5642925.0,5642925,5642925,1
7g6bcYfxETVC37hzhErGvv,0,0.0,0,0,1,301316,301316.0,301316,301316,1
3u1S1OmAUhx5DRlLrXqyp3,59,59.0,59,59,1,3877645,3877645.0,3877645,3877645,1
5IaHrVsrferBYDm0bDyABy,68,68.0,68,68,1,7315854,7315854.0,7315854,7315854,1
1j4kHkkpqZRBwE0A4CN4Yv,70,70.0,70,70,1,24105967,2.4105967E7,24105967,24105967,1
4lJCw7GFijl5Kn2iizagwU,46,46.0,46,46,1,1206124,1206124.0,1206124,1206124,1
6Knv6wdA0luoMUuuoYi2i1,76,76.0,76,76,1,8971415,8971415.0,8971415,8971415,1
0cQVqPuHQP4KEwc7ZUQmj6,69,69.0,69,69,1,21591569,2.1591569E7,21591569,21591569,1
0jHSdjxn9LfzNL0WkDu93W,56,56.0,56,56,1,5588772,5588772.0,5588772,5588772,1
78aURwMzynDMan7DfSWwsI,50,50.0,50,50,1,112995439,1.12995439E8,112995439,112995439,1
4rOZRpsGz3eZxTYabaRLtn,0,0.0,0,0,1,344334,344334.0,344334,344334,1
4m5gJuQlo2byPHRQamL6dd,45,45.0,45,45,1,131979,131979.0,131979,131979,1
7ksYJ95P5vP87A0GH34CIk,53,53.0,53,53,1,12460618,1.2460618E7,12460618,12460618,1
2VqAEP1yY5T523K7bZtL8a,2,2.0,2,2,1,6002343,6002343.0,6002343,6002343,1
2uMm657euPoE7Vgaukuupl,52,52.0,52,52,1,2451894,2451894.0,2451894,2451894,1
296XGtH5MeGisqD3uAz6Q6,41,41.0,41,41,1,849521,849521.0,849521,849521,1
6PypGyiu0Y2lCDBN1XZEnP,75,75.0,75,75,1,5365848,5365848.0,5365848,5365848,1
0pas4o8x1kHxc5VnPWZqFG,40,40.0,40,40,1,23398010,2.339801E7,23398010,23398010,1
0ILLfGp9z1pukpjifsfkxx,53,53.0,53,53,1,146944,146944.0,146944,146944,1
3ZnyjmRl3n5OVKfPtxF4Zu,62,62.0,62,62,1,64215,64215.0,64215,64215,1
4evMMKc2HD6fV9slMfgkMx,79,79.0,79,79,1,15026799,1.5026799E7,15026799,15026799,1
5bdN2arjMp7uW1l7YH9AG8,20,20.0,20,20,1,6934,6934.0,6934,6934,1
6nf4oqFOsVKLwJPEliYVwT,61,61.0,61,61,1,47716988,4.7716988E7,47716988,47716988,1
3YkNIrAvbKNrrwwEd7NVLl,74,74.0,74,74,1,145396321,1.45396321E8,145396321,145396321,1
13jRSCLoWbCoU1XEdJRbgn,59,59.0,59,59,1,107374593,1.07374593E8,107374593,107374593,1
17PVZrZPFBjFhNqx0YLF7o,50,50.0,50,50,1,10638829,1.0638829E7,10638829,10638829,1
4UwqOWDpdeIDVQDuKT6iza,69,69.0,69,69,1,145443567,1.45443567E8,145443567,145443567,1
79DPYZ6x8FfzgSgPoPhpC3,52,52.0,52,52,1,34295707,3.4295707E7,34295707,34295707,1
09I8yYd9egMHOLDRFenYrV,58,58.0,58,58,1,425177,425177.0,425177,425177,1
7BazXL0aiygMDuV2Ycx6aU,29,29.0,29,29,1,26278854,2.6278854E7,26278854,26278854,1
1MkvOuWOCDTkGE8CtobmHI,55,55.0,55,55,1,13726,13726.0,13726,13726,1
4OYsT3QxyyFchLCO9nDmZh,34,34.0,34,34,1,241463,241463.0,241463,241463,1
6dmXZ9B5HdFAyzHeTneYBK,1,1.0,1,1,1,8597160,8597160.0,8597160,8597160,1
3WIifw9lqdgSZpt9renBAg,56,56.0,56,56,1,51821190,5.182119E7,51821190,51821190,1
4hyVrAsoKKjxAvQjPRt0ai,68,68.0,68,68,1,2053792,2053792.0,2053792,2053792,1
0pEkK8MqbmGSX7fT8WLMbR,67,67.0,67,67,1,14043382,1.4043382E7,14043382,14043382,1
6NWq3JOKCQ21Av7y2q5RFb,35,35.0,35,35,1,53247,53247.0,53247,53247,1
0I3bfW30dhP6uB4fgBPXkm,24,24.0,24,24,1,149035,149035.0,149035,149035,1
7pMRoGLEJuFM2wl5pt0R99,61,61.0,61,61,1,5610584,5610584.0,5610584,5610584,1
27rdGxbavYJeBphck5MZAF,70,70.0,70,70,1,1294030,1294030.0,1294030,1294030,1
1BYZxKSf0aTxp8ZFoeyM3d,3,3.0,3,3,1,8765920,8765920.0,8765920,8765920,1
6T8cJz5lAqGer9GUHGyelE,1,1.0,1,1,1,103094105,1.03094105E8,103094105,103094105,1
492PZFHvGTm3RZZYeeUVWT,67,67.0,67,67,1,10468606,1.0468606E7,10468606,10468606,1
6c0I7CfL9ziGZN8yYkLppP,58,58.0,58,58,1,31806929,3.1806929E7,31806929,31806929,1
3OP8UeYimRl9HCNxMg7Ihl,0,0.0,0,0,1,1485869,1485869.0,1485869,1485869,1
7MiZjKawmXTsTNePyTfPyL,76,76.0,76,76,1,1071057,1071057.0,1071057,1071057,1
28xaZzE31Mh8qITYhWCKSA,0,0.0,0,0,1,1604690,1604690.0,1604690,1604690,1
2GiJYvgVaD2HtM8GqD9EgQ,79,79.0,79,79,1,1373229,1373229.0,1373229,1373229,1
3dYD57lRAUcMHufyqn9GcI,83,83.0,83,83,1,9112977,9112977.0,9112977,9112977,1
5BKKy9fIJL5uM9fz1SnqyP,82,82.0,82,82,1,37446069,3.7446069E7,37446069,37446069,1
6nGeLlakfzlBcFdZXteDq7,77,77.0,77,77,1,2545147,2545147.0,2545147,2545147,1
2uwnP6tZVVmTovzX5ELooy,79,79.0,79,79,1,27073781,2.7073781E7,27073781,27073781,1
3ilHldFxauIKYtoGJRFHc5,23,23.0,23,23,1,35207,35207.0,35207,35207,1
5PypFTXJ4Ij2nMvxKRjjv2,0,0.0,0,0,1,28316378,2.8316378E7,28316378,28316378,1
0PWgAyoxsjwGRuFSO0fyya,58,58.0,58,58,1,145443567,1.45443567E8,145443567,145443567,1
7uXi2WiTHucXDuwmrj3MF2,0,0.0,0,0,1,55561,55561.0,55561,55561,1
1kxeWHF9PrCVZHvVskv8lg,64,64.0,64,64,1,31038851,3.1038851E7,31038851,31038851,1
7Ff0Uwh6NaNKCq5yPtbep5,51,51.0,51,51,1,3745808,3745808.0,3745808,3745808,1
11y6pGsIo9BbsotNAGHjO9,23,23.0,23,23,1,13709065,1.3709065E7,13709065,13709065,1
1RNtm45kw0hPMBz7gKiIYu,57,57.0,57,57,1,60804949,6.0804949E7,60804949,60804949,1
7erXAfnatmoUow8DnbseOY,63,63.0,63,63,1,5106570,5106570.0,5106570,5106570,1
7CuR4LfO6V5czfPl9Md7D5,18,18.0,18,18,1,23384088,2.3384088E7,23384088,23384088,1
1uJySP5oFRKW0Yzr7O87TW,29,29.0,29,29,1,23384088,2.3384088E7,23384088,23384088,1
0C42YiaJQyb0OExJ89bRbs,34,34.0,34,34,1,1496,1496.0,1496,1496,1
4NgPNxsqi2HQ7AnCvvRK8G,35,35.0,35,35,1,1151605,1151605.0,1151605,1151605,1
4w9PSts9Ij4vdeqIFTi756,38,38.0,38,38,1,3666,3666.0,3666,3666,1
0hhzNPE68LWLfgZwdpxVdR,75,75.0,75,75,1,7403257,7403257.0,7403257,7403257,1
0HD8mbiPjp3o94X3EaZp0o,4,4.0,4,4,1,9256589,9256589.0,9256589,9256589,1
1oTDLswJ3yehL9bhMH7nbJ,54,54.0,54,54,1,8508071,8508071.0,8508071,8508071,1
2IGMVunIBsBLtEQyoI1Mu7,77,77.0,77,77,1,34735147,3.4735147E7,34735147,34735147,1
6piYLIOh4x7xDsXuKRj8aA,40,40.0,40,40,1,5589145,5589145.0,5589145,5589145,1
1o82DwNisONAd2mu1RcGE6,80,80.0,80,80,1,51773650,5.177365E7,51773650,51773650,1
4zN21mbAuaD0WqtmaTZZeP,76,76.0,76,76,1,494854,494854.0,494854,494854,1
5zHX1aFxP5p10NI4L1nkai,41,41.0,41,41,1,4694955,4694955.0,4694955,4694955,1
4mIHgQ3ofK2RK34UdbqMbe,69,69.0,69,69,1,2398201,2398201.0,2398201,2398201,1
21AJQhGZpujjZQXByZAXpr,58,58.0,58,58,1,10172903,1.0172903E7,10172903,10172903,1
656neoAxvwrA9812K99kTO,0,0.0,0,0,1,164524,164524.0,164524,164524,1
4cktbXiXOapiLBMprHFErI,82,82.0,82,82,1,45777722,4.5777722E7,45777722,45777722,1
46u5B2WN4wryYLZuMAOmI4,70,70.0,70,70,1,1379500,1379500.0,1379500,1379500,1
45bE4HXI0AwGZXfZtMp8JR,5,5.0,5,5,1,9241516,9241516.0,9241516,9241516,1
62vDrkBEyJYEOFj1ScBqM7,66,66.0,66,66,1,16646605,1.6646605E7,16646605,16646605,1
2b8fOow8UzyDFAE27YhOZM,33,33.0,33,33,1,45764832,4.5764832E7,45764832,45764832,1
2VCeQfecKMpctfC5zdgyWO,54,54.0,54,54,1,173422,173422.0,173422,173422,1
2JvzF1RMd7lE3KmFlsyZD8,76,76.0,76,76,1,27069939,2.7069939E7,27069939,27069939,1
2RSHsoi04658QL5xgQVov3,80,80.0,80,80,1,58364373,5.8364373E7,58364373,58364373,1
2d0KT2vtvyGdltnv83jtLV,0,0.0,0,0,1,271107,271107.0,271107,271107,1
7FlHNJT4TC120CDvFOHzei,71,71.0,71,71,1,20854863,2.0854863E7,20854863,20854863,1
0TYJbIHBtmWy9ugtU9BcbE,24,24.0,24,24,1,145489371,1.45489371E8,145489371,145489371,1
3dhjNA0jGA8vHBQ1VdD6vV,77,77.0,77,77,1,112957721,1.12957721E8,112957721,112957721,1
4Oyl6oYSNeeZZP0OAxPVaU,64,64.0,64,64,1,25762646,2.5762646E7,25762646,25762646,1
48BKGwa4KAjTxVWnhA5Ce5,34,34.0,34,34,1,728021,728021.0,728021,728021,1
1aRvUHgMe9ichgcHAAs12f,59,59.0,59,59,1,646601,646601.0,646601,646601,1
55N0YHhO55Q1lWsc4dDPcI,70,70.0,70,70,1,10541250,1.054125E7,10541250,10541250,1
2LGdO5MtFdyphi2EihANZG,75,75.0,75,75,1,32059138,3.2059138E7,32059138,32059138,1
1njhygLOG5xCfVwNPktfgW,0,0.0,0,0,1,4777574,4777574.0,4777574,4777574,1
2Z5wXgysowvzl0nKGNGU0t,68,68.0,68,68,1,1009778,1009778.0,1009778,1009778,1
3Pyb7rYWBsRL24vmdlzlxk,49,49.0,49,49,1,95952,95952.0,95952,95952,1
2vtmY2mSccRzKGjtcHSzI3,77,77.0,77,77,1,51773650,5.177365E7,51773650,51773650,1
0U10zFw4GlBacOy9VDGfGL,79,79.0,79,79,1,69030894,6.9030894E7,69030894,69030894,1
5SkjTqQiVbzZozJDJ29dth,33,33.0,33,33,1,52027,52027.0,52027,52027,1
7FsuPpJmzsdeB40Q4Nnaq5,50,50.0,50,50,1,301226,301226.0,301226,301226,1
7AYSgqQ0U6StaZe00f5Nu5,39,39.0,39,39,1,9676780,9676780.0,9676780,9676780,1
3ZffCQKLFLUvYM59XKLbVm,81,81.0,81,81,1,17333748,1.7333748E7,17333748,17333748,1
1RjU7UhRICmdFPKxCucLgq,62,62.0,62,62,1,2414895,2414895.0,2414895,2414895,1
28WmNsclKsrVmdv3tDmoYU,71,71.0,71,71,1,32161423,3.2161423E7,32161423,32161423,1
15xptTfRBrjsppW0INUZjf,0,0.0,0,0,1,8682,8682.0,8682,8682,1
1yLkASt2rIp9W5t3NuZrwQ,2,2.0,2,2,1,84,84.0,84,84,1
29JrUHRJumKzVu5xeELYFV,40,40.0,40,40,1,3776,3776.0,3776,3776,1
6PB2A4yjRvHk9GbXUHliEu,44,44.0,44,44,1,6685,6685.0,6685,6685,1
0LutvoC2HqCfnaRSjrhtzo,74,74.0,74,74,1,85008100,8.50081E7,85008100,85008100,1
2rDMtmPctM67hICAZTKAjx,66,66.0,66,66,1,26564677,2.6564677E7,26564677,26564677,1
7t3MDStpar6hFGejdm3hcc,4,4.0,4,4,1,0,0.0,0,0,1
0sTBOp1hdayTjw6UOyPyi6,73,73.0,73,73,1,112918137,1.12918137E8,112918137,112918137,1
3KONLkLtJwNEXAhkhL5Wdb,48,48.0,48,48,1,18840,18840.0,18840,18840,1
7nYZlOq4JtGeF9fs8Zs66j,55,55.0,55,55,1,424983,424983.0,424983,424983,1
49Kxx28h1wmlw6McZ9xfxE,59,59.0,59,59,1,963679,963679.0,963679,963679,1
38T0tPVZHcPZyhtOcCP7pF,70,70.0,70,70,1,12310527,1.2310527E7,12310527,12310527,1
7N1bEUVuQo8HHuikDgJ10c,0,0.0,0,0,1,152591,152591.0,152591,152591,1
5QGhOS4dpiSdcwuqnWzpxE,54,54.0,54,54,1,211032,211032.0,211032,211032,1
2iHsdUnmKGIuc9oRE3DfgJ,52,52.0,52,52,1,388025,388025.0,388025,388025,1
6N1K5OVVCopBjGViHs2IvP,61,61.0,61,61,1,122773292,1.22773292E8,122773292,122773292,1
3QFInJAm9eyaho5vBzxInN,77,77.0,77,77,1,3127881,3127881.0,3127881,3127881,1
5CC5krEgwJXuoA0F9scOFg,52,52.0,52,52,1,34742256,3.4742256E7,34742256,34742256,1
71JGK9HPfjQNtKq5AhgbTg,44,44.0,44,44,1,49050008,4.9050008E7,49050008,49050008,1
680qLWCMRfR6evrNNBCE9e,45,45.0,45,45,1,714,714.0,714,714,1
4wosxLl0mAqhneDzya2MfY,57,57.0,57,57,1,470451,470451.0,470451,470451,1
04c6EIcUvkRv3xWrBol3J1,40,40.0,40,40,1,2177376,2177376.0,2177376,2177376,1
6iWEhoALoBFnQMNVhYY0Sc,67,67.0,67,67,1,346992,346992.0,346992,346992,1
1XrO06cv4qlArKRx2SCOT3,40,40.0,40,40,1,3315988,3315988.0,3315988,3315988,1
7aIsf4K7rEuX8uRUYoFmuD,44,44.0,44,44,1,29433,29433.0,29433,29433,1
4YzzeycRmg12c4SzgJDrFx,43,43.0,43,43,1,79382,79382.0,79382,79382,1
339Y993TrFyWyO438be0RY,54,54.0,54,54,1,16945182,1.6945182E7,16945182,16945182,1
6CcJMwBtXByIz4zQLzFkKc,82,82.0,82,82,1,118692183,1.18692183E8,118692183,118692183,1
1E1uGhNdBe6Dddbgs2KqtZ,68,68.0,68,68,1,25759662,2.5759662E7,25759662,25759662,1
4YDHRtzm0OGuieCTVQjVuk,60,60.0,60,60,1,81181104,8.1181104E7,81181104,81181104,1
5nayhWICkQGMTkisxVMbRw,66,66.0,66,66,1,15031490,1.503149E7,15031490,15031490,1
0GzmMQizDeA2NVMUaZksv0,53,53.0,53,53,1,39108338,3.9108338E7,39108338,39108338,1
5Gu0PDLN4YJeW75PpBSg9p,70,70.0,70,70,1,8862787,8862787.0,8862787,8862787,1
3OtMnyUaiipcAT23A8liyi,63,63.0,63,63,1,38385499,3.8385499E7,38385499,38385499,1
1IqF5PUDUnaykHLs0RWbDO,69,69.0,69,69,1,879067,879067.0,879067,879067,1
3uwnnTQcHM1rDqSfA4gQNz,77,77.0,77,77,1,27288825,2.7288825E7,27288825,27288825,1
4g6m1iaAsgdgDqgxGtvY0C,66,66.0,66,66,1,15121577,1.5121577E7,15121577,15121577,1
2wIhvlHyiFGT7XXDXgBDJF,27,27.0,27,27,1,21591569,2.1591569E7,21591569,21591569,1
3HCMcB2kxuxoRaBmeIGcVl,49,49.0,49,49,1,51798111,5.1798111E7,51798111,51798111,1
6TwfdLbaxTKzQi3AgsZNzx,64,64.0,64,64,1,45764832,4.5764832E7,45764832,45764832,1
3Yt9lRtS5V4nbJnwcgFgvC,76,76.0,76,76,1,69030894,6.9030894E7,69030894,69030894,1
5xfyuKxCnnylZ4WfyeJh3e,32,32.0,32,32,1,11135,11135.0,11135,11135,1
4mORw9qfPoT3lvZ9hbDUTM,19,19.0,19,19,1,19724,19724.0,19724,19724,1
3S2R0EVwBSAVMd5UMgKTL0,77,77.0,77,77,1,37431031,3.7431031E7,37431031,37431031,1
2PTvik6EqPAIYOclAB3SU8,68,68.0,68,68,1,544907,544907.0,544907,544907,1
6buHoQU9OTdbJrAuniVwGL,58,58.0,58,58,1,4780589,4780589.0,4780589,4780589,1
2TNaQWWTeTyig2wsr1BNaL,50,50.0,50,50,1,5034992,5034992.0,5034992,5034992,1
0h17TpfCKbbib1J37Qgj7r,58,58.0,58,58,1,3005585,3005585.0,3005585,3005585,1
7iXF2W9vKmDoGAhlHdpyIa,78,78.0,78,78,1,15085473,1.5085473E7,15085473,15085473,1
37ZJ0p5Jm13JPevGcx4SkF,80,80.0,80,80,1,15810313,1.5810313E7,15810313,15810313,1
5Hyr47BBGpvOfcykSCcaw9,74,74.0,74,74,1,2413522,2413522.0,2413522,2413522,1
396Oe9cFXg8EP8SO0hl4gG,62,62.0,62,62,1,676569,676569.0,676569,676569,1
00oZhqZIQfL9P5CjOP6JsO,55,55.0,55,55,1,30721676,3.0721676E7,30721676,30721676,1
3yvZ1VUso9Xi7EvIyLaj4o,1,1.0,1,1,1,10541250,1.054125E7,10541250,10541250,1
4DCyPp2B9vSmkPUkctFumT,38,38.0,38,38,1,1844,1844.0,1844,1844,1
0pgkF1o9pNhBJrbQQoxItL,14,14.0,14,14,1,8,8.0,8,8,1
6Ql76QUTIXajTh9cVjrAZl,72,72.0,72,72,1,12428221,1.2428221E7,12428221,12428221,1
5DxDLsW6PsLz5gkwC7Mk5S,91,91.0,91,91,1,220991,220991.0,220991,220991,1
3LPLRNr58Z9Pn0clnEtkXb,74,74.0,74,74,1,3228538,3228538.0,3228538,3228538,1
6jp9WjJtKF0Fgks0Y9Kkni,66,66.0,66,66,1,9249502,9249502.0,9249502,9249502,1
14mT8BCOXiUUcGlb7KujkT,69,69.0,69,69,1,212334,212334.0,212334,212334,1
5QMrH5nszZZR3nefIj6Mar,74,74.0,74,74,1,522714,522714.0,522714,522714,1
0C0J8cA9JgNFnM6AwgLpav,0,0.0,0,0,1,44492,44492.0,44492,44492,1
7DpUoxGSdlDHfqCYj0otzU,76,76.0,76,76,1,118728633,1.18728633E8,118728633,118728633,1
1dyfBMMklpbqRbuvjnVwap,59,59.0,59,59,1,49050008,4.9050008E7,49050008,49050008,1
7dJYggqjKo71KI9sLzqCs8,75,75.0,75,75,1,34748949,3.4748949E7,34748949,34748949,1
0fX4oNGBWO3dSGUZcVdVV2,72,72.0,72,72,1,44592005,4.4592005E7,44592005,44592005,1
4FYWOYqOF9lbb1JcZFDT67,57,57.0,57,57,1,27288825,2.7288825E7,27288825,27288825,1
3wlLknnMtD8yZ0pCtCeeK4,68,68.0,68,68,1,9462495,9462495.0,9462495,9462495,1
0bMbDctzMmTyK2j74j3nF3,68,68.0,68,68,1,41264069,4.1264069E7,41264069,41264069,1
3VyjsVV24RmBIbWJAeUJNu,0,0.0,0,0,1,7473754,7473754.0,7473754,7473754,1
3mPn97K8T07095yVSpYr6d,45,45.0,45,45,1,4307803,4307803.0,4307803,4307803,1
1zkXUXNHpYQTcXZAaZbeEp,50,50.0,50,50,1,21606569,2.1606569E7,21606569,21606569,1
7b2905bQNdxkXxkrzBSK3F,36,36.0,36,36,1,793083,793083.0,793083,793083,1
53k1gKFpKrDbktUzrB80f0,12,12.0,12,12,1,17380777,1.7380777E7,17380777,17380777,1
1Tnw0ItH1Macok8gblnPPd,55,55.0,55,55,1,103039388,1.03039388E8,103039388,103039388,1
5GorCbAP4aL0EJ16frG2hd,72,72.0,72,72,1,17333748,1.7333748E7,17333748,17333748,1
2x0WlnmfG39ZuDmstl9xfX,73,73.0,73,73,1,145396321,1.45396321E8,145396321,145396321,1
5E5MqaS6eOsbaJibl3YeMZ,59,59.0,59,59,1,46895665,4.6895665E7,46895665,46895665,1
5xmPliSKbVhTojeqciPLmU,45,45.0,45,45,1,4779199,4779199.0,4779199,4779199,1
2TLO035tumZKpxxeDlKYQb,46,46.0,46,46,1,17017,17017.0,17017,17017,1
1cCbsojaA6GIT7Y3zuMJ1q,74,74.0,74,74,1,9523590,9523590.0,9523590,9523590,1
22dR1FSX41NEHTnwFjtNWd,20,20.0,20,20,1,95952,95952.0,95952,95952,1
07nH4ifBxUB4lZcsf44Brn,80,80.0,80,80,1,23078931,2.3078931E7,23078931,23078931,1
4VrWlk8IQxevMvERoX08iC,81,81.0,81,81,1,30556621,3.0556621E7,30556621,30556621,1
63hHlajVLQnlFMAqSyePxO,69,69.0,69,69,1,51821190,5.182119E7,51821190,51821190,1
6s3dCTZCtmSxWx23QdJzpG,0,0.0,0,0,1,1761438,1761438.0,1761438,1761438,1
50iiDJGpAPdr2VTrz999XA,73,73.0,73,73,1,112957721,1.12957721E8,112957721,112957721,1
3jJ5NJ3aNWvV70Rd7hgZIH,62,62.0,62,62,1,40273571,4.0273571E7,40273571,40273571,1
6LGwEHsFbxt7BgDwGXqFgj,67,67.0,67,67,1,42275793,4.2275793E7,42275793,42275793,1
4V2s08BMEqJWIfa3PcNOpR,46,46.0,46,46,1,327300,327300.0,327300,327300,1
0JXXNGljqupsJaZsgSbMZV,84,84.0,84,84,1,6132588,6132588.0,6132588,6132588,1
3MYO3udp53yw5XbSoRBHlY,43,43.0,43,43,1,301226,301226.0,301226,301226,1
4aaPuVqHdPrffpH0GuhBAl,39,39.0,39,39,1,55520,55520.0,55520,55520,1
5P5cGNzqh6A353N3ShDK6Y,1,1.0,1,1,1,42237551,4.2237551E7,42237551,42237551,1
71Xtu0sdK3X4EyUKiPjylF,0,0.0,0,0,1,16815,16815.0,16815,16815,1
56Y3Djx72jbeebGbXVRJ6T,23,23.0,23,23,1,26604,26604.0,26604,26604,1
1jB9bwnOJ3Ysq9ISUlOrxR,24,24.0,24,24,1,808426,808426.0,808426,808426,1
1c3mgJu23QqajyOV7isUXc,54,54.0,54,54,1,4725236,4725236.0,4725236,4725236,1
6DHYWelHYuynVVPv2m58wl,57,57.0,57,57,1,4779199,4779199.0,4779199,4779199,1
1mRyi7vfCdLyQW4AeQKlnD,45,45.0,45,45,1,17766757,1.7766757E7,17766757,17766757,1
65krtHkaYLPr0mEbjL61UP,79,79.0,79,79,1,5106570,5106570.0,5106570,5106570,1
2cBGl1Ehr1D9xbqNmraqb4,0,0.0,0,0,1,16040003,1.6040003E7,16040003,16040003,1
1B3ERkuzC1dTzotjfDe3t5,47,47.0,47,47,1,6905347,6905347.0,6905347,6905347,1
45dFVMC4gijvG7lw3yNnD8,50,50.0,50,50,1,85478,85478.0,85478,85478,1
2xV6E1kI4CfLX0byYv9IQS,42,42.0,42,42,1,6526,6526.0,6526,6526,1
2H6cMXx0Kmj6XlbMx4BYi9,32,32.0,32,32,1,13826,13826.0,13826,13826,1
4PdLaGZubp4lghChqp8erB,70,70.0,70,70,1,145443567,1.45443567E8,145443567,145443567,1
3RwWW7KeVhHGayYJgUL5eZ,73,73.0,73,73,1,107401919,1.07401919E8,107401919,107401919,1
4ndTXhzw5vx2KXZXOHOe8S,35,35.0,35,35,1,7972,7972.0,7972,7972,1
1yeB8MUNeLo9Ek1UEpsyz6,78,78.0,78,78,1,103094105,1.03094105E8,103094105,103094105,1
4IQrCJJiiwBx8G5v6GtMwe,50,50.0,50,50,1,55191,55191.0,55191,55191,1
2wBknFtpATOG4LDG3BzIzI,50,50.0,50,50,1,73057,73057.0,73057,73057,1
1QmLBiH8zjaw3iriRkbOdt,40,40.0,40,40,1,438451,438451.0,438451,438451,1
0bgzd4uUev0uxakoXedZKO,21,21.0,21,21,1,182636,182636.0,182636,182636,1
2p1J64qv855SGsv3pBlsnP,51,51.0,51,51,1,786453,786453.0,786453,786453,1
1BG8OMufimq5K3t0xn39Al,0,0.0,0,0,1,2301,2301.0,2301,2301,1
4MzXwWMhyBbmu6hOcLVD49,77,77.0,77,77,1,102500980,1.0250098E8,102500980,102500980,1
2crj7gvqeaerI0FEIEh0V9,27,27.0,27,27,1,1178526,1178526.0,1178526,1178526,1
07KXEDMj78x68D884wgVEm,70,70.0,70,70,1,11848561,1.1848561E7,11848561,11848561,1
214nt20w5wOxJnY462klLw,77,77.0,77,77,1,145396321,1.45396321E8,145396321,145396321,1
2raLqJ4Zi5tI1mV6sbz1EK,28,28.0,28,28,1,13677,13677.0,13677,13677,1
3aauaXWRgwCMoykMbI0Jq1,76,76.0,76,76,1,2177177,2177177.0,2177177,2177177,1
0sTXvRbRyjFCoUbRo7CJ6S,39,39.0,39,39,1,313511,313511.0,313511,313511,1
4KYS9GK68yeuUJ8vJfPxrq,67,67.0,67,67,1,41107596,4.1107596E7,41107596,41107596,1
7qcXUzPwoxSBFxjTbNrV0B,71,71.0,71,71,1,638973,638973.0,638973,638973,1
0g4fzRkbLeCDUCoe5iUOcf,65,65.0,65,65,1,1948451,1948451.0,1948451,1948451,1
00vJzaoxM3Eja1doBUhX0P,34,34.0,34,34,1,145489371,1.45489371E8,145489371,145489371,1
6dg9Tceo2JpMgAKiNyLpKK,37,37.0,37,37,1,5273567,5273567.0,5273567,5273567,1
5QeTlx6Y4Io0GGSIZ7MSvy,34,34.0,34,34,1,512699,512699.0,512699,512699,1
5fnA9mkIfScSqHIpeDyvck,75,75.0,75,75,1,264457,264457.0,264457,264457,1
70e9zuv2pJc7ON1OUAJ1zl,46,46.0,46,46,1,145443567,1.45443567E8,145443567,145443567,1
3oL3XRtkP1WVbMxf7dtTdu,73,73.0,73,73,1,38393243,3.8393243E7,38393243,38393243,1
6t6oULCRS6hnI7rm0h5gwl,68,68.0,68,68,1,3051567,3051567.0,3051567,3051567,1
789CxjEOtO76BVD1A9yJQH,74,74.0,74,74,1,68997177,6.8997177E7,68997177,68997177,1
5q8oybjZelukF4h0CzSUN9,57,57.0,57,57,1,7528373,7528373.0,7528373,7528373,1
03tqyYWC9Um2ZqU0ZN849H,81,81.0,81,81,1,2857175,2857175.0,2857175,2857175,1
3IS0tPKRymmP8GwXeuLNn2,50,50.0,50,50,1,68997177,6.8997177E7,68997177,68997177,1
0UFDKFqW2oGspYeYqo9wjA,80,80.0,80,80,1,31785695,3.1785695E7,31785695,31785695,1
2x8evxqUlF0eRabbW2JBJd,77,77.0,77,77,1,32068481,3.2068481E7,32068481,32068481,1
7io19rjxOFu3pGuZgBI6Pk,54,54.0,54,54,1,104559284,1.04559284E8,104559284,104559284,1
5uuXtfqM7Wp3idCxyHeOll,70,70.0,70,70,1,31796892,3.1796892E7,31796892,31796892,1
3y4LxiYMgDl4RethdzpmNe,66,66.0,66,66,1,1956457,1956457.0,1956457,1956457,1
6qc34bnVOyqGDPni8H5W0U,71,71.0,71,71,1,1482069,1482069.0,1482069,1482069,1
2CVV8PtUYYsux8XOzWkCP0,67,67.0,67,67,1,13831380,1.383138E7,13831380,13831380,1
6urCAbunOQI4bLhmGpX7iS,80,80.0,80,80,1,3126833,3126833.0,3126833,3126833,1
4LrGrY6IyJUlkFu6Ms4myU,61,61.0,61,61,1,5106570,5106570.0,5106570,5106570,1
0Oriikd4ETp5qmzek6ZUD5,72,72.0,72,72,1,1204977,1204977.0,1204977,1204977,1
2ePfIBIm49pka6bJXFTCFD,36,36.0,36,36,1,502,502.0,502,502,1
1hiPuKUeHw5j2pBuRu04ja,28,28.0,28,28,1,394210,394210.0,394210,394210,1
0osQqNcvhl7pD6FtjOcT9T,68,68.0,68,68,1,771980,771980.0,771980,771980,1
31965s830mnQryKYI4AyLk,24,24.0,24,24,1,553964,553964.0,553964,553964,1
2HRqTpkrJO5ggZyyK6NPWz,85,85.0,85,85,1,26559943,2.6559943E7,26559943,26559943,1
636XiaUCYflWzSgLrpC2A5,40,40.0,40,40,1,966,966.0,966,966,1
59xD5osEFsaNt5PXfIKUnX,6,6.0,6,6,1,46895665,4.6895665E7,46895665,46895665,1
67smGwuPEtA6GAfeweAVNO,76,76.0,76,76,1,613747,613747.0,613747,613747,1
7fesNTgTEMEH0ye8MOgEDY,71,71.0,71,71,1,49050008,4.9050008E7,49050008,49050008,1
16HsEMkim07LboMyhR81eu,58,58.0,58,58,1,10638829,1.0638829E7,10638829,10638829,1
531KGXtBroSrOX9LVmiIgc,73,73.0,73,73,1,6589368,6589368.0,6589368,6589368,1
1G1R0XgChe18Zr1o6tlmN6,61,61.0,61,61,1,51821190,5.182119E7,51821190,51821190,1
7graOvVPwjmSFwJ3rHoPDt,43,43.0,43,43,1,112918137,1.12918137E8,112918137,112918137,1
2xB46Bj9HZ4cr058yN4Pla,73,73.0,73,73,1,8986062,8986062.0,8986062,8986062,1
7k4t7uLgtOxPwTpFmtJNTY,73,73.0,73,73,1,60395783,6.0395783E7,60395783,60395783,1
23OXdR7YuUBVWh5hSnYJau,76,76.0,76,76,1,25759662,2.5759662E7,25759662,25759662,1
0QIjsbm2fh1cJ45XO9eGqq,71,71.0,71,71,1,5985945,5985945.0,5985945,5985945,1
0YRGTdfmJPALpglAaraYUr,26,26.0,26,26,1,145443567,1.45443567E8,145443567,145443567,1
4uGz0wWAkH4FGPpBR6eaHt,38,38.0,38,38,1,39798156,3.9798156E7,39798156,39798156,1
0wfbD5rAksdXUzRvMfM3x5,54,54.0,54,54,1,21357977,2.1357977E7,21357977,21357977,1
3Gkg9mRJXJgNpozGIs7Nrm,56,56.0,56,56,1,274288,274288.0,274288,274288,1
6i0V12jOa3mr6uu4WYhUBr,81,81.0,81,81,1,25761380,2.576138E7,25761380,25761380,1
3IznIgmXtrUaoPWpQTy5jB,82,82.0,82,82,1,12544566,1.2544566E7,12544566,12544566,1
4BXH2jK8DaGMhW5xyfxbtc,40,40.0,40,40,1,2918550,2918550.0,2918550,2918550,1
5yNsQy0b6TylvsbnHCSKkQ,36,36.0,36,36,1,33709,33709.0,33709,33709,1
1ip2IGDWMrUmlaepEbWlL8,58,58.0,58,58,1,13212719,1.3212719E7,13212719,13212719,1
7ijyGfG4NxMBobHgvu4lIM,66,66.0,66,66,1,12552680,1.255268E7,12552680,12552680,1
3djPwpsQAnp8B8gC81e7fk,46,46.0,46,46,1,27141717,2.7141717E7,27141717,27141717,1
48SdtsEKujibZPrd6UMfAr,53,53.0,53,53,1,51773650,5.177365E7,51773650,51773650,1
2V4bv1fNWfTcyRJKmej6Sj,76,76.0,76,76,1,1525672,1525672.0,1525672,1525672,1
7LcfRTgAVTs5pQGEQgUEzN,74,74.0,74,74,1,45764832,4.5764832E7,45764832,45764832,1
3HE50TVRquwXe9yv2HFoNL,74,74.0,74,74,1,7297885,7297885.0,7297885,7297885,1
2nLtzopw4rPReszdYBJU6h,87,87.0,87,87,1,31785695,3.1785695E7,31785695,31785695,1
3Fzlg5r1IjhLk2qRw667od,78,78.0,78,78,1,121417,121417.0,121417,121417,1
32nM8rM8ILds5jX7qHghNB,48,48.0,48,48,1,23391272,2.3391272E7,23391272,23391272,1
13nQ70PnhDnTkYqCmdg3sy,51,51.0,51,51,1,13822540,1.382254E7,13822540,13822540,1
1NCuYqMc8hKMb4cpNTcJbD,81,81.0,81,81,1,7339106,7339106.0,7339106,7339106,1
7Fb5YJcmP1McOwYZQCVRT7,25,25.0,25,25,1,101770,101770.0,101770,101770,1
6J0AjzrYsPZrQtw6IjErhy,60,60.0,60,60,1,7945600,7945600.0,7945600,7945600,1
4HUfvzEUU54VoSq5SWdOcJ,41,41.0,41,41,1,1639,1639.0,1639,1639,1
1jWMfRFjBpuuI4cXS0UXvC,33,33.0,33,33,1,398642,398642.0,398642,398642,1
6Xr5yexoaJkmxNzdfSmPPZ,36,36.0,36,36,1,91,91.0,91,91,1
6iVHwPKzB5hN1jSCOHMw8z,35,35.0,35,35,1,190171,190171.0,190171,190171,1
5sx4QunpB6JQv5rPIqdtZc,35,35.0,35,35,1,6374933,6374933.0,6374933,6374933,1
3lMzT16MjAKKXF7pSZn13B,9,9.0,9,9,1,721666,721666.0,721666,721666,1
1KkpePfeGP7qrmBpm3UQK0,38,38.0,38,38,1,1956457,1956457.0,1956457,1956457,1
26EjM7ZMAnWOKPAuKNOX24,56,56.0,56,56,1,47716988,4.7716988E7,47716988,47716988,1
59Qn1jFsY0qCNJqEvyvqdZ,31,31.0,31,31,1,26272346,2.6272346E7,26272346,26272346,1
0FA4wrjDJvJTTU8AepZTup,72,72.0,72,72,1,19255400,1.92554E7,19255400,19255400,1
2Hh3ETdQKrmSI3QS0hme7g,83,83.0,83,83,1,11683338,1.1683338E7,11683338,11683338,1
27UPUoSlHZUo11BTf5dKeJ,55,55.0,55,55,1,2571784,2571784.0,2571784,2571784,1
6JE6R5U2Sr6sXubMWK6Ifr,30,30.0,30,30,1,967494,967494.0,967494,967494,1
7ejepEh5DJ79YI6owGRfkk,64,64.0,64,64,1,15031490,1.503149E7,15031490,15031490,1
7rbalRuIx7sIXFHYTphE0n,59,59.0,59,59,1,15031490,1.503149E7,15031490,15031490,1
7t3Xdbufg7q2onVsR8RBdY,78,78.0,78,78,1,26275803,2.6275803E7,26275803,26275803,1
0QJRDx111g3E2GfM24DMyo,45,45.0,45,45,1,367831,367831.0,367831,367831,1
1sgDyuLooyvEML4oHspNza,63,63.0,63,63,1,8669911,8669911.0,8669911,8669911,1
2bjUEg4jBtKBlPdNrTAppI,66,66.0,66,66,1,10246609,1.0246609E7,10246609,10246609,1
073ILU1C3APNRGF66VhtyA,63,63.0,63,63,1,35579266,3.5579266E7,35579266,35579266,1
2g0Bmi3kYEntusDP6xlAGZ,0,0.0,0,0,1,99448,99448.0,99448,99448,1
1UDCuS38KBxXufAkkNNgVX,43,43.0,43,43,1,4516207,4516207.0,4516207,4516207,1
2ZRo7axmMPeSVUvDbGkJah,81,81.0,81,81,1,51719064,5.1719064E7,51719064,51719064,1
2DQ1ITjI0YoLFzuADN1ZBW,67,67.0,67,67,1,6295376,6295376.0,6295376,6295376,1
5yhKaacMZGRo4s6evJx9vk,76,76.0,76,76,1,4278389,4278389.0,4278389,4278389,1
23bG6t34ZEoaYD3ojBuYsy,0,0.0,0,0,1,9786,9786.0,9786,9786,1
4HlFJV71xXKIGcU3kRyttv,81,81.0,81,81,1,4516207,4516207.0,4516207,4516207,1
1we2UifyzGe2tgvTVFTwD4,0,0.0,0,0,1,491518,491518.0,491518,491518,1
3xxmjMvJsSR3L7mUOxP9QA,63,63.0,63,63,1,128303,128303.0,128303,128303,1
5ANalUduO6lhdpAzJ1FmTx,25,25.0,25,25,1,3430,3430.0,3430,3430,1
7x8dCjCr0x6x2lXKujYD34,78,78.0,78,78,1,12955017,1.2955017E7,12955017,12955017,1
47BBI51FKFwOMlIiX6m8ya,83,83.0,83,83,1,6707978,6707978.0,6707978,6707978,1
6GtX0jaNL8IjVQfrDBx81z,77,77.0,77,77,1,6082676,6082676.0,6082676,6082676,1
46tfxn5lP7Qsbz7NHsj9iu,60,60.0,60,60,1,13839280,1.383928E7,13839280,13839280,1
0hlH4m9mmhjzWHwA2svcob,31,31.0,31,31,1,23384088,2.3384088E7,23384088,23384088,1
1mduxXxLvhu5OzebDWMYqX,59,59.0,59,59,1,668762,668762.0,668762,668762,1
7BscJRu3VDRs4egzaqewDh,46,46.0,46,46,1,491,491.0,491,491,1
5l8wENUFbfKUtzmazIGZBU,53,53.0,53,53,1,949,949.0,949,949,1
6K7gcKToCb3eWshnhTt857,39,39.0,39,39,1,23528,23528.0,23528,23528,1
0rDQZJtSGgsB2rdkObpdFa,66,66.0,66,66,1,102536542,1.02536542E8,102536542,102536542,1
4YQgOgIElFtEvwJQ9ArWL7,1,1.0,1,1,1,461945,461945.0,461945,461945,1
2i8f4VnnBjy0yDqH2C452a,2,2.0,2,2,1,49083617,4.9083617E7,49083617,49083617,1
0hLViaNKbz0Q897bGpcyIS,54,54.0,54,54,1,10229,10229.0,10229,10229,1
0U19E71w5rrYTwnqOTVKrp,47,47.0,47,47,1,424983,424983.0,424983,424983,1
3yn01PcU95PTbiZ3xvop2j,75,75.0,75,75,1,4379868,4379868.0,4379868,4379868,1
0wSjnoZ9DwNALD7QjCMtYJ,37,37.0,37,37,1,644963,644963.0,644963,644963,1
14gkWVFMwdxBMyqBw1wmIg,69,69.0,69,69,1,107374593,1.07374593E8,107374593,107374593,1
4WZpl5GUvuzXr54h1Dr7vz,34,34.0,34,34,1,5642365,5642365.0,5642365,5642365,1
3Ol2xnObFdKV9pmRD2t9x8,76,76.0,76,76,1,8987309,8987309.0,8987309,8987309,1
1AqemxWsT0iGg5Lvkm16Bt,66,66.0,66,66,1,17333176,1.7333176E7,17333176,17333176,1
0uq0ibSGT4AwiVLLZGs9Qm,0,0.0,0,0,1,274187,274187.0,274187,274187,1
3qbOROR75LnNeWw8SvZL24,0,0.0,0,0,1,122377,122377.0,122377,122377,1
3VlbOrM6nYPprVvzBZllE5,0,0.0,0,0,1,26272346,2.6272346E7,26272346,26272346,1
0qvzXomUDJVaUboy2wMfiS,77,77.0,77,77,1,10238134,1.0238134E7,10238134,10238134,1
70lnL3QaSOIIyMa2X9aVRL,72,72.0,72,72,1,39777995,3.9777995E7,39777995,39777995,1
6VLmF4SDMuoJMxiw2DYpuA,26,26.0,26,26,1,4694955,4694955.0,4694955,4694955,1
3G6f32IgEKsInHsy2J4r5J,42,42.0,42,42,1,7528679,7528679.0,7528679,7528679,1
2Tz4JnXZOcjcp8fWfMjBBk,48,48.0,48,48,1,145542136,1.45542136E8,145542136,145542136,1
57mKcbEq7nMqtJ4gqJvWcp,72,72.0,72,72,1,68997177,6.8997177E7,68997177,68997177,1
2U8g9wVcUu9wsg6i7sFSv8,70,70.0,70,70,1,60804949,6.0804949E7,60804949,60804949,1
2eWopuPeYEy2sqaIM8HF8a,23,23.0,23,23,1,132386,132386.0,132386,132386,1
5yDL13y5giogKs2fSNf7sj,76,76.0,76,76,1,2444259,2444259.0,2444259,2444259,1
2jof7YFzOHHTBTcD6z13WJ,47,47.0,47,47,1,9559647,9559647.0,9559647,9559647,1
7LP4Es66zdY7CyjepqmvAg,4,4.0,4,4,1,2051181,2051181.0,2051181,2051181,1
5kgMPM2m2sGGuVL4KpHwiO,47,47.0,47,47,1,113934,113934.0,113934,113934,1
6RcQOut9fWL6FSqeIr5M1r,1,1.0,1,1,1,7068533,7068533.0,7068533,7068533,1
1f2V8U1BiWaC9aJWmpOARe,78,78.0,78,78,1,23218829,2.3218829E7,23218829,23218829,1
0eEXcw3JLVXcRxYrVYMy68,65,65.0,65,65,1,2402371,2402371.0,2402371,2402371,1
6lEuFGrUqR9Yc6hSsHPnYP,2,2.0,2,2,1,16043117,1.6043117E7,16043117,16043117,1
2G6pvEfrwrJZS6NgqS3DqX,64,64.0,64,64,1,686959,686959.0,686959,686959,1
5T8EDUDqKcs6OSOwEsfqG7,82,82.0,82,82,1,55195235,5.5195235E7,55195235,55195235,1
2x3mwb96B6TquRqMtbxUE1,93,93.0,93,93,1,145396321,1.45396321E8,145396321,145396321,1
1laJP8wLuA8oVnfREaCPxr,24,24.0,24,24,1,13,13.0,13,13,1
21IVPfi81m6ywNgOvqTj1i,81,81.0,81,81,1,26538275,2.6538275E7,26538275,26538275,1
5H1sKFMzDeMtXwND3V6hRY,90,90.0,90,90,1,56152334,5.6152334E7,56152334,56152334,1
5lAGJpMOz2TL8ABx99yV5i,35,35.0,35,35,1,507,507.0,507,507,1
2v0AG62ZHtD3I4YmTb3WYM,71,71.0,71,71,1,112957721,1.12957721E8,112957721,112957721,1
6J5kc12BW5HuP3d7C3vvx8,88,88.0,88,88,1,102571645,1.02571645E8,102571645,102571645,1
5xR8ngEQmlQ1U2xSE0KzTo,50,50.0,50,50,1,5642365,5642365.0,5642365,5642365,1
50ObiBT0yVAbtYKYRlD27Q,49,49.0,49,49,1,136853,136853.0,136853,136853,1
2RH1Silot6FETUkum9EiOT,16,16.0,16,16,1,15028,15028.0,15028,15028,1
5Hp4xFihdOE2dmDzxWcBFb,64,64.0,64,64,1,11246962,1.1246962E7,11246962,11246962,1
3aBGKDiAAvH2H7HLOyQ4US,68,68.0,68,68,1,10642618,1.0642618E7,10642618,10642618,1
1Mgvh8p8Kqm8H4MTC0UgBC,62,62.0,62,62,1,106636,106636.0,106636,106636,1
69HzZ3ti9DLwb0GdWCGYSo,71,71.0,71,71,1,2555921,2555921.0,2555921,2555921,1
5VoBizwMwcd2D68EfqxDbO,55,55.0,55,55,1,21591569,2.1591569E7,21591569,21591569,1
7wTqEW5nrMhvyEhEyTnOMd,84,84.0,84,84,1,12428221,1.2428221E7,12428221,12428221,1
2KMLGJ1mPfRE4GNdL92rl3,54,54.0,54,54,1,35514,35514.0,35514,35514,1
2vWBUC9djv6BtiGlmKiQaH,77,77.0,77,77,1,686397,686397.0,686397,686397,1
2JqnpexlO9dmvjUMCaLCLJ,60,60.0,60,60,1,2948318,2948318.0,2948318,2948318,1
2ApfJvLr7RbhJl6NOVhEu6,60,60.0,60,60,1,81197976,8.1197976E7,81197976,81197976,1
22MuigRpnwPjbAtUSTexb8,39,39.0,39,39,1,264519,264519.0,264519,264519,1
2iUXsYOEPhVqEBwsqP70rE,80,80.0,80,80,1,10246277,1.0246277E7,10246277,10246277,1
6yzzno5cXBkh5c6UzRxcyM,38,38.0,38,38,1,66700,66700.0,66700,66700,1
2fQrGHiQOvpL9UgPvtYy6G,3,3.0,3,3,1,23799771,2.3799771E7,23799771,23799771,1
5AWMbJ60z0NmztJ1Edl00K,3,3.0,3,3,1,2508551,2508551.0,2508551,2508551,1
0UHB9METy4VCXNgkcGqHqS,81,81.0,81,81,1,68997177,6.8997177E7,68997177,68997177,1
7fJFDK6XjYsXcMKNHESbot,53,53.0,53,53,1,60818952,6.0818952E7,60818952,60818952,1
3pXF1nA74528Edde4of9CC,83,83.0,83,83,1,10566213,1.0566213E7,10566213,10566213,1
1Yh4lOCbcskjSfYPDnn7EW,62,62.0,62,62,1,51773650,5.177365E7,51773650,51773650,1
4G92yYrUs0cvY7G41YRI0z,71,71.0,71,71,1,3634221,3634221.0,3634221,3634221,1
23HykWgKpB4MkjqDHPbQIX,0,0.0,0,0,1,90530,90530.0,90530,90530,1
48td6xvpokdYwvbl3JIiXP,75,75.0,75,75,1,37446069,3.7446069E7,37446069,37446069,1
2WRPxl6rlCwL9CqLJ0fAQk,25,25.0,25,25,1,4480,4480.0,4480,4480,1
3M1ma8uMN8PGOVw0LVrg7T,19,19.0,19,19,1,21598900,2.15989E7,21598900,21598900,1
3ale59L81ZYbjj9sm5EIIR,51,51.0,51,51,1,6115364,6115364.0,6115364,6115364,1
36ux3YuUsGTWPT8fXclS45,68,68.0,68,68,1,38400585,3.8400585E7,38400585,38400585,1
7LQKuOaqJrNgVIGLFnfvdn,62,62.0,62,62,1,51773650,5.177365E7,51773650,51773650,1
6c47r3rVIezhEMsyj2O6Zi,13,13.0,13,13,1,2246627,2246627.0,2246627,2246627,1
28O4PwkH8bzARStxeL4pxL,1,1.0,1,1,1,27139342,2.7139342E7,27139342,27139342,1
1rOlTL4pKQ9Y1fURua4AJR,55,55.0,55,55,1,2397896,2397896.0,2397896,2397896,1
0Ri6sPso4CNTnHn7RroCt4,0,0.0,0,0,1,9245741,9245741.0,9245741,9245741,1
44NfvcgxwnoNwYBkWIp5BL,0,0.0,0,0,1,52623,52623.0,52623,52623,1
0r8iDf65NHgFgZOGLwj5r8,69,69.0,69,69,1,3316476,3316476.0,3316476,3316476,1
3vNFsxBbA4dPkymPF5Jm1b,60,60.0,60,60,1,1200822,1200822.0,1200822,1200822,1
3cwDSDzTiWr5H5xMQhQ6Mx,2,2.0,2,2,1,11810806,1.1810806E7,11810806,11810806,1
3BB5hLbsyYGg1k9G6wRyhu,28,28.0,28,28,1,23384088,2.3384088E7,23384088,23384088,1
51vGtR4QF4E3cInSmiWXRc,31,31.0,31,31,1,16040003,1.6040003E7,16040003,16040003,1
4Anmaai9xAsuhCc6Kl7qWM,0,0.0,0,0,1,1605379,1605379.0,1605379,1605379,1
2z71jdeVcC782NgsYZ6N8q,66,66.0,66,66,1,9781962,9781962.0,9781962,9781962,1
0kWQFzHzEPtvrKnwngvWyb,42,42.0,42,42,1,27570,27570.0,27570,27570,1
5OZpkfJHH6V1Kx7L0IcQaa,39,39.0,39,39,1,3112,3112.0,3112,3112,1
3tuaXtuYqmNjWCtf0MNIXC,40,40.0,40,40,1,2256,2256.0,2256,2256,1
1IfGOnXoMBkiKC9xljlSfa,81,81.0,81,81,1,34748949,3.4748949E7,34748949,34748949,1
7oAbPOF0jpHxEjQcKOQNPp,32,32.0,32,32,1,218,218.0,218,218,1
3ZZyUf7WkhfN1JkQZZ00fI,64,64.0,64,64,1,1204977,1204977.0,1204977,1204977,1
3be9ACTxtcL6Zm4vJRUiPG,84,84.0,84,84,1,1981867,1981867.0,1981867,1981867,1
7CIVV84VEajjO9A21OlW7K,18,18.0,18,18,1,22,22.0,22,22,1
2KslE17cAJNHTsI2MI0jb2,82,82.0,82,82,1,18620976,1.8620976E7,18620976,18620976,1
1rcnbeovJnCUHDwImmpTNp,1,1.0,1,1,1,51748,51748.0,51748,51748,1
3M0Q7Zf7WIWA3DErPigGg8,32,32.0,32,32,1,340022,340022.0,340022,340022,1
0yp3TvJNlG50Q4tAHWNCRm,77,77.0,77,77,1,7379623,7379623.0,7379623,7379623,1
5m0yZ33oOy0yYBtdTXuxQe,70,70.0,70,70,1,21644763,2.1644763E7,21644763,21644763,1
0Q72W5zoeGzEwznb5l0pVl,35,35.0,35,35,1,29328,29328.0,29328,29328,1
26wLOs3ZuHJa2Ihhx6QIE6,66,66.0,66,66,1,10246277,1.0246277E7,10246277,10246277,1
22C0JIVhFaczZ4t9heqREN,39,39.0,39,39,1,145396321,1.45396321E8,145396321,145396321,1
51nagRIITUODE4hBxadytm,49,49.0,49,49,1,27646,27646.0,27646,27646,1
4u9Y4Z9i9VaAbBK7rW1Rha,64,64.0,64,64,1,34136120,3.413612E7,34136120,34136120,1
0FE9t6xYkqWXU2ahLh6D8X,5,5.0,5,5,1,122773292,1.22773292E8,122773292,122773292,1
6ObpR8ek44tvWefQRcSo8K,64,64.0,64,64,1,75474551,7.5474551E7,75474551,75474551,1
3gkSQbWTDBh0ZKq85WmJDz,53,53.0,53,53,1,967413,967413.0,967413,967413,1
6y76kWytb0ep3yMiZspqrK,29,29.0,29,29,1,4697897,4697897.0,4697897,4697897,1
2iwTBX0feCCekH5Hg8SOSJ,64,64.0,64,64,1,15695162,1.5695162E7,15695162,15695162,1
5ExWCOYjZbMEZCIdlfH2dO,67,67.0,67,67,1,12560191,1.2560191E7,12560191,12560191,1
2xzqIuW15EVWvLB3yP6jkI,41,41.0,41,41,1,6301986,6301986.0,6301986,6301986,1
0TzxcB6dK46vgXZT2P8qeR,63,63.0,63,63,1,5124204,5124204.0,5124204,5124204,1
4DxxiT2TskPH0Xd6znaqZM,50,50.0,50,50,1,23962,23962.0,23962,23962,1
2dmOWlEHrP266Qgz6wnUrd,49,49.0,49,49,1,122802777,1.22802777E8,122802777,122802777,1
3DmW6y7wTEYHJZlLo1r6XJ,77,77.0,77,77,1,16646605,1.6646605E7,16646605,16646605,1
3G6hD9B2ZHOsgf4WfNu7X1,80,80.0,80,80,1,10539134,1.0539134E7,10539134,10539134,1
4rHZZAmHpZrA3iH5zx8frV,83,83.0,83,83,1,15826961,1.5826961E7,15826961,15826961,1
22sDLvlzAJzH0BHiMSOfRP,56,56.0,56,56,1,9919919,9919919.0,9919919,9919919,1
3VZQshi4COChhXaz7cLP02,65,65.0,65,65,1,778810,778810.0,778810,778810,1
0UAB340gAcSMk3r0a8PTag,63,63.0,63,63,1,40270893,4.0270893E7,40270893,40270893,1
2HUBtrX9MicIMxhzrSRlHA,41,41.0,41,41,1,12004691,1.2004691E7,12004691,12004691,1
5MeZ3VxmtSv1O8PcekvLTn,46,46.0,46,46,1,9553224,9553224.0,9553224,9553224,1
74PyndGWYtfs86n60lAsYW,64,64.0,64,64,1,615439,615439.0,615439,615439,1
60jzFy6Nn4M0iD1d94oteF,78,78.0,78,78,1,69030894,6.9030894E7,69030894,69030894,1
2ruw2Kq8lgyqwemZik9bUg,56,56.0,56,56,1,104539036,1.04539036E8,104539036,104539036,1
1FHNctV68GUNLgXclG2DtR,62,62.0,62,62,1,121417,121417.0,121417,121417,1
2kgxYag8woDOgxFIrkGyYc,42,42.0,42,42,1,8128,8128.0,8128,8128,1
56pKYnSA0CyayMJWcEU5kH,52,52.0,52,52,1,4779199,4779199.0,4779199,4779199,1
3r2fhVslpEJOmmHujRwcfL,55,55.0,55,55,1,4777574,4777574.0,4777574,4777574,1
0SKjqIViHaXWhmaKuJbMrq,57,57.0,57,57,1,541698,541698.0,541698,541698,1
5W8YXBz9MTIDyrpYaCg2Ky,82,82.0,82,82,1,6093453,6093453.0,6093453,6093453,1
5dRQUolXAVX3BbCiIxmSsf,75,75.0,75,75,1,787399,787399.0,787399,787399,1
2djW6WBQHBeAfXLw63rMQz,43,43.0,43,43,1,107463,107463.0,107463,107463,1
1JSTJqkT5qHq8MDJnJbRE1,90,90.0,90,90,1,7564780,7564780.0,7564780,7564780,1
4xvEn1vhrF9JbPFWqTXsH4,73,73.0,73,73,1,9249502,9249502.0,9249502,9249502,1
6yf7OCIxFzTZwWa5fHoOGS,40,40.0,40,40,1,200,200.0,200,200,1
1Cbl3Yq8rHo7hhDQmLQagU,80,80.0,80,80,1,3505794,3505794.0,3505794,3505794,1
5evVf7bURnVNSHjFlCUyCb,17,17.0,17,17,1,554173,554173.0,554173,554173,1
5496lks6V3fh1mZAB6IAap,77,77.0,77,77,1,917778,917778.0,917778,917778,1
5wmkQbOUTLjnDsdLeNgtO3,67,67.0,67,67,1,31785695,3.1785695E7,31785695,31785695,1
5tr9wAeWpd5IXH15PZuIPW,55,55.0,55,55,1,72278,72278.0,72278,72278,1
17phhZDn6oGtzMe56NuWvj,89,89.0,89,89,1,5670437,5670437.0,5670437,5670437,1
0WIv5qV41y6YjjB9V1biuC,69,69.0,69,69,1,972319,972319.0,972319,972319,1
4VnDmjYCZkyeqeb0NIKqdA,71,71.0,71,71,1,425177,425177.0,425177,425177,1
0Igw6SgBwALHqblZxaX14w,41,41.0,41,41,1,30249,30249.0,30249,30249,1
5CKYzhLLkBckGiNjE5DGj9,26,26.0,26,26,1,8656,8656.0,8656,8656,1
2m9sMrdX6IrjCH4ioODy7a,30,30.0,30,30,1,26278854,2.6278854E7,26278854,26278854,1
5NRtdsFFlmyE8qDMgS08PE,57,57.0,57,57,1,9792848,9792848.0,9792848,9792848,1
71tM20RVoYqUUs9EDOso2v,62,62.0,62,62,1,10636129,1.0636129E7,10636129,10636129,1
31mzt4ZV8C0f52pIz1NSwd,75,75.0,75,75,1,1072935,1072935.0,1072935,1072935,1
0j3mqDTK4Z6lvrLzFCUUz6,73,73.0,73,73,1,1391888,1391888.0,1391888,1391888,1
0hDBEvnqzHNwo76x4zhK4D,48,48.0,48,48,1,106381,106381.0,106381,106381,1
0k4d5YPDr1r7FX77VdqWez,80,80.0,80,80,1,34748949,3.4748949E7,34748949,34748949,1
4f1i7W0iP45UyVfp9g27K8,40,40.0,40,40,1,4141160,4141160.0,4141160,4141160,1
6uwfVkaOM1mcMkFmSn35ix,63,63.0,63,63,1,145489371,1.45489371E8,145489371,145489371,1
2XIc1pqjXV3Cr2BQUGNBck,75,75.0,75,75,1,102500980,1.0250098E8,102500980,102500980,1
7uuE9r7VhxFm4YuxAHlD4K,55,55.0,55,55,1,29192,29192.0,29192,29192,1
07MDkzWARZaLEdKxo6yArG,73,73.0,73,73,1,230230,230230.0,230230,230230,1
78qd8dvwea0Gosb6Fe6j3k,74,74.0,74,74,1,34735147,3.4735147E7,34735147,34735147,1
4TCeFZNjGNQIpCuZmJkkE2,66,66.0,66,66,1,7506632,7506632.0,7506632,7506632,1
2S2ASICVK0L1LtjaysKsel,44,44.0,44,44,1,152981,152981.0,152981,152981,1
7sWRlDoTDX8geTR8zzr2vt,73,73.0,73,73,1,47722935,4.7722935E7,47722935,47722935,1
6v3KW9xbzN5yKLt9YKDYA2,80,80.0,80,80,1,45700057,4.5700057E7,45700057,45700057,1
6gTbAJOvivFXwkOEhSIOtS,0,0.0,0,0,1,575509,575509.0,575509,575509,1
78QR3Wp35dqAhFEc2qAGjE,79,79.0,79,79,1,21644763,2.1644763E7,21644763,21644763,1
1s9DTymg5UQrdorZf43JQm,74,74.0,74,74,1,15026799,1.5026799E7,15026799,15026799,1
39sDitIeCMrVX2QyXHY46t,82,82.0,82,82,1,12544566,1.2544566E7,12544566,12544566,1
799ZJmqIOCy589IzlTZ0Wy,45,45.0,45,45,1,24111322,2.4111322E7,24111322,24111322,1
1i6mTfj9Nn2bYMsrkdqdSc,35,35.0,35,35,1,61404,61404.0,61404,61404,1
2RqtfcLB7iOZj0zYB8Auhu,69,69.0,69,69,1,9979409,9979409.0,9979409,9979409,1
5E1ufbOHRSVQMPpBgXWSaC,35,35.0,35,35,1,12274170,1.227417E7,12274170,12274170,1
2uEJanMvnA1dXgX1ASnPQm,52,52.0,52,52,1,25301942,2.5301942E7,25301942,25301942,1
106R7Z57WYzBAfrXImV30y,50,50.0,50,50,1,145396321,1.45396321E8,145396321,145396321,1
0FDzzruyVECATHXKHFs9eJ,85,85.0,85,85,1,60804949,6.0804949E7,60804949,60804949,1
5OlrcU79ULKCPXwt1i7JXv,37,37.0,37,37,1,39788275,3.9788275E7,39788275,39788275,1
20FZrLl9zSbO9b3DhaqO6M,70,70.0,70,70,1,1655889,1655889.0,1655889,1655889,1
0VwNdo84DaVYLIkbVO86ND,69,69.0,69,69,1,145489371,1.45489371E8,145489371,145489371,1
0C9jZPUv4SuaXkuEQw6L40,67,67.0,67,67,1,1197544,1197544.0,1197544,1197544,1
3XKIUb7HzIF1Vu9usunMzc,73,73.0,73,73,1,3797948,3797948.0,3797948,3797948,1
5Jc8h2cVsYfvqGq0akAbYg,34,34.0,34,34,1,400628,400628.0,400628,400628,1
0B9x2BRHqj3Qer7biM3pU3,78,78.0,78,78,1,220761,220761.0,220761,220761,1
2eIMpbGVn6i5PKqoMAiq1T,27,27.0,27,27,1,6,6.0,6,6,1
2V4BFK5l3cXhPXikBTQBxt,52,52.0,52,52,1,2695,2695.0,2695,2695,1
6yIaRllz0lCXuISYsqyCNH,71,71.0,71,71,1,1372158,1372158.0,1372158,1372158,1
7GUhiAHLoVy1V8ucQuZ3CB,58,58.0,58,58,1,112957721,1.12957721E8,112957721,112957721,1
7ucEkWU0SVy0XFdfXESgfY,69,69.0,69,69,1,102536542,1.02536542E8,102536542,102536542,1
6w9QpMgklmBSHfFY1rbzkJ,29,29.0,29,29,1,49348,49348.0,49348,49348,1
3zoL4UuuYftHC3Y6p9b1pi,0,0.0,0,0,1,12555,12555.0,12555,12555,1
0yLdNVWF3Srea0uzk55zFn,14,14.0,14,14,1,26564677,2.6564677E7,26564677,26564677,1
09ebOfQz3i1Zau3bcaf4wR,3,3.0,3,3,1,15028,15028.0,15028,15028,1
5OsHySqSwYLLfot5EswbON,69,69.0,69,69,1,2133043,2133043.0,2133043,2133043,1
1UcyzhmBDfdw07DiuT7DEG,61,61.0,61,61,1,585032,585032.0,585032,585032,1
0gplL1WMoJ6iYaPgMCL0gX,78,78.0,78,78,1,66720643,6.6720643E7,66720643,66720643,1
4J3biLjC3kOx2h82QTnNHK,43,43.0,43,43,1,2784129,2784129.0,2784129,2784129,1
1BpKJw4RZxaFB88NE5uxXf,75,75.0,75,75,1,15031490,1.503149E7,15031490,15031490,1
3vAn0qZzdyuHamcrpkfiX3,1,1.0,1,1,1,56178946,5.6178946E7,56178946,56178946,1
0YP8kt3sAYTj6eEyesreQH,67,67.0,67,67,1,5642365,5642365.0,5642365,5642365,1
5zgkOLH6HfY5w8thZoS2jP,25,25.0,25,25,1,112003,112003.0,112003,112003,1
1dCeTKR5OsVP4uayEYFwuR,31,31.0,31,31,1,254587,254587.0,254587,254587,1
3kpYJjvM8Ja6btr5hEJLWc,67,67.0,67,67,1,104539036,1.04539036E8,104539036,104539036,1
6Z3KPGftGu9ZVvkAY8SaZa,58,58.0,58,58,1,8493078,8493078.0,8493078,8493078,1
1HXy5I3HTWq8OvxCn0z7G7,68,68.0,68,68,1,5778418,5778418.0,5778418,5778418,1
6V9kwssTrwkKT72imgowj9,54,54.0,54,54,1,21359561,2.1359561E7,21359561,21359561,1
3Lfiu5sZ4M4B6JaKMBc0FU,61,61.0,61,61,1,122773292,1.22773292E8,122773292,122773292,1
3ppVO2tyWRRznNmONvt7Se,72,72.0,72,72,1,103039388,1.03039388E8,103039388,103039388,1
0wwPcA6wtMf6HUMpIRdeP7,80,80.0,80,80,1,103039388,1.03039388E8,103039388,103039388,1
6lDo13SSgTv0WbyUQKgnjk,9,9.0,9,9,1,6301808,6301808.0,6301808,6301808,1
2K87XMYnUMqLcX3zvtAF4G,78,78.0,78,78,1,40273571,4.0273571E7,40273571,40273571,1
1ULa3GfdMKs0MfRpm6xVlu,63,63.0,63,63,1,12078615,1.2078615E7,12078615,12078615,1
5Ux410GeRXrojeP0vUPx6v,0,0.0,0,0,1,9114093,9114093.0,9114093,9114093,1
7cbBZqBwEzlKBIYPb1Cbf0,0,0.0,0,0,1,354630,354630.0,354630,354630,1
1ExfPZEiahqhLyajhybFeS,73,73.0,73,73,1,75474551,7.5474551E7,75474551,75474551,1
5RzFJd6W40SDTyZkX6xx45,69,69.0,69,69,1,11933906,1.1933906E7,11933906,11933906,1
6sqNctd7MlJoKDOxPVCAvU,72,72.0,72,72,1,12004691,1.2004691E7,12004691,12004691,1
0do7XjC62nDUC2HKE6XKR1,35,35.0,35,35,1,412983,412983.0,412983,412983,1
72hAGgKtsrIrfiuL7FydDP,38,38.0,38,38,1,23384088,2.3384088E7,23384088,23384088,1
0nBPI5KxKOeOtr24sdGpE6,30,30.0,30,30,1,13770,13770.0,13770,13770,1
3m2dgCQagVWkSha04cZn23,60,60.0,60,60,1,11283,11283.0,11283,11283,1
0dzQiejP41haESvtBRKoXx,40,40.0,40,40,1,2174956,2174956.0,2174956,2174956,1
05TeoYmF2bJ5IyxskDro2e,57,57.0,57,57,1,1921,1921.0,1921,1921,1
2ETQsbiuGm2WLOSOr2I19A,68,68.0,68,68,1,9241516,9241516.0,9241516,9241516,1
16MeIVoFWTq2E0r6DwIek5,69,69.0,69,69,1,344824,344824.0,344824,344824,1
1i9lZvlaDdWDPyXEE95aiq,76,76.0,76,76,1,41119579,4.1119579E7,41119579,41119579,1
3pI3nzi2Y0Iyj1nATDOeQV,56,56.0,56,56,1,47722935,4.7722935E7,47722935,47722935,1
2vp7R84OmVjhqES3ShmxrM,41,41.0,41,41,1,37108,37108.0,37108,37108,1
1lA7jxtCfl44wlbQd8P3Wq,49,49.0,49,49,1,26095,26095.0,26095,26095,1
7fYRg3CEbk6rNCuzNzMT06,61,61.0,61,61,1,23079295,2.3079295E7,23079295,23079295,1
5LYMamLv12UPbemOaTPyeV,69,69.0,69,69,1,34133561,3.4133561E7,34133561,34133561,1
31YHdtc3RN5X8JYIaNm1Lp,33,33.0,33,33,1,44217,44217.0,44217,44217,1
6QCfnCytpO5LsPSS2RO88q,0,0.0,0,0,1,15684530,1.568453E7,15684530,15684530,1
6gyGLer8oKn0yxB659mGB0,0,0.0,0,0,1,20279,20279.0,20279,20279,1
7a53HqqArd4b9NF4XAmlbI,82,82.0,82,82,1,7750481,7750481.0,7750481,7750481,1
3bX7A4AvhUp9OXGXh7KPX6,39,39.0,39,39,1,12460242,1.2460242E7,12460242,12460242,1
2NmsngXHeC1GQ9wWrzhOMf,74,74.0,74,74,1,145443567,1.45443567E8,145443567,145443567,1
0kVbqPkUBwEMcUmXw4ZuMX,59,59.0,59,59,1,68408,68408.0,68408,68408,1
3Z8FwOEN59mRMxDCtb8N0A,71,71.0,71,71,1,34476607,3.4476607E7,34476607,34476607,1
0fB77VOZ2FkQeKLv1DuEwp,62,62.0,62,62,1,51798111,5.1798111E7,51798111,51798111,1
4UCvXebVG7x8V3OG3MkP9u,44,44.0,44,44,1,29404,29404.0,29404,29404,1
5oBk95lUYgWwbLtNPt5sX4,26,26.0,26,26,1,6483,6483.0,6483,6483,1
0H1Had94fszD13qsFsP1U5,62,62.0,62,62,1,15695162,1.5695162E7,15695162,15695162,1
0f7T8FO4ZM9XHpmncSUWND,49,49.0,49,49,1,21591569,2.1591569E7,21591569,21591569,1
5w7wuzMzsDer96KqxafeRK,71,71.0,71,71,1,118760311,1.18760311E8,118760311,118760311,1
6KjbNLbRjuoa8rEq5yNA6H,54,54.0,54,54,1,21357977,2.1357977E7,21357977,21357977,1
0J7oHYxjF6Oln61wy0kP2i,1,1.0,1,1,1,80459,80459.0,80459,80459,1
669yRYY5pluCp5dYOcDMDD,49,49.0,49,49,1,4779199,4779199.0,4779199,4779199,1
7qeLwzBj6y4zG9bOZpJ3nI,39,39.0,39,39,1,9661696,9661696.0,9661696,9661696,1
1NmVZsG18CzCAtw7rnV3yA,57,57.0,57,57,1,145489371,1.45489371E8,145489371,145489371,1
4N2RGPjya8OIyMYz3t5LuY,38,38.0,38,38,1,12004691,1.2004691E7,12004691,12004691,1
4toWZTdzXn9XAGghh9seLP,0,0.0,0,0,1,2285,2285.0,2285,2285,1
6vt0I1cw1YmAIKDJvHVIM5,68,68.0,68,68,1,15830822,1.5830822E7,15830822,15830822,1
1EY8fm4hCzXtw2UfwpbGKW,54,54.0,54,54,1,149366,149366.0,149366,149366,1
3czdA0j4iaLDJJCoT5D8iP,58,58.0,58,58,1,32059138,3.2059138E7,32059138,32059138,1
7vWFaMq63AwkFDhS2OAg5u,72,72.0,72,72,1,9553224,9553224.0,9553224,9553224,1
3V4AtMSDjgLQnHUpNqHYNc,34,34.0,34,34,1,1681119,1681119.0,1681119,1681119,1
24fceNrU1e44FgNHctytQ7,27,27.0,27,27,1,13710072,1.3710072E7,13710072,13710072,1
1FTSo4v6BOZH9QxKc3MbVM,78,78.0,78,78,1,3924846,3924846.0,3924846,3924846,1
4PEGwWH4tL6H7dGl4uVSPg,80,80.0,80,80,1,5109119,5109119.0,5109119,5109119,1
7w5AOd6HrDIHewHfpABEss,83,83.0,83,83,1,742237,742237.0,742237,742237,1
1DlZLLJXTWaxQD9HCtqjtj,37,37.0,37,37,1,6157,6157.0,6157,6157,1
7sPDXQIinC20oDNmZ4rorr,31,31.0,31,31,1,1068,1068.0,1068,1068,1
1c2AFg2WpURtpsOTMr6ZBX,72,72.0,72,72,1,1364231,1364231.0,1364231,1364231,1
0felKIf6OMxAzHIvyhwUvB,27,27.0,27,27,1,2489,2489.0,2489,2489,1
5NfNX3vbMvmdQaThELc4w3,3,3.0,3,3,1,12555,12555.0,12555,12555,1
28BHwinU69xKIlL7vVln2k,60,60.0,60,60,1,1377042,1377042.0,1377042,1377042,1
1FGwDURKxW4gK5DRiCvD9Y,42,42.0,42,42,1,2843,2843.0,2843,2843,1
741UUVE2kuITl0c6zuqqbO,68,68.0,68,68,1,34297934,3.4297934E7,34297934,34297934,1
2g9dhCaJiK7D0FOgZ9vJlR,45,45.0,45,45,1,126108,126108.0,126108,126108,1
3k4CoiIQXiNBrwrmbBMDxj,58,58.0,58,58,1,41180800,4.11808E7,41180800,41180800,1
6fhG2KJgwO7CrNflRaRmvp,65,65.0,65,65,1,4465726,4465726.0,4465726,4465726,1
3M89zvwwb1jtDUDKYNsdiA,58,58.0,58,58,1,557424,557424.0,557424,557424,1
3Umh6PJHtxIi1FTMliXQ72,36,36.0,36,36,1,1198427,1198427.0,1198427,1198427,1
3zwMVvkBe2qIKDObWgXw4N,76,76.0,76,76,1,145542136,1.45542136E8,145542136,145542136,1
1HfMVBKM75vxSfsQ5VefZ5,26,26.0,26,26,1,53267200,5.32672E7,53267200,53267200,1
1SmiQ65iSAbPto6gPFlBYm,62,62.0,62,62,1,145542136,1.45542136E8,145542136,145542136,1
0rQtoQXQfwpDW0c7Fw1NeM,17,17.0,17,17,1,118692183,1.18692183E8,118692183,118692183,1
4uTvPEr01pjTbZgl7jcKBD,64,64.0,64,64,1,107374593,1.07374593E8,107374593,107374593,1
1SMb9R9lWqJYCDFWIj8vnY,35,35.0,35,35,1,4307803,4307803.0,4307803,4307803,1
5k38wzpLb15YgncyWdTZE4,80,80.0,80,80,1,6294820,6294820.0,6294820,6294820,1
6rPO02ozF3bM7NnOV4h6s2,70,70.0,70,70,1,10982585,1.0982585E7,10982585,10982585,1
2rKmNEYrQxaOPZrOWKZpOc,60,60.0,60,60,1,47722935,4.7722935E7,47722935,47722935,1
3PR3Ee47r0PUL9I1RJvrS0,0,0.0,0,0,1,430400,430400.0,430400,430400,1
4USdmbhDidWVL8JXBVbVFm,58,58.0,58,58,1,15689879,1.5689879E7,15689879,15689879,1
7vlWLTjA8sk6qj0pGMPEyU,28,28.0,28,28,1,114864,114864.0,114864,114864,1
0PDUDa38GO8lMxLCRc4lL1,80,80.0,80,80,1,24105967,2.4105967E7,24105967,24105967,1
3CJvmtWw2bJsudbAC5uCQk,66,66.0,66,66,1,53260584,5.3260584E7,53260584,53260584,1
4tFhgQdSWROZZfvgRAC7eM,0,0.0,0,0,1,53066,53066.0,53066,53066,1
7o1Pm9jpH0wFpN5g793Lnq,79,79.0,79,79,1,39777995,3.9777995E7,39777995,39777995,1
0ct6r3EGTcMLPtrXHDvVjc,83,83.0,83,83,1,23434221,2.3434221E7,23434221,23434221,1
0KJp4yqrZCVvYiFcwR1UBt,29,29.0,29,29,1,1475258,1475258.0,1475258,1475258,1
294vBlXfZYspeI29SXZaON,2,2.0,2,2,1,23434870,2.343487E7,23434870,23434870,1
3xdjjKMcMOFgo1eQrfbogM,78,78.0,78,78,1,2773747,2773747.0,2773747,2773747,1
12Ns5IphkblPmHxpRILG9t,0,0.0,0,0,1,28327351,2.8327351E7,28327351,28327351,1
5G1sTBGbZT5o4PNRc75RKI,68,68.0,68,68,1,4138562,4138562.0,4138562,4138562,1
1RIn8LBQzinLEraFtUcpZP,51,51.0,51,51,1,7646449,7646449.0,7646449,7646449,1
1LomM3L6atrf79ZL7nHDp4,62,62.0,62,62,1,11939612,1.1939612E7,11939612,11939612,1
3C0nOe05EIt1390bVABLyN,81,81.0,81,81,1,13708054,1.3708054E7,13708054,13708054,1
3O1pigYrO7Kx44WaJb44Xe,39,39.0,39,39,1,112003,112003.0,112003,112003,1
7DjZ8ZJWEVsMGJI4L4CdCB,47,47.0,47,47,1,42275793,4.2275793E7,42275793,42275793,1
5JlH51YDYsGj2dyEJKKjcN,69,69.0,69,69,1,2774161,2774161.0,2774161,2774161,1
4fPBB44eDH71YohayI4eKV,70,70.0,70,70,1,6446735,6446735.0,6446735,6446735,1
0k2GOhqsrxDTAbFFSdNJjT,82,82.0,82,82,1,5279150,5279150.0,5279150,5279150,1
0Bo5fjMtTfCD8vHGebivqc,70,70.0,70,70,1,694334,694334.0,694334,694334,1
3UULkHdmLDqBDPmBYltoRE,67,67.0,67,67,1,1234078,1234078.0,1234078,1234078,1
0DRAmZDhhG5K2U70daPhbx,40,40.0,40,40,1,35335,35335.0,35335,35335,1
7kxM3UJwN6rHAW5kwdlAHK,67,67.0,67,67,1,31806929,3.1806929E7,31806929,31806929,1
6HSXNV0b4M4cLJ7ljgVVeh,82,82.0,82,82,1,7364138,7364138.0,7364138,7364138,1
0WsC4ETIXyiHDMXRaPMvKe,78,78.0,78,78,1,10342615,1.0342615E7,10342615,10342615,1
3hpm0fTeSqlhJbnqAgaLZs,87,87.0,87,87,1,19735177,1.9735177E7,19735177,19735177,1
1edcyazKIdKrIuz9cWpXU6,72,72.0,72,72,1,107374593,1.07374593E8,107374593,107374593,1
4cSjEMkzQvpw8XPf4AGlZz,25,25.0,25,25,1,2055,2055.0,2055,2055,1
1QoyuMHNBe7lg3YW4Qtll4,76,76.0,76,76,1,24430255,2.4430255E7,24430255,24430255,1
15FpIaguKOiE2XwIiYox12,18,18.0,18,18,1,4873,4873.0,4873,4873,1
7FOgcfdz9Nx5V9lCNXdBYv,79,79.0,79,79,1,7299563,7299563.0,7299563,7299563,1
086THPnabbu1zfDjRsxpoN,73,73.0,73,73,1,671778,671778.0,671778,671778,1
41oY4WCTj5kccfesTVFnvN,78,78.0,78,78,1,102500980,1.0250098E8,102500980,102500980,1
0MrqfxsQCRWnAtceAmhkAv,33,33.0,33,33,1,411540,411540.0,411540,411540,1
7y3xU9vEC1s8DSuuoSYKih,78,78.0,78,78,1,34742256,3.4742256E7,34742256,34742256,1
5CZ40GBx1sQ9agT82CLQCT,86,86.0,86,86,1,49083617,4.9083617E7,49083617,49083617,1
2xUuzDqjpXP0kwqZ5wGpVv,40,40.0,40,40,1,112995439,1.12995439E8,112995439,112995439,1
5HsPn6gWnDyW70FGOMHkg1,42,42.0,42,42,1,5042529,5042529.0,5042529,5042529,1
5RqR4ZCCKJDcBLIn4sih9l,67,67.0,67,67,1,396758,396758.0,396758,396758,1
5yPkpUpSwSSfjjt8FfIrDk,31,31.0,31,31,1,266,266.0,266,266,1
5Uym8nZf9WyDsxPuum3ntT,47,47.0,47,47,1,5643375,5643375.0,5643375,5643375,1
4SZepBIPDRwPaHIjAKwRDb,64,64.0,64,64,1,41107596,4.1107596E7,41107596,41107596,1
6PGoSes0D9eUDeeAafB2As,82,82.0,82,82,1,44606446,4.4606446E7,44606446,44606446,1
5lT5IZWW3JQErXELJpQgJ9,2,2.0,2,2,1,10468606,1.0468606E7,10468606,10468606,1
2sw8teIvVMRZKKYD5p795f,49,49.0,49,49,1,718418,718418.0,718418,718418,1
0B0tYbVp7pDQAqKDhgMeaL,74,74.0,74,74,1,75455093,7.5455093E7,75455093,75455093,1
4bXnJTJtfZ32yWoNDPjXn0,49,49.0,49,49,1,4694955,4694955.0,4694955,4694955,1
7795WJLVKJoAyVoOtCWqXN,85,85.0,85,85,1,26272346,2.6272346E7,26272346,26272346,1
0ST2s1iJwdnNhYlj776go8,23,23.0,23,23,1,21606569,2.1606569E7,21606569,21606569,1
3XyMPyuWwHcGMvXeJY6Qt0,53,53.0,53,53,1,12898539,1.2898539E7,12898539,12898539,1
5MIMD5WMooNWe8QsMqCrE8,57,57.0,57,57,1,40273571,4.0273571E7,40273571,40273571,1
2iUmqdfGZcHIhS3b9E9EWq,78,78.0,78,78,1,1284296,1284296.0,1284296,1284296,1
0c7wqpBLOTFr1yb70LHGFM,42,42.0,42,42,1,11936949,1.1936949E7,11936949,11936949,1
7tZ96WU8VIWRUE1UOYn9gj,0,0.0,0,0,1,18176,18176.0,18176,18176,1
5m9uiFH9sK5wxRZdfN62n9,62,62.0,62,62,1,5154748,5154748.0,5154748,5154748,1
3sP3c86WFjOzHHnbhhZcLA,72,72.0,72,72,1,27289223,2.7289223E7,27289223,27289223,1
1UGD3lW3tDmgZfAVDh6w7r,78,78.0,78,78,1,31052119,3.1052119E7,31052119,31052119,1
73WKf5dSl59yT5mrwDWuuH,36,36.0,36,36,1,38385499,3.8385499E7,38385499,38385499,1
7iocNjLrxPHLl8njgRlv5U,64,64.0,64,64,1,430168,430168.0,430168,430168,1
1ZLtE9tSJdaUiIJ9YoKHQe,77,77.0,77,77,1,9792848,9792848.0,9792848,9792848,1
0wG4gampO24nC7VKm5pxjg,64,64.0,64,64,1,351316,351316.0,351316,351316,1
5Z01UMMf7V1o0MzF86s6WJ,77,77.0,77,77,1,104539036,1.04539036E8,104539036,104539036,1
5KA6S4auXremQLoBIsKprz,52,52.0,52,52,1,1661470,1661470.0,1661470,1661470,1
27AHAtAirQapVldIm4c9ZX,66,66.0,66,66,1,557315,557315.0,557315,557315,1
45u0LfWkzz4rdKNkCW9GV3,22,22.0,22,22,1,23398010,2.339801E7,23398010,23398010,1
2bw4WgXyXP90hIex7ur58y,59,59.0,59,59,1,1604690,1604690.0,1604690,1604690,1
3LTMnFa0hhwisyq6ILahyj,3,3.0,3,3,1,8849792,8849792.0,8849792,8849792,1
1Ud6moTC0KyXMq1Oxfien0,72,72.0,72,72,1,15714574,1.5714574E7,15714574,15714574,1
1kO8TSZU0ORR4eJpirLPGW,69,69.0,69,69,1,12848260,1.284826E7,12848260,12848260,1
0RxdWAztwE2qKbtYk7NNWr,59,59.0,59,59,1,42256604,4.2256604E7,42256604,42256604,1
1JUzQ21p11mRdSkNVibKtx,55,55.0,55,55,1,88544,88544.0,88544,88544,1
0MHStU0muAIEMbwdnebYu2,91,91.0,91,91,1,3568209,3568209.0,3568209,3568209,1
10pfamFYvg5ftwq6rGJrWx,73,73.0,73,73,1,45843,45843.0,45843,45843,1
221eHga9f9Ne4f8D7WVgPT,82,82.0,82,82,1,7045466,7045466.0,7045466,7045466,1
0QCIpQV3twfqo9kh0t8Zza,85,85.0,85,85,1,197500,197500.0,197500,197500,1
1C8E0247IHyaMwDst1ySTA,38,38.0,38,38,1,28413,28413.0,28413,28413,1
2UPPd1yzxhfLUzT6V0mj2E,40,40.0,40,40,1,53720,53720.0,53720,53720,1
663QOtCqjmjVkIFi4UpVKC,26,26.0,26,26,1,11036,11036.0,11036,11036,1
7qbJ4Dh8xuYUFdAWL8SFPK,49,49.0,49,49,1,6318755,6318755.0,6318755,6318755,1
1F0w3LvvUK0ltYjGyKShWV,47,47.0,47,47,1,55232,55232.0,55232,55232,1
6AQbmUe0Qwf5PZnt4HmTXv,71,71.0,71,71,1,4759233,4759233.0,4759233,4759233,1
4yhzZ9ESp4UwnJqImyMR3A,45,45.0,45,45,1,3770138,3770138.0,3770138,3770138,1
0xzI1KAr0Yd9tv8jlIk3sn,64,64.0,64,64,1,1626627,1626627.0,1626627,1626627,1
3rb0tMq42WfggucPm0HHkA,70,70.0,70,70,1,964749,964749.0,964749,964749,1
1r8ZCjfrQxoy2wVaBUbpwg,64,64.0,64,64,1,6593079,6593079.0,6593079,6593079,1
2WnAKZefdRHxtBEkRjFOHC,70,70.0,70,70,1,85008100,8.50081E7,85008100,85008100,1
03mMSLEJCPoGJwQhHpN5y0,60,60.0,60,60,1,34130771,3.4130771E7,34130771,34130771,1
3g0mEQx3NTanacLseoP0Gw,68,68.0,68,68,1,21359561,2.1359561E7,21359561,21359561,1
6b2mfHMqWCA74XmUuVJm8r,60,60.0,60,60,1,47722935,4.7722935E7,47722935,47722935,1
0s8vpu2GVH8MNX2Er3xNYt,41,41.0,41,41,1,5642365,5642365.0,5642365,5642365,1
5FaYt71ZRpG1nO6mX8JQ1m,24,24.0,24,24,1,149030,149030.0,149030,149030,1
3uBFpIBCKd3ivep9tuWapB,26,26.0,26,26,1,78550,78550.0,78550,78550,1
6NFyWDv5CjfwuzoCkw47Xf,81,81.0,81,81,1,145396321,1.45396321E8,145396321,145396321,1
4dVpf9jZjcORqGTLUaeYj9,68,68.0,68,68,1,4287336,4287336.0,4287336,4287336,1
1J9I3wZ4WeFLP8fU4slmA5,32,32.0,32,32,1,2206,2206.0,2206,2206,1
5dUQ00lCQ8IPMs149DIdhf,52,52.0,52,52,1,20671,20671.0,20671,20671,1
04sN26COy28wTXYj3dMoiZ,79,79.0,79,79,1,118760311,1.18760311E8,118760311,118760311,1
7zsXy7vlHdItvUSH8EwQss,68,68.0,68,68,1,6302021,6302021.0,6302021,6302021,1
04Me7GXTY03245nMR0YRGI,49,49.0,49,49,1,23962,23962.0,23962,23962,1
7ghmZhLpmQe9nTluI1czmr,49,49.0,49,49,1,2508510,2508510.0,2508510,2508510,1
6QeYSvYqYUsfBzsApbjDHO,85,85.0,85,85,1,12552680,1.255268E7,12552680,12552680,1
6I0ivNW5YryeC3GQn56NAy,1,1.0,1,1,1,7849274,7849274.0,7849274,7849274,1
67ispalOAo3jnZWYSTTfZk,60,60.0,60,60,1,7961145,7961145.0,7961145,7961145,1
7EQGXaVSyEDsCWKmUcfpLk,79,79.0,79,79,1,9154839,9154839.0,9154839,9154839,1
3KDrOuo1mXgkuZVQnpFAD7,54,54.0,54,54,1,1163792,1163792.0,1163792,1163792,1
0P11XLoH1nch5dDuYjYbnP,43,43.0,43,43,1,51773650,5.177365E7,51773650,51773650,1
3WWAvWDBQANpJeNbvVbjMg,1,1.0,1,1,1,14561716,1.4561716E7,14561716,14561716,1
3XojqFisTYTQm2p7HK5p4P,53,53.0,53,53,1,45771951,4.5771951E7,45771951,45771951,1
2d4jI40t4l6Dz63H1e58Vg,41,41.0,41,41,1,29927,29927.0,29927,29927,1
6NIUdf7mHpiMkCoq2wFSVQ,48,48.0,48,48,1,55540,55540.0,55540,55540,1
7suXfwkW9Cg9fBS3San5T5,37,37.0,37,37,1,1441554,1441554.0,1441554,1441554,1
3Min2Z3ZLkjYGlSAwxCtMh,39,39.0,39,39,1,1327604,1327604.0,1327604,1327604,1
2aibwv5hGXSgw7Yru8IYTO,81,81.0,81,81,1,23226759,2.3226759E7,23226759,23226759,1
2DrMcGNKEY0FZqjMovGaCm,58,58.0,58,58,1,31785695,3.1785695E7,31785695,31785695,1
3qRPc4QpHGNwKFAzCdqwxA,55,55.0,55,55,1,4290840,4290840.0,4290840,4290840,1
1LuqK6QiebvOmpkRP1f8Jf,35,35.0,35,35,1,47234,47234.0,47234,47234,1
7JkZ2hQdDonRURJjlMuh8q,65,65.0,65,65,1,478049,478049.0,478049,478049,1
5szyCK2oOS7TW2gP6JI9DE,21,21.0,21,21,1,23384088,2.3384088E7,23384088,23384088,1
4snRyiaLyvTMui0hzp8MF7,61,61.0,61,61,1,12337033,1.2337033E7,12337033,12337033,1
31Bc5ljAHxRYpuX7gERdgh,44,44.0,44,44,1,43179,43179.0,43179,43179,1
4wJ5Qq0jBN4ajy7ouZIV1c,83,83.0,83,83,1,13313690,1.331369E7,13313690,13313690,1
4VGp1Z4y575IogxJXZcrf6,26,26.0,26,26,1,1450,1450.0,1450,1450,1
5B5eTk7DF8KVp1zpQoY1XY,83,83.0,83,83,1,2742164,2742164.0,2742164,2742164,1
5ANlPglVB8zidL9UW5e3mc,36,36.0,36,36,1,1956457,1956457.0,1956457,1956457,1
3j11iDncb7ZeDMw7lFucqM,70,70.0,70,70,1,7978695,7978695.0,7978695,7978695,1
1GHjVV6Dv353VCjzAZKkUV,38,38.0,38,38,1,29094,29094.0,29094,29094,1
4SmhvwAHcPS07SfLUSOJnt,57,57.0,57,57,1,557610,557610.0,557610,557610,1
3mmA9C8Gt8xojss3bVHrgC,30,30.0,30,30,1,1472981,1472981.0,1472981,1472981,1
69w5X6uTrOaWM32IetSzvO,65,65.0,65,65,1,34136120,3.413612E7,34136120,34136120,1
4qXKkOZ691yYgQu4Lunrds,0,0.0,0,0,1,58364373,5.8364373E7,58364373,58364373,1
0UKUfxIkDAMZz7hMdiVX3m,63,63.0,63,63,1,18203604,1.8203604E7,18203604,18203604,1
2awNGIJHodfLZSClB3PYhz,63,63.0,63,63,1,145396321,1.45396321E8,145396321,145396321,1
5F1ZmucV0uJY14y2dYKePa,1,1.0,1,1,1,10638942,1.0638942E7,10638942,10638942,1
6QZf9ZiKtvyvg7TdNeW4k1,38,38.0,38,38,1,59849,59849.0,59849,59849,1
698ItKASDavgwZ3WjaWjtz,79,79.0,79,79,1,41268567,4.1268567E7,41268567,41268567,1
1a4CA0tFvzwUrx8UxwoU64,43,43.0,43,43,1,1686734,1686734.0,1686734,1686734,1
0maCwhZTO3PybhSiQcsjAf,48,48.0,48,48,1,1338329,1338329.0,1338329,1338329,1
6FWWWKLHXqLOfvXsWN9mrU,20,20.0,20,20,1,1117,1117.0,1117,1117,1
6Pgkp4qUoTmJIPn7ReaGxL,71,71.0,71,71,1,23434221,2.3434221E7,23434221,23434221,1
2ap1x3VLFXzeVRDl14PYsM,0,0.0,0,0,1,2177376,2177376.0,2177376,2177376,1
1KeZgPUr54C8iz3FjqzVoz,56,56.0,56,56,1,21359561,2.1359561E7,21359561,21359561,1
5MFzQMkrl1FOOng9tq6R9r,1,1.0,1,1,1,45777722,4.5777722E7,45777722,45777722,1
5TNhjanmvwvmjCz2WYwSAv,64,64.0,64,64,1,3770138,3770138.0,3770138,3770138,1
5A7CwBNDUhvLWuSU5oJEh3,62,62.0,62,62,1,107401919,1.07401919E8,107401919,107401919,1
0xD23i0X1WjqMSYIxRfO80,64,64.0,64,64,1,21591569,2.1591569E7,21591569,21591569,1
70yhaHLp9STtzI2Kzba6Tr,66,66.0,66,66,1,107418606,1.07418606E8,107418606,107418606,1
6VObnIkLVruX4UVyxWhlqm,85,85.0,85,85,1,66705650,6.670565E7,66705650,66705650,1
6JOlNkT0QdHeZB0wPbI9IR,64,64.0,64,64,1,27141717,2.7141717E7,27141717,27141717,1
5Zc3d993GDKljZ5d6NNk3b,39,39.0,39,39,1,11939612,1.1939612E7,11939612,11939612,1
2QtxlzvSBONjs1bDC34ixs,68,68.0,68,68,1,28305692,2.8305692E7,28305692,28305692,1
56eSclzdXaWU5jOJ7DX7Vp,66,66.0,66,66,1,2804746,2804746.0,2804746,2804746,1
6RX5iL93VZ5fKmyvNXvF1r,71,71.0,71,71,1,41176723,4.1176723E7,41176723,41176723,1
0DBIL8arX0Zo6eAuxNIpik,57,57.0,57,57,1,2485444,2485444.0,2485444,2485444,1
4qmFC3Jz5aQ0erlk2OSi2X,91,91.0,91,91,1,145489371,1.45489371E8,145489371,145489371,1
7iokwexO2pEmwbfkUU7mXb,43,43.0,43,43,1,1655,1655.0,1655,1655,1
4JVgIFgTrlQ2XMWasExsLj,59,59.0,59,59,1,2083,2083.0,2083,2083,1
2MBD7dFetiSCm8CopK8v9t,40,40.0,40,40,1,11036,11036.0,11036,11036,1
7ne4VBA60CxGM75vw0EYad,89,89.0,89,89,1,7420507,7420507.0,7420507,7420507,1
0qFEjRouLznAGsMpDPnjzy,56,56.0,56,56,1,15684530,1.568453E7,15684530,15684530,1
5c9tBmJKbTdn1vhzXHeAwW,74,74.0,74,74,1,6322030,6322030.0,6322030,6322030,1
4WuOWVnAqvEQxgSRrspBgt,72,72.0,72,72,1,11687489,1.1687489E7,11687489,11687489,1
0QHEIqNKsMoOY5urbzN48u,73,73.0,73,73,1,15743681,1.5743681E7,15743681,15743681,1
2rurDawMfoKP4uHyb2kJBt,69,69.0,69,69,1,39798156,3.9798156E7,39798156,39798156,1
40uMIn2zJLAQhNXghRjBed,67,67.0,67,67,1,47720209,4.7720209E7,47720209,47720209,1
137mSruegm1u6x9NvwiagR,62,62.0,62,62,1,85008100,8.50081E7,85008100,85008100,1
5QDLhrAOJJdNAmCTJ8xMyW,79,79.0,79,79,1,81189603,8.1189603E7,81189603,81189603,1
2PKqwOJE9GWpZVEOReRrUA,34,34.0,34,34,1,149943,149943.0,149943,149943,1
792HwhrdO3ErRKL5yRe4Ge,72,72.0,72,72,1,15614717,1.5614717E7,15614717,15614717,1
4EuGBkrWOuapwX9GSIVEB0,40,40.0,40,40,1,2338518,2338518.0,2338518,2338518,1
7Hhq3Ejf01wyOMjuKRrRR7,42,42.0,42,42,1,176006,176006.0,176006,176006,1
23TwR29GSeJBfXnXhmDlwR,76,76.0,76,76,1,7938689,7938689.0,7938689,7938689,1
2lOuvydCaSk8asn1HxBO9r,47,47.0,47,47,1,46891061,4.6891061E7,46891061,46891061,1
7roKDmJDOzkpfGpUQJ5EnL,61,61.0,61,61,1,21662596,2.1662596E7,21662596,21662596,1
4Ey0LK1HzksUqm9JLzzKuD,69,69.0,69,69,1,9256589,9256589.0,9256589,9256589,1
0LpiKjWMfZTkPPHonlM8nB,55,55.0,55,55,1,47716988,4.7716988E7,47716988,47716988,1
0kwuKfWntoGh0EWyYb7Mpf,60,60.0,60,60,1,136230,136230.0,136230,136230,1
6rZVy6FIG7lSJQMFXHo12z,61,61.0,61,61,1,145396321,1.45396321E8,145396321,145396321,1
2s7aXs1ObRvKNJ90ZGlnT1,41,41.0,41,41,1,9676780,9676780.0,9676780,9676780,1
3Ev1a7OygyuteJpPBctAaT,35,35.0,35,35,1,640655,640655.0,640655,640655,1
46QazXxQS0B31CnbRCy8CV,64,64.0,64,64,1,8602427,8602427.0,8602427,8602427,1
4MKzCHlZvkwJOQRNkdw4zq,57,57.0,57,57,1,27143729,2.7143729E7,27143729,27143729,1
1NhPKVLsHhFUHIOZ32QnS2,78,78.0,78,78,1,18706004,1.8706004E7,18706004,18706004,1
6Hvl7XMmmt2e9EGfJKgilT,30,30.0,30,30,1,22421,22421.0,22421,22421,1
47OC0Xl9TIijX4gkafSX1G,48,48.0,48,48,1,267858,267858.0,267858,267858,1
3TAtUJc4Sj913Cs5gBUeu0,64,64.0,64,64,1,6096792,6096792.0,6096792,6096792,1
0EgkVzDidmq4MP57jZFeik,10,10.0,10,10,1,104517308,1.04517308E8,104517308,104517308,1
1XLDwj2XXXNPOJvpvjHOas,53,53.0,53,53,1,4969994,4969994.0,4969994,4969994,1
0l72HGRQkAR0imHxvpLi8a,76,76.0,76,76,1,182377,182377.0,182377,182377,1
7lIzKPkQt0HpYTXxlcDvjE,38,38.0,38,38,1,1843,1843.0,1843,1843,1
13jRFAGT8qd6aBwtJySlUm,52,52.0,52,52,1,11247155,1.1247155E7,11247155,11247155,1
1hK82ERSZ37oWQWuiDv90J,33,33.0,33,33,1,277232,277232.0,277232,277232,1
5GYgvwMW7g69Rqtzh9GWBM,29,29.0,29,29,1,74002,74002.0,74002,74002,1
5oIVNm56t6OIf9ZjdEG3ud,73,73.0,73,73,1,26538275,2.6538275E7,26538275,26538275,1
1CsMKhwEmNnmvHUuO5nryA,77,77.0,77,77,1,118692183,1.18692183E8,118692183,118692183,1
6mxcYepbjxUeTToJ3DgHkS,44,44.0,44,44,1,15684530,1.568453E7,15684530,15684530,1
4rmVZajAF7PkrCagGPHbqa,70,70.0,70,70,1,103067383,1.03067383E8,103067383,103067383,1
7mFj0LlWtEJaEigguaWqYh,66,66.0,66,66,1,10892928,1.0892928E7,10892928,10892928,1
7BhmwvCdQZNwuQXSHw5TzP,68,68.0,68,68,1,11247155,1.1247155E7,11247155,11247155,1
5ZNj8iQFmW1pGjAjT3TMy1,50,50.0,50,50,1,112613,112613.0,112613,112613,1
3DarAbFujv6eYNliUTyqtz,84,84.0,84,84,1,34735147,3.4735147E7,34735147,34735147,1
3Vi5XqYrmQgOYBajMWSvCi,79,79.0,79,79,1,34735147,3.4735147E7,34735147,34735147,1
77fvnWALKJR0ws1VUx09CY,56,56.0,56,56,1,7761454,7761454.0,7761454,7761454,1
1aS3BzYaUDJaOdqixzknaz,0,0.0,0,0,1,33465,33465.0,33465,33465,1
4poybupy26pTWPr9zY1i7h,61,61.0,61,61,1,57965,57965.0,57965,57965,1
7vMENgdWQAAYyu0SLztoSp,23,23.0,23,23,1,149033,149033.0,149033,149033,1
6wXzZE46Rg3mYfRBHugjzy,19,19.0,19,19,1,313622,313622.0,313622,313622,1
1xYpVRspgaLxdJLOTQkTjg,66,66.0,66,66,1,41107596,4.1107596E7,41107596,41107596,1
3swc6WTsr7rl9DqQKQA55C,74,74.0,74,74,1,47720209,4.7720209E7,47720209,47720209,1
6Py8IKZqDyU8aQVrjilbJw,26,26.0,26,26,1,145443567,1.45443567E8,145443567,145443567,1
3pndPhlQWjuSoXhcIIdBjv,70,70.0,70,70,1,5507537,5507537.0,5507537,5507537,1
1x5sYLZiu9r5E43kMlt9f8,74,74.0,74,74,1,5975530,5975530.0,5975530,5975530,1
2P4OICZRVAQcYAV2JReRfj,81,81.0,81,81,1,23434999,2.3434999E7,23434999,23434999,1
3PqpjQPv4ciXBsPBT6rRtm,38,38.0,38,38,1,9407321,9407321.0,9407321,9407321,1
3zU9rdflI65tK4dkkNSp77,73,73.0,73,73,1,4034025,4034025.0,4034025,4034025,1
7t2bFihaDvhIrd2gn2CWJO,80,80.0,80,80,1,7319540,7319540.0,7319540,7319540,1
2kqAtjOtQPAR0OiYUJR43k,62,62.0,62,62,1,5912557,5912557.0,5912557,5912557,1
2fmlkxGNnUnIn4Ucc5P4ZX,32,32.0,32,32,1,104517308,1.04517308E8,104517308,104517308,1
7IA4eQMEDlrhgC1nDZfn96,22,22.0,22,22,1,21606569,2.1606569E7,21606569,21606569,1
41PiyIwNrzoLn598y2glGY,54,54.0,54,54,1,40275440,4.027544E7,40275440,40275440,1
47d2mzkc3bPUD93NB0gKLR,50,50.0,50,50,1,8182,8182.0,8182,8182,1
1uN0f4NqMDcReSwXO6PLuG,61,61.0,61,61,1,69014420,6.901442E7,69014420,69014420,1
0XZHZslvxrByI84hFYWyXS,44,44.0,44,44,1,68997177,6.8997177E7,68997177,68997177,1
1PAOrcAwt8zSlY89UyjWDK,33,33.0,33,33,1,23391272,2.3391272E7,23391272,23391272,1
66EIPOdC3UZZCJdiUSRo92,43,43.0,43,43,1,1604690,1604690.0,1604690,1604690,1
2TL9ng664CxAiRs37Hfa2Z,52,52.0,52,52,1,22403,22403.0,22403,22403,1
3K4HG9evC7dg3N0R9cYqk4,83,83.0,83,83,1,31785695,3.1785695E7,31785695,31785695,1
62bOmKYxYg7dhrC6gH9vFn,79,79.0,79,79,1,3088613,3088613.0,3088613,3088613,1
1B75hgRqe7A4fwee3g3Wmu,73,73.0,73,73,1,764443,764443.0,764443,764443,1
7rdHxPQimXkOcmUmsfGhxY,1,1.0,1,1,1,166,166.0,166,166,1
27sGm7McOlhSQ1szOJlpt8,24,24.0,24,24,1,218,218.0,218,218,1
6cUmrDYjL42bJbyVli9ok9,42,42.0,42,42,1,31236,31236.0,31236,31236,1
4HBeFgbY9VV7UuMltmCIw0,54,54.0,54,54,1,9729,9729.0,9729,9729,1
4WhHNXBgRglnkjy7TMzgdh,59,59.0,59,59,1,4571036,4571036.0,4571036,4571036,1
5NgUs4A8db3NL75hvDr4eB,50,50.0,50,50,1,557085,557085.0,557085,557085,1
4CPuDVC8jhhK6lA2DIt8Cf,72,72.0,72,72,1,13273537,1.3273537E7,13273537,13273537,1
5lj4Sf3g1axG8mIoHeuKxR,23,23.0,23,23,1,301512,301512.0,301512,301512,1
7ov3TDp5D00Rnu5R1viX4w,69,69.0,69,69,1,13266900,1.32669E7,13266900,13266900,1
0AkiAfilrTUXV49dleC5SB,62,62.0,62,62,1,6322030,6322030.0,6322030,6322030,1
2OzhQlSqBEmt7hmkYxfT6m,81,81.0,81,81,1,145443567,1.45443567E8,145443567,145443567,1
2GkFLKBarKpG7aoYHXg3Ue,41,41.0,41,41,1,1434,1434.0,1434,1434,1
3ZaEs1O8BG581qYPHpQ8d6,84,84.0,84,84,1,17333176,1.7333176E7,17333176,17333176,1
0cuNKdwaFrDJ4G1hYxI6aI,61,61.0,61,61,1,47722935,4.7722935E7,47722935,47722935,1
2BMhTcquomJgCq3MfNkY1P,32,32.0,32,32,1,19649,19649.0,19649,19649,1
7MlDNspYwfqnHxORufupwq,80,80.0,80,80,1,1005044,1005044.0,1005044,1005044,1
2mqTtvbKxH7SoEQ2oGAnsA,60,60.0,60,60,1,41176723,4.1176723E7,41176723,41176723,1
7gp55pwQMGqJazsKi9H7uq,24,24.0,24,24,1,24023,24023.0,24023,24023,1
3lCCkv3JqiNhkMQUDPTAPm,0,0.0,0,0,1,28526,28526.0,28526,28526,1
31i56LZnwE6uSu3exoHjtB,78,78.0,78,78,1,102500980,1.0250098E8,102500980,102500980,1
5Z9KJZvQzH6PFmb8SNkxuk,74,74.0,74,74,1,12309710,1.230971E7,12309710,12309710,1
2BcMwX1MPV6ZHP4tUT9uq6,74,74.0,74,74,1,103067383,1.03067383E8,103067383,103067383,1
6SRsiMl7w1USE4mFqrOhHC,75,75.0,75,75,1,49050008,4.9050008E7,49050008,49050008,1
6F2r4HgpJnvKDmkN6JEN6J,61,61.0,61,61,1,85022258,8.5022258E7,85022258,85022258,1
1qBXkDmnMZXaumaaxwmdYu,39,39.0,39,39,1,20284,20284.0,20284,20284,1
18jbMG8etanCMt6C5wFRDa,63,63.0,63,63,1,1293252,1293252.0,1293252,1293252,1
69LvvkHnFFnX3d5eNObtMo,59,59.0,59,59,1,5643959,5643959.0,5643959,5643959,1
6Ph8QwsRfZunN5e1GGBIqa,61,61.0,61,61,1,2583769,2583769.0,2583769,2583769,1
5Qq5biDqltl26JBdmSsZse,36,36.0,36,36,1,669005,669005.0,669005,669005,1
3H4bCkngAaTh279khVoV5p,0,0.0,0,0,1,301146,301146.0,301146,301146,1
7zwn1eykZtZ5LODrf7c0tS,80,80.0,80,80,1,21591569,2.1591569E7,21591569,21591569,1
4b9IFxLkD10d3oYi6CzORf,32,32.0,32,32,1,21109,21109.0,21109,21109,1
7DrluKkTviBwCc8AV3VGmf,70,70.0,70,70,1,39777995,3.9777995E7,39777995,39777995,1
0tgVpDi06FyKpA1z0VMD4v,88,88.0,88,88,1,122773292,1.22773292E8,122773292,122773292,1
6B7wSqeVtMrtXbQBgzzVqa,51,51.0,51,51,1,23962,23962.0,23962,23962,1
4q6dqyGM25sKFU8nYAGRe4,74,74.0,74,74,1,2967234,2967234.0,2967234,2967234,1
0vfPEfQk0ZCHExTZ007Ryr,58,58.0,58,58,1,51821190,5.182119E7,51821190,51821190,1
72C7s8NA2sVEbu6hgMLtge,21,21.0,21,21,1,23550,23550.0,23550,23550,1
3Th56VIq2sEaEmPPETu7p5,51,51.0,51,51,1,122802777,1.22802777E8,122802777,122802777,1
2aSC2xhRxOLiiZZVjhbylH,73,73.0,73,73,1,103094105,1.03094105E8,103094105,103094105,1
1jF7IL57ayN4Ity3jQqGu0,81,81.0,81,81,1,18203604,1.8203604E7,18203604,18203604,1
3f7gYMirBEKuc57218BjOY,67,67.0,67,67,1,38385499,3.8385499E7,38385499,38385499,1
40gk32E7YaTFoQwDIWv2SY,3,3.0,3,3,1,1477311,1477311.0,1477311,1477311,1
244AvzGQ4Ksa5637JQu5Gy,76,76.0,76,76,1,7228235,7228235.0,7228235,7228235,1
7N1Vjtzr1lmmCW9iasQ8YO,72,72.0,72,72,1,2415439,2415439.0,2415439,2415439,1
5sFDReWLrZHLFZFjHsjUTS,77,77.0,77,77,1,6243211,6243211.0,6243211,6243211,1
4ljqKsDyZzicNpBIMvDaZ5,6,6.0,6,6,1,119,119.0,119,119,1
5ZLUm9eab8y3tqQ1OhQSHI,81,81.0,81,81,1,42256604,4.2256604E7,42256604,42256604,1
5TFD2bmFKGhoCRbX61nXY5,89,89.0,89,89,1,102571645,1.02571645E8,102571645,102571645,1
0FrhRZFctEfmdSBVCKrsvA,43,43.0,43,43,1,4171,4171.0,4171,4171,1
1sHRnn8zuTMusee3ahseXC,48,48.0,48,48,1,26564677,2.6564677E7,26564677,26564677,1
0W2Qjv8DW7km6LHtiqNNub,46,46.0,46,46,1,135959,135959.0,135959,135959,1
73RbfOTJIjHzi2pcVHjeHM,72,72.0,72,72,1,3229233,3229233.0,3229233,3229233,1
3k3NWokhRRkEPhCzPmV8TW,82,82.0,82,82,1,102536542,1.02536542E8,102536542,102536542,1
5EioJrDfnqs6OiCTRxSGn1,40,40.0,40,40,1,132370,132370.0,132370,132370,1
6Xgq7MvZiet0hVi3KaDSgJ,66,66.0,66,66,1,85034636,8.5034636E7,85034636,85034636,1
02MWAaffLxlfxAUY7c5dvx,9,9.0,9,9,1,4568462,4568462.0,4568462,4568462,1
14CF8uYWS5hV0Qvy5GAFqU,46,46.0,46,46,1,2177447,2177447.0,2177447,2177447,1
0DrFTaAX2srXPkuag35djb,59,59.0,59,59,1,10238134,1.0238134E7,10238134,10238134,1
5B6Kjha6RRIMWGN7zGsAaT,62,62.0,62,62,1,650534,650534.0,650534,650534,1
1HRTFytvp1Bs50ckTlL5qs,52,52.0,52,52,1,8763286,8763286.0,8763286,8763286,1
5CX4rQiuGCP7Vi8U0bbcLj,41,41.0,41,41,1,79354,79354.0,79354,79354,1
4vrsodmVqmZ0OvK6ZJTj2r,37,37.0,37,37,1,79354,79354.0,79354,79354,1
6GqYyrBzHkrE8PJCO6nPId,36,36.0,36,36,1,12270,12270.0,12270,12270,1
0YammaEkYSeo9vQYZ1OwS6,66,66.0,66,66,1,27143729,2.7143729E7,27143729,27143729,1
37nOpaUof3d4Xsmr6moAiI,61,61.0,61,61,1,81181104,8.1181104E7,81181104,81181104,1
60nwvOMLA1uzLHz3CLp4Na,57,57.0,57,57,1,81197976,8.1197976E7,81197976,81197976,1
6X7qcg95CAeJpTjtg1wooM,59,59.0,59,59,1,118728633,1.18728633E8,118728633,118728633,1
7KXjTSCq5nL1LoYtL7XAwS,83,83.0,83,83,1,44577310,4.457731E7,44577310,44577310,1
6p8NuHm8uCGnn2Dtbtf7zE,2,2.0,2,2,1,14638268,1.4638268E7,14638268,14638268,1
4hKjf6WzclkfNr6nGN1xir,0,0.0,0,0,1,435367,435367.0,435367,435367,1
0JBq4P9Jpp37F1PteCgGL1,71,71.0,71,71,1,85034636,8.5034636E7,85034636,85034636,1
6kWZ678CujB8vZnPf1eg4k,54,54.0,54,54,1,9661696,9661696.0,9661696,9661696,1
3911Bzzv8FHgbitJzXFjxh,47,47.0,47,47,1,453184,453184.0,453184,453184,1
4M0kHvIiP2CwSxPyOlgKa4,0,0.0,0,0,1,241512,241512.0,241512,241512,1
4VSg5K1hnbmIg4PwRdY6wV,67,67.0,67,67,1,51773650,5.177365E7,51773650,51773650,1
3WDxRCrCyN3yPhjxxkqEAL,29,29.0,29,29,1,1525,1525.0,1525,1525,1
3HoGF4zDfQOkNQnUY6W2nH,64,64.0,64,64,1,939937,939937.0,939937,939937,1
7wwAryWQXStWRitGA677n2,35,35.0,35,35,1,21606569,2.1606569E7,21606569,21606569,1
3WOWPWXE4h0rDIwGZ06yo1,45,45.0,45,45,1,112995439,1.12995439E8,112995439,112995439,1
5rQx4Rhe1gey7FJSO5F4aV,48,48.0,48,48,1,9779,9779.0,9779,9779,1
1nAGuIZXz6vb8XW0xiMqic,62,62.0,62,62,1,13708054,1.3708054E7,13708054,13708054,1
4DvhkX2ic4zWkQeWMwQ2qf,71,71.0,71,71,1,1105453,1105453.0,1105453,1105453,1
1IFME3mAnOYVDv4I2gMUyd,44,44.0,44,44,1,350647,350647.0,350647,350647,1
4iPkafvcL6CeyAcsvZERCk,31,31.0,31,31,1,808426,808426.0,808426,808426,1
3mrBz3KhzEIB8ZV7Pxt1Y7,26,26.0,26,26,1,9661696,9661696.0,9661696,9661696,1
5M67k54BVUDADZPryaqV1y,51,51.0,51,51,1,3641378,3641378.0,3641378,3641378,1
6HvUYS1xDfTCGWoeVrv3XS,64,64.0,64,64,1,9290142,9290142.0,9290142,9290142,1
4y1LsJpmMti1PfRQV9AWWe,81,81.0,81,81,1,3279441,3279441.0,3279441,3279441,1
1jgTiNob5cVyXeJ3WgX5bL,95,95.0,95,95,1,145489371,1.45489371E8,145489371,145489371,1
1eLfsiFKFVpvPXi1IFSZGO,50,50.0,50,50,1,7071,7071.0,7071,7071,1
47mNWUCgJoXqVWb3UZytVa,61,61.0,61,61,1,26278854,2.6278854E7,26278854,26278854,1
3bg2qahpZmsg5wV2EMPXIk,73,73.0,73,73,1,27141717,2.7141717E7,27141717,27141717,1
1mh9eHVRdNhzryG43PXdW1,72,72.0,72,72,1,734468,734468.0,734468,734468,1
4boa7Bv0VijpxoP1SHjjUb,62,62.0,62,62,1,1133411,1133411.0,1133411,1133411,1
3w0w2T288dec0mgeZZqoNN,10,10.0,10,10,1,1042697,1042697.0,1042697,1042697,1
5mHdCZtVyb4DcJw8799hZp,82,82.0,82,82,1,2848210,2848210.0,2848210,2848210,1
4EpdhdsbhHQ3CXXuqqwHyQ,41,41.0,41,41,1,855,855.0,855,855,1
5lfWrciYtohtIMVDVZd0Rf,56,56.0,56,56,1,23079295,2.3079295E7,23079295,23079295,1
28VbwtsYnj85UEODGpQRem,71,71.0,71,71,1,41268567,4.1268567E7,41268567,41268567,1
5aXfGM7WVcqyAvqnL7k0y3,54,54.0,54,54,1,925156,925156.0,925156,925156,1
4VZoV9VDa9fbAu9bLNjJL3,38,38.0,38,38,1,28688,28688.0,28688,28688,1
58AGoOGbwsQMhBbH0eFLRR,61,61.0,61,61,1,23079295,2.3079295E7,23079295,23079295,1
24Yi9hE78yPEbZ4kxyoXAI,74,74.0,74,74,1,1153696,1153696.0,1153696,1153696,1
3j84U36KvLeXNDPv4t5pI8,72,72.0,72,72,1,1930877,1930877.0,1930877,1930877,1
7lztvN7UHRDsMEf8ooKvUS,43,43.0,43,43,1,4307803,4307803.0,4307803,4307803,1
4LhsCztJuhHs6ttZ4ovDnw,0,0.0,0,0,1,3178420,3178420.0,3178420,3178420,1
6MiVIH3fQlmz44jGx2DXn4,73,73.0,73,73,1,2177177,2177177.0,2177177,2177177,1
6b8Be6ljOzmkOmFslEb23P,82,82.0,82,82,1,75455093,7.5455093E7,75455093,75455093,1
7xrwGUa11hnnxXWeTIzcHf,55,55.0,55,55,1,21606569,2.1606569E7,21606569,21606569,1
1WoOzgvz6CgH4pX6a1RKGp,68,68.0,68,68,1,5124577,5124577.0,5124577,5124577,1
5tboOJRaDXguK24o6toLaj,42,42.0,42,42,1,90075,90075.0,90075,90075,1
5tmhUzJuP7XwqCHglyqnt8,52,52.0,52,52,1,90200,90200.0,90200,90200,1
2sNvitW3TxiTeC9xT9f2ZZ,3,3.0,3,3,1,8669911,8669911.0,8669911,8669911,1
18hNqyuWDWmnr0NixQHIos,24,24.0,24,24,1,39777995,3.9777995E7,39777995,39777995,1
70ADPhE824gKn38CPHgiDg,23,23.0,23,23,1,39777995,3.9777995E7,39777995,39777995,1
5sAlmL7Qp9N9BJTADkwEt9,1,1.0,1,1,1,13753493,1.3753493E7,13753493,13753493,1
5SzoFexynLVceTLggJTZZM,52,52.0,52,52,1,51773650,5.177365E7,51773650,51773650,1
0PERS23jNsjcjBywXLvpyc,0,0.0,0,0,1,967069,967069.0,967069,967069,1
3qMzMevt0NQalOoAK7StTs,33,33.0,33,33,1,19717,19717.0,19717,19717,1
7L2YlrpcKhqeYZQDDD2AYR,49,49.0,49,49,1,132037,132037.0,132037,132037,1
0uNMe6UEqe9uGazPgUGnLD,57,57.0,57,57,1,42256604,4.2256604E7,42256604,42256604,1
3YGeslcTrYW0YZJ5twaejA,6,6.0,6,6,1,63294,63294.0,63294,63294,1
18lR4BzEs7e3qzc0KVkTpU,84,84.0,84,84,1,31796892,3.1796892E7,31796892,31796892,1
7bSC1LGg4kB0oltSx2E2eA,42,42.0,42,42,1,4971141,4971141.0,4971141,4971141,1
22yxHt6UqZpH7tP6W4PooI,61,61.0,61,61,1,350647,350647.0,350647,350647,1
6RvBZAJ01rJO90eLq8m3NT,30,30.0,30,30,1,23384088,2.3384088E7,23384088,23384088,1
54eZmuggBFJbV7k248bTTt,81,81.0,81,81,1,2065190,2065190.0,2065190,2065190,1
7bxIw20q3peJdxKAC3VYgC,39,39.0,39,39,1,10987,10987.0,10987,10987,1
5B3GZOZYXNzWpUXQC42hxZ,84,84.0,84,84,1,26559943,2.6559943E7,26559943,26559943,1
2R0UTPkgJFKpcZC8vhoHZl,49,49.0,49,49,1,3893,3893.0,3893,3893,1
71BQG6SlpeXpdx7PJaFNnB,65,65.0,65,65,1,115232,115232.0,115232,115232,1
2nRYdAZpfHZ4TngoMZiRfr,40,40.0,40,40,1,74067,74067.0,74067,74067,1
5ZoXZbzob3CSAxVxzRcTOb,45,45.0,45,45,1,8682,8682.0,8682,8682,1
2fQwoYSzWzChmIB2zZwrGL,68,68.0,68,68,1,771688,771688.0,771688,771688,1
0QoRQA5R7xu5sY77fZ7QaK,63,63.0,63,63,1,15695162,1.5695162E7,15695162,15695162,1
6120ohdsA4O8TVLx7SBd90,15,15.0,15,15,1,553964,553964.0,553964,553964,1
5chnRTB9qMK3W1M41SnU9s,66,66.0,66,66,1,145396321,1.45396321E8,145396321,145396321,1
51hyZpbJlIgZIaX3TtMxmu,83,83.0,83,83,1,9256589,9256589.0,9256589,9256589,1
7vOmSP2647oNUGGEhWd1cr,72,72.0,72,72,1,616853,616853.0,616853,616853,1
75EIDyYc0excxUOzold15R,61,61.0,61,61,1,2570848,2570848.0,2570848,2570848,1
7EYOUUPVKKnJ1ZC05KvQit,47,47.0,47,47,1,55191,55191.0,55191,55191,1
4p16E9c9Ig6xFMGS3Y82mT,46,46.0,46,46,1,441801,441801.0,441801,441801,1
4h4Em3iM0Vp45KD7b5wW3Z,53,53.0,53,53,1,26106,26106.0,26106,26106,1
7vuqyEt5hBBxSuakZBZLiK,55,55.0,55,55,1,26095,26095.0,26095,26095,1
2zpZkOV7sD9C4Cv0cukoHV,0,0.0,0,0,1,1626341,1626341.0,1626341,1626341,1
7wvo89jxI2T4coy9yIvZWM,55,55.0,55,55,1,1204977,1204977.0,1204977,1204977,1
4FeP0Abj8U7gwYpoFYXplw,0,0.0,0,0,1,1272,1272.0,1272,1272,1
2cvOfKHOHgwQlLiuLKP2xR,58,58.0,58,58,1,47716988,4.7716988E7,47716988,47716988,1
4LNzGPBRSsil7KtXkUdrfH,48,48.0,48,48,1,57702,57702.0,57702,57702,1
1OArWxrw689jZXaJzSErbh,53,53.0,53,53,1,1826080,1826080.0,1826080,1826080,1
00B7TZ0Xawar6NZ00JFomN,50,50.0,50,50,1,25953771,2.5953771E7,25953771,25953771,1
6KBYefIoo7KydImq1uUQlL,72,72.0,72,72,1,25956015,2.5956015E7,25956015,25956015,1
3rJDsZjIaCfJQSqRUvl0BM,70,70.0,70,70,1,3006253,3006253.0,3006253,3006253,1
2Kerz9H9IejzeIpjhDJoYG,67,67.0,67,67,1,51847587,5.1847587E7,51847587,51847587,1
0VhgEqMTNZwYL1ARDLLNCX,79,79.0,79,79,1,20852039,2.0852039E7,20852039,20852039,1
31L9yLXSj6LpCFupyMV6CR,66,66.0,66,66,1,60830643,6.0830643E7,60830643,60830643,1
3SKzTIl9mW0DadTys9SFo3,70,70.0,70,70,1,22396044,2.2396044E7,22396044,22396044,1
3fqwjXwUGN6vbzIwvyFMhx,84,84.0,84,84,1,9020741,9020741.0,9020741,9020741,1
26SzctPrO5Km59OHWst3rb,54,54.0,54,54,1,21614916,2.1614916E7,21614916,21614916,1
4fnBNNoBiRqDgTTk3ZQo3E,63,63.0,63,63,1,10540190,1.054019E7,10540190,10540190,1
09GsnPL0m4AzzvWqclt9R7,42,42.0,42,42,1,218901,218901.0,218901,218901,1
7hiY7fVxa0LEUeUP4F4ReR,57,57.0,57,57,1,926140,926140.0,926140,926140,1
5FVd6KXrgO9B3JPmC8OPst,86,86.0,86,86,1,32059138,3.2059138E7,32059138,32059138,1
2wAJTrFhCnQyNSD3oUgTZO,79,79.0,79,79,1,27069939,2.7069939E7,27069939,27069939,1
7IxiJEqnqql7SXFukFvCnO,34,34.0,34,34,1,38400585,3.8400585E7,38400585,38400585,1
0GLfodYacy3BJE7AI3A8en,57,57.0,57,57,1,68997177,6.8997177E7,68997177,68997177,1
42x2s9Uuu5fpd9PyPc4jzF,51,51.0,51,51,1,112003,112003.0,112003,112003,1
1eOHw1k2AoluG4VyjBHLzX,2,2.0,2,2,1,615439,615439.0,615439,615439,1
5GVNxY3Q7VTgxBJZcBGyYW,20,20.0,20,20,1,1441836,1441836.0,1441836,1441836,1
4sLtmtKMmA5iCIa90tWhSe,51,51.0,51,51,1,1605379,1605379.0,1605379,1605379,1
7mS8RbJji2UZAaguRGsOCH,60,60.0,60,60,1,17761102,1.7761102E7,17761102,17761102,1
1AdYZ6X00nXmO613Y7GJOl,69,69.0,69,69,1,9290142,9290142.0,9290142,9290142,1
6rUp7v3l8yC4TKxAAR5Bmx,73,73.0,73,73,1,7300288,7300288.0,7300288,7300288,1
1L1V1XIJJUhGCKXbQaIEkv,29,29.0,29,29,1,16040003,1.6040003E7,16040003,16040003,1
6sGIMrtIzQjdzNndVxe397,90,90.0,90,90,1,1499215,1499215.0,1499215,1499215,1
2t9NPxWJOyncGxWlmf69xQ,40,40.0,40,40,1,114,114.0,114,114,1
3XbsJyWT7pwLh8XUr2fSOV,0,0.0,0,0,1,0,0.0,0,0,1
3QaPy1KgI7nu9FJEQUgn6h,92,92.0,92,92,1,118692183,1.18692183E8,118692183,118692183,1
3r96oniuNKeciRpvF3GwHn,52,52.0,52,52,1,18834,18834.0,18834,18834,1
2fJcCZXjaPx86LQymV6Ufu,66,66.0,66,66,1,146812,146812.0,146812,146812,1
2x2olWuWXpqjoeE4bO1NFS,71,71.0,71,71,1,1567636,1567636.0,1567636,1567636,1
3XqM8hLCEYlbnFjoWwqtFv,77,77.0,77,77,1,28327351,2.8327351E7,28327351,28327351,1
7iQXYTyuG13aoeHxGG28Nh,82,82.0,82,82,1,102571645,1.02571645E8,102571645,102571645,1
26QLJMK8G0M06sk7h7Fkse,73,73.0,73,73,1,49067177,4.9067177E7,49067177,49067177,1
37CoOXIsgF3NzbK1zHZetk,62,62.0,62,62,1,2223332,2223332.0,2223332,2223332,1
3u9PAti8muEXXvEjeFpQK0,63,63.0,63,63,1,24420596,2.4420596E7,24420596,24420596,1
09rAJ1Q1NNJSaUKEW3X9P6,65,65.0,65,65,1,802580,802580.0,802580,802580,1
2SiAcexM2p1yX6joESbehd,62,62.0,62,62,1,8605316,8605316.0,8605316,8605316,1
5wG3HvLhF6Y5KTGlK0IW3J,82,82.0,82,82,1,11683338,1.1683338E7,11683338,11683338,1
0jvo9CjnbR0lYUDTSNTMiu,59,59.0,59,59,1,145443567,1.45443567E8,145443567,145443567,1
0vbp3qthXlRVsLXTbPrkX1,62,62.0,62,62,1,211032,211032.0,211032,211032,1
2qLyo5FeWquE7HBUbcVnEy,68,68.0,68,68,1,26516295,2.6516295E7,26516295,26516295,1
35TyJIMR3xRouUuo2sjS6v,66,66.0,66,66,1,34133561,3.4133561E7,34133561,34133561,1
3dl8bSF08LQfCf4T6CCksf,64,64.0,64,64,1,15026799,1.5026799E7,15026799,15026799,1
08bklULvFx9PF8X7o07fsa,31,31.0,31,31,1,41374,41374.0,41374,41374,1
3WGJSY8JaGliVIJyMig5aS,55,55.0,55,55,1,6322030,6322030.0,6322030,6322030,1
0Oqc0kKFsQ6MhFOLBNZIGX,76,76.0,76,76,1,51821190,5.182119E7,51821190,51821190,1
1zRdhBRqRnMSLkZTODa5OL,40,40.0,40,40,1,325011,325011.0,325011,325011,1
0uI7yAKUf52Cn7y3sYyjiX,73,73.0,73,73,1,2222327,2222327.0,2222327,2222327,1
2cOUlop2ZakjOKe4WinesN,71,71.0,71,71,1,10238134,1.0238134E7,10238134,10238134,1
2lFtnEmkIPm2ClN55e2chV,58,58.0,58,58,1,3315988,3315988.0,3315988,3315988,1
5v4sZRuvWDcisoOk1PFv6T,63,63.0,63,63,1,122773292,1.22773292E8,122773292,122773292,1
4cnjW83kyOTjcEvSbKzy8N,26,26.0,26,26,1,39183,39183.0,39183,39183,1
6LoQHIo74tOzQ8EsLEkhgF,70,70.0,70,70,1,53260584,5.3260584E7,53260584,53260584,1
2tpWsVSb9UEmDRxAl1zhX1,87,87.0,87,87,1,18703625,1.8703625E7,18703625,18703625,1
5jYWHIVImvYbQS1wf38wDP,67,67.0,67,67,1,7053393,7053393.0,7053393,7053393,1
4jBfUB4kQJCWOrjGLQqhO0,76,76.0,76,76,1,112957721,1.12957721E8,112957721,112957721,1
0laYHRpNTS6i8FXdupHkJ4,82,82.0,82,82,1,10381965,1.0381965E7,10381965,10381965,1
3DamFFqW32WihKkTVlwTYQ,78,78.0,78,78,1,2503055,2503055.0,2503055,2503055,1
6qfba0w04MpxEIJBbu2bX0,47,47.0,47,47,1,267791,267791.0,267791,267791,1
08IA5pdUxV881M3pFBKepS,49,49.0,49,49,1,97014,97014.0,97014,97014,1
0jQ4Nb9ylfUheLP9EOpOFk,57,57.0,57,57,1,694334,694334.0,694334,694334,1
3oW6SWwGqiZSPTiAp7ZQoH,72,72.0,72,72,1,1625403,1625403.0,1625403,1625403,1
0uhYgQQ6WX9rCONnum7Fmw,61,61.0,61,61,1,1800092,1800092.0,1800092,1800092,1
1PtQJZVZIdWIYdARpZRDFO,82,82.0,82,82,1,2516750,2516750.0,2516750,2516750,1
4GDmAT5ZZyHdBo32UYDIvM,43,43.0,43,43,1,793378,793378.0,793378,793378,1
6sYdf0d7IaX848f5UChyij,45,45.0,45,45,1,127294,127294.0,127294,127294,1
44NbFZ0gEZ4U0LMMsHWyb3,3,3.0,3,3,1,177,177.0,177,177,1
1qhJ837K8NNuB7ryP592uy,43,43.0,43,43,1,2650667,2650667.0,2650667,2650667,1
4uyBm26e7ElRigCH6vRbpc,72,72.0,72,72,1,85008100,8.50081E7,85008100,85008100,1
7ECKgwt5Wa9a5WLvFJrW2q,21,21.0,21,21,1,46,46.0,46,46,1
7m5BDzqeDATCgWXFnDIs2l,41,41.0,41,41,1,11036,11036.0,11036,11036,1
3iRoXGFrF8O0jTul6LAmus,77,77.0,77,77,1,330171,330171.0,330171,330171,1
7iFw1GrPSKTP7V8wr2HL7O,42,42.0,42,42,1,19349,19349.0,19349,19349,1
7GGgftep0Q8TZzL07qhPbc,52,52.0,52,52,1,26114,26114.0,26114,26114,1
1LCm0lFnEsxR2oPqyHLGX9,60,60.0,60,60,1,41180800,4.11808E7,41180800,41180800,1
31MQR9rOHRXyg4J01hRY1h,0,0.0,0,0,1,2131649,2131649.0,2131649,2131649,1
61Emqg95O9zo1GNOcyxq4Y,61,61.0,61,61,1,5207169,5207169.0,5207169,5207169,1
46RNrAkGsqWTDrv2ZPOAbx,69,69.0,69,69,1,3007142,3007142.0,3007142,3007142,1
6lkIxqlCsnY3EW6ZobZbXi,51,51.0,51,51,1,400624,400624.0,400624,400624,1
5HaKAODFS4Md49bVyYSp1y,36,36.0,36,36,1,152941,152941.0,152941,152941,1
1ugQtcwmKOXvKAYzhjncmv,76,76.0,76,76,1,4156314,4156314.0,4156314,4156314,1
0RFxljd297sk7sKm5ZDD5J,49,49.0,49,49,1,81189603,8.1189603E7,81189603,81189603,1
5OCJzvD7sykQEKHH7qAC3C,77,77.0,77,77,1,107389514,1.07389514E8,107389514,107389514,1
3ee8Jmje8o58CHK66QrVC2,79,79.0,79,79,1,51719064,5.1719064E7,51719064,51719064,1
3rf9vbMO0vuhtB3CDHTjsO,49,49.0,49,49,1,8493078,8493078.0,8493078,8493078,1
4DPcp6xS12dhajIzkWiea6,40,40.0,40,40,1,1373052,1373052.0,1373052,1373052,1
40XwcZVS7Oh7VvBuOWrgkk,48,48.0,48,48,1,25563,25563.0,25563,25563,1
3A7qX2QjDlPnazUsRk5y0M,63,63.0,63,63,1,27139342,2.7139342E7,27139342,27139342,1
7mldq42yDuxiUNn08nvzHO,66,66.0,66,66,1,2473426,2473426.0,2473426,2473426,1
6gBFPUFcJLzWGx4lenP6h2,84,84.0,84,84,1,41131037,4.1131037E7,41131037,41131037,1
7zQA4eKmteefDP77okHvLx,35,35.0,35,35,1,4694955,4694955.0,4694955,4694955,1
1ZQfdBUXnDqV8FCORKYUG7,38,38.0,38,38,1,24104,24104.0,24104,24104,1
5fsQSDifYpjfbCqvZKPVBj,64,64.0,64,64,1,10246609,1.0246609E7,10246609,10246609,1
4PhsKqMdgMEUSstTDAmMpg,80,80.0,80,80,1,112918137,1.12918137E8,112918137,112918137,1
3YUhUU3UPxxxpcy1yxuV0j,0,0.0,0,0,1,45700057,4.5700057E7,45700057,45700057,1
41Fflg7qHiVOD6dEPvsCzO,77,77.0,77,77,1,16220530,1.622053E7,16220530,16220530,1
273dCMFseLcVsoSWx59IoE,65,65.0,65,65,1,145396321,1.45396321E8,145396321,145396321,1
5WgGPuQUIAtGOOI1SGUWCx,0,0.0,0,0,1,241512,241512.0,241512,241512,1
6nXg1MGz3OiK17xyYrea2Z,36,36.0,36,36,1,21591569,2.1591569E7,21591569,21591569,1
7cNz65PfCatRXoX7QtqM2A,67,67.0,67,67,1,51773650,5.177365E7,51773650,51773650,1
3WD91HQDBIavSapet3ZpjG,73,73.0,73,73,1,51773650,5.177365E7,51773650,51773650,1
6pj9JkwBA6VzYdLXvaJkPh,63,63.0,63,63,1,65353,65353.0,65353,65353,1
46aZJc0z1HHHSFxaIRxYSP,87,87.0,87,87,1,68997177,6.8997177E7,68997177,68997177,1
03EnOL1O9EKi9CFNmPyrCm,2,2.0,2,2,1,4781161,4781161.0,4781161,4781161,1
7GaFYUqP2WdR4KTPk7cXoP,75,75.0,75,75,1,3993013,3993013.0,3993013,3993013,1
5zNf8MI40Us66R3zutaxvt,58,58.0,58,58,1,3579741,3579741.0,3579741,3579741,1
3Z9PJ6xiEGmcqo2hESEB5n,1,1.0,1,1,1,2737757,2737757.0,2737757,2737757,1
3SHZFceclOHREMcgZJERnf,31,31.0,31,31,1,3260,3260.0,3260,3260,1
0rZdOyJG891IkhfI8jA9K0,26,26.0,26,26,1,198190,198190.0,198190,198190,1
7zE6sykTrQkXMaiZTZJSFJ,47,47.0,47,47,1,4294346,4294346.0,4294346,4294346,1
1XkRprkVY9ntVC7KzHrlaZ,48,48.0,48,48,1,425177,425177.0,425177,425177,1
4PazDqTv3SUmxs3Dm6VxUr,62,62.0,62,62,1,68465,68465.0,68465,68465,1
4b1bX5IIemRlU1FA5CtSWP,1,1.0,1,1,1,391213,391213.0,391213,391213,1
5wANPM4fQCJwkGd4rN57mH,85,85.0,85,85,1,49050008,4.9050008E7,49050008,49050008,1
3yOlyBJuViE2YSGn3nVE1K,75,75.0,75,75,1,35582423,3.5582423E7,35582423,35582423,1
6gH2V6XzhDXfTqml6c2w4Z,58,58.0,58,58,1,1393110,1393110.0,1393110,1393110,1
0blUx9xrqGMOo9ZZnNq3b3,21,21.0,21,21,1,1948341,1948341.0,1948341,1948341,1
0POuQCMT4zyRzB2MjbzVaI,37,37.0,37,37,1,644838,644838.0,644838,644838,1
340UVheS8z3ncW9TTUhAbc,2,2.0,2,2,1,22396044,2.2396044E7,22396044,22396044,1
4e4fqjx0Izh4svvTef1z7e,70,70.0,70,70,1,9837715,9837715.0,9837715,9837715,1
4QtiVmuA88tPQiCOHZuQ5b,63,63.0,63,63,1,3148347,3148347.0,3148347,3148347,1
76cy1WJvNGJTj78UqeA5zr,78,78.0,78,78,1,46886554,4.6886554E7,46886554,46886554,1
7floNISpH8VF4z4459Qo18,76,76.0,76,76,1,51719064,5.1719064E7,51719064,51719064,1
0ifooM33X1iBxVYyOkSbXW,63,63.0,63,63,1,112918137,1.12918137E8,112918137,112918137,1
6zpKGbMpKcFb8TLRzc0EQH,0,0.0,0,0,1,435368,435368.0,435368,435368,1
43PuMrRfbyyuz4QpZ3oAwN,78,78.0,78,78,1,10564033,1.0564033E7,10564033,10564033,1
1pWK2V6wstJKg5i8asqIJu,24,24.0,24,24,1,3482109,3482109.0,3482109,3482109,1
08AftJaF5QUDs4XJMpO6sy,0,0.0,0,0,1,14768,14768.0,14768,14768,1
75u9uswC5UMdtv4SQ3xSYf,71,71.0,71,71,1,34293318,3.4293318E7,34293318,34293318,1
1CS7Sd1u5tWkstBhpssyjP,79,79.0,79,79,1,9112977,9112977.0,9112977,9112977,1
66H6yPBRgyKx2VMp9FNy7l,0,0.0,0,0,1,241512,241512.0,241512,241512,1
7ioiB40H9xKs04QtIso2I3,64,64.0,64,64,1,128961,128961.0,128961,128961,1
48RrDBpOSSl1aLVCalGl5C,81,81.0,81,81,1,104517308,1.04517308E8,104517308,104517308,1
6ce41JVa6KFaryfmC2bu2W,64,64.0,64,64,1,145489371,1.45489371E8,145489371,145489371,1
1QNqrsNQ1JVLEwncov3lEY,66,66.0,66,66,1,18205037,1.8205037E7,18205037,18205037,1
4yVPaA6DOfwbqZIQNv4G5U,57,57.0,57,57,1,40270893,4.0270893E7,40270893,40270893,1
2t3BqduzpMJVMo5cceBLQY,36,36.0,36,36,1,38385499,3.8385499E7,38385499,38385499,1
6pymOcrCnMuCWdgGVTvUgP,61,61.0,61,61,1,17755451,1.7755451E7,17755451,17755451,1
3OT3Kg4jyVkdZm4Ncz6JgX,0,0.0,0,0,1,42237551,4.2237551E7,42237551,42237551,1
3lPr8ghNDBLc2uZovNyLs9,81,81.0,81,81,1,8466090,8466090.0,8466090,8466090,1
0HJRAM7Gt9jXskuXjZeFX3,56,56.0,56,56,1,17327094,1.7327094E7,17327094,17327094,1
5epx5YtoMbV0GrL9qx9kVY,51,51.0,51,51,1,17766757,1.7766757E7,17766757,17766757,1
48UPSzbZjgc449aqz8bxox,84,84.0,84,84,1,23218829,2.3218829E7,23218829,23218829,1
2sPUMVRLMSHWdqJHzmZaLC,44,44.0,44,44,1,23384088,2.3384088E7,23384088,23384088,1
2gSNBigeWMVtY3QBIvPAEc,72,72.0,72,72,1,37462708,3.7462708E7,37462708,37462708,1
2TxCwUlqaOH3TIyJqGgR91,78,78.0,78,78,1,14884765,1.4884765E7,14884765,14884765,1
5DwcKHWuKpR3BIDTqe9hkn,43,43.0,43,43,1,131000,131000.0,131000,131000,1
1jVMR9A0OYA8nFynsTnQsx,32,32.0,32,32,1,5344,5344.0,5344,5344,1
01Fsn1fOVtC90pQatV6OqE,17,17.0,17,17,1,3,3.0,3,3,1
255b0ogmKeKJSb36lgKng5,49,49.0,49,49,1,8802,8802.0,8802,8802,1
4tVVmShMF2PYdLqcejrsy2,84,84.0,84,84,1,26559943,2.6559943E7,26559943,26559943,1
1PdUyYYw9sGU0yhLrpeHKt,83,83.0,83,83,1,26516295,2.6516295E7,26516295,26516295,1
6ghDayhHeBXAP4OOnnrFW9,78,78.0,78,78,1,10541250,1.054125E7,10541250,10541250,1
6onHlKPSaazIBBk1yoTbxu,38,38.0,38,38,1,7366,7366.0,7366,7366,1
5wABKK13OJbFFFvJZyVf5V,54,54.0,54,54,1,1874,1874.0,1874,1874,1
7DY756WOLyOz2Xnhw4EFiC,84,84.0,84,84,1,112918137,1.12918137E8,112918137,112918137,1
5hdk8xva1LqTDEgs3yLdRH,61,61.0,61,61,1,87184,87184.0,87184,87184,1
4mxeq2iF8kStwAgjxsAiH3,31,31.0,31,31,1,637,637.0,637,637,1
7J0N8YDjfrlEPJo2ZzGjYG,42,42.0,42,42,1,10888670,1.088867E7,10888670,10888670,1
23r4WNoHCVaLypbxeHMu8p,0,0.0,0,0,1,35428,35428.0,35428,35428,1
1ODFVLQszq0hCOdZtqV5wq,72,72.0,72,72,1,102536542,1.02536542E8,102536542,102536542,1
3iBgrkexCzVuPy4O9vx7Mf,80,80.0,80,80,1,6529086,6529086.0,6529086,6529086,1
5qpXZ45eZA3VX3qe76tmqh,65,65.0,65,65,1,27085,27085.0,27085,27085,1
7cm50Lw03k6VvRauJtkyTj,64,64.0,64,64,1,145396321,1.45396321E8,145396321,145396321,1
5nexAvWNhwg51EavnDgViy,66,66.0,66,66,1,8661889,8661889.0,8661889,8661889,1
7ce20yLkzuXXLUhzIDoZih,68,68.0,68,68,1,14039018,1.4039018E7,14039018,14039018,1
7wak9OT6C6DXvkuXG8aBcK,37,37.0,37,37,1,14693,14693.0,14693,14693,1
5WHTFyqSii0lmT9R21abT8,71,71.0,71,71,1,2041565,2041565.0,2041565,2041565,1
7tGEAA1f8MydT7eVbbO9Zy,61,61.0,61,61,1,118692183,1.18692183E8,118692183,118692183,1
0X8qBbOo055El8ba1FRkIL,33,33.0,33,33,1,264497,264497.0,264497,264497,1
3ivJue8PxtUASeXsFpKhpH,26,26.0,26,26,1,2118629,2118629.0,2118629,2118629,1
41zXlQxzTi6cGAjpOXyLYH,78,78.0,78,78,1,118692183,1.18692183E8,118692183,118692183,1
6bZuZKR8hoyzZXNh1IW2Bu,76,76.0,76,76,1,286274,286274.0,286274,286274,1
1F6IbA7di42uPc3cff8PXV,40,40.0,40,40,1,6602735,6602735.0,6602735,6602735,1
4isCUHcZJs0o8niODly6qc,42,42.0,42,42,1,46895665,4.6895665E7,46895665,46895665,1
1wjzFQodRWrPcQ0AnYnvQ9,2,2.0,2,2,1,6815446,6815446.0,6815446,6815446,1
2RttW7RAu5nOAfq6YFvApB,75,75.0,75,75,1,122773292,1.22773292E8,122773292,122773292,1
5gDWsRxpJ2lZAffh5p7K0w,79,79.0,79,79,1,112918137,1.12918137E8,112918137,112918137,1
24XtnTroMCHL4FWUCODicV,37,37.0,37,37,1,4697897,4697897.0,4697897,4697897,1
03L2AoiRbWhvt7BDMx1jUB,65,65.0,65,65,1,103039388,1.03039388E8,103039388,103039388,1
5dPy1CCYQ04xaQHpajf5CY,68,68.0,68,68,1,309981,309981.0,309981,309981,1
3bnVBN67NBEzedqQuWrpP4,74,74.0,74,74,1,25759662,2.5759662E7,25759662,25759662,1
7awwmuGslmuyhnlpFipDqk,49,49.0,49,49,1,122773292,1.22773292E8,122773292,122773292,1
7dZRDDJt0a2FqgEeFcunY7,46,46.0,46,46,1,2565362,2565362.0,2565362,2565362,1
2Jok5Npfn0LOIHw3GYMim0,35,35.0,35,35,1,32152,32152.0,32152,32152,1
3fVnlF4pGqWI9flVENcT28,74,74.0,74,74,1,145443567,1.45443567E8,145443567,145443567,1
2FV7Exjr70J652JcGucCtE,1,1.0,1,1,1,1406762,1406762.0,1406762,1406762,1
0dErnwCOJio6gkYfzPUfSa,39,39.0,39,39,1,171819,171819.0,171819,171819,1
6kISMRfweKSvgHR0urMQFG,58,58.0,58,58,1,145396321,1.45396321E8,145396321,145396321,1
5xhQChGGhKLWqBqX4XhtYE,5,5.0,5,5,1,2060831,2060831.0,2060831,2060831,1
2rDwdvBma1O1eLzo29p2cr,61,61.0,61,61,1,1638163,1638163.0,1638163,1638163,1
5JDcQAztvZTIkrWoZihgvC,63,63.0,63,63,1,248615,248615.0,248615,248615,1
3LF54Y7TxU5vy3YKAIfiQ4,55,55.0,55,55,1,1441836,1441836.0,1441836,1441836,1
33lkN3qvzZ52J5ub2OsDYs,52,52.0,52,52,1,3745808,3745808.0,3745808,3745808,1
0ZUo4YjG4saFnEJhdWp9Bt,76,76.0,76,76,1,6125781,6125781.0,6125781,6125781,1
0dRhSF9LV0HR8Jwd3MMMKJ,66,66.0,66,66,1,17755451,1.7755451E7,17755451,17755451,1
3vSn1frPgFcRXrjWOfhMLl,68,68.0,68,68,1,390130,390130.0,390130,390130,1
2vEjT4ggFNc8wQ8t0pkLKF,41,41.0,41,41,1,628407,628407.0,628407,628407,1
21j1PsCiTaO8ZW88UZrh3A,62,62.0,62,62,1,22721546,2.2721546E7,22721546,22721546,1
0Vy7wsXNFrbNc6UTWoScnM,8,8.0,8,8,1,18184,18184.0,18184,18184,1
23QgcrlHAz4f48jrcc0gVS,37,37.0,37,37,1,398681,398681.0,398681,398681,1
7wMnlYWFlogro7Xv2pgmUj,48,48.0,48,48,1,146969,146969.0,146969,146969,1
7bgYrlMU0S1wfNPPD4A91Z,48,48.0,48,48,1,1078897,1078897.0,1078897,1078897,1
6TSJjHRZrIKw3pAHbvdJXL,37,37.0,37,37,1,8658,8658.0,8658,8658,1
5njHkFji5oL7cYrbuHZyaC,55,55.0,55,55,1,31785695,3.1785695E7,31785695,31785695,1
4NXziaKXuKQAuuJ1Sjk5yA,50,50.0,50,50,1,9249502,9249502.0,9249502,9249502,1
265jHUE2zMARKwtIhkknsS,50,50.0,50,50,1,31785695,3.1785695E7,31785695,31785695,1
5BQ4FGvfzNpfjg2RHcc0Vs,23,23.0,23,23,1,26275803,2.6275803E7,26275803,26275803,1
0judK8TqYfvwUohBngUxrE,0,0.0,0,0,1,24451340,2.445134E7,24451340,24451340,1
0KzwaviUTiTsCr4YHJvymx,5,5.0,5,5,1,227929,227929.0,227929,227929,1
6qXGfKR1JHtH18PbT15k6F,59,59.0,59,59,1,61487,61487.0,61487,61487,1
2KReCz1L5XkGIBhDncQ5VZ,71,71.0,71,71,1,10638829,1.0638829E7,10638829,10638829,1
5v4GgrXPMghOnBBLmveLac,59,59.0,59,59,1,10888670,1.088867E7,10888670,10888670,1
4wNIkl5XGiAACjFBlDWuSd,70,70.0,70,70,1,7761676,7761676.0,7761676,7761676,1
06wMMYvmlT9pgJgIctB46Q,51,51.0,51,51,1,143740,143740.0,143740,143740,1
12OLyHDxt6dqlAybSPFBK3,71,71.0,71,71,1,14039018,1.4039018E7,14039018,14039018,1
7yFhA2fUsL2oIMWlw5DaHQ,66,66.0,66,66,1,888857,888857.0,888857,888857,1
0AZ6Tdl0UvOWTMngIffzDS,43,43.0,43,43,1,4308239,4308239.0,4308239,4308239,1
2Yl4OmDby9iitgNWZPwxkd,69,69.0,69,69,1,25957976,2.5957976E7,25957976,25957976,1
1VJwtWR6z7SpZRwipI12be,79,79.0,79,79,1,34742256,3.4742256E7,34742256,34742256,1
1FWsomP9StpCcXNWmJk8Cl,11,11.0,11,11,1,17380777,1.7380777E7,17380777,17380777,1
0hv8o1BAlQrFTVDLqYVGk9,43,43.0,43,43,1,18068,18068.0,18068,18068,1
5Qnrgqy1pAm9GyNQOgyVFz,78,78.0,78,78,1,2360290,2360290.0,2360290,2360290,1
3jVtllWS5CFFWLQng8sKsr,81,81.0,81,81,1,3083443,3083443.0,3083443,3083443,1
02pf9lLM8Nb8l4u4ts1GWb,0,0.0,0,0,1,3477960,3477960.0,3477960,3477960,1
6g6A7qNhTfUgOSH7ROOxTD,67,67.0,67,67,1,12460242,1.2460242E7,12460242,12460242,1
0Fs9cdPDhptWEDJmiCbkEW,73,73.0,73,73,1,27073781,2.7073781E7,27073781,27073781,1
0kXHpsg9SmpRqsQ4wQvQsK,55,55.0,55,55,1,113039308,1.13039308E8,113039308,113039308,1
5mfDBWY7ncZFm7ykmFTG4i,42,42.0,42,42,1,145443567,1.45443567E8,145443567,145443567,1
5rgy6ghBq1eRApCkeUdJXf,78,78.0,78,78,1,3051567,3051567.0,3051567,3051567,1
6nek1Nin9q48AVZcWs9e9D,84,84.0,84,84,1,60804949,6.0804949E7,60804949,60804949,1
0eTGEFTkCYweDUSxL4lsUc,26,26.0,26,26,1,679831,679831.0,679831,679831,1
0lHAMNU8RGiIObScrsRgmP,71,71.0,71,71,1,27139342,2.7139342E7,27139342,27139342,1
4E5P1XyAFtrjpiIxkydly4,79,79.0,79,79,1,1156272,1156272.0,1156272,1156272,1
5vlEg2fT4cFWAqU5QptIpQ,67,67.0,67,67,1,1156272,1156272.0,1156272,1156272,1
3FAclTFfvUuQYnEsptbK8w,82,82.0,82,82,1,9747371,9747371.0,9747371,9747371,1
0vg4WnUWvze6pBOJDTq99k,75,75.0,75,75,1,3298298,3298298.0,3298298,3298298,1
2oxtQ84p1j5GmyzmD50Lq0,71,71.0,71,71,1,7069432,7069432.0,7069432,7069432,1
4j3X4KX8rURekAVIFUhI23,71,71.0,71,71,1,3917139,3917139.0,3917139,3917139,1
3JCkRz2PAUq7vG9C9bwdHj,0,0.0,0,0,1,4779199,4779199.0,4779199,4779199,1
71W6rG3Wze7wOBdxBg2hCX,39,39.0,39,39,1,3857762,3857762.0,3857762,3857762,1
01S0r3t4tcHPkNyll414mT,30,30.0,30,30,1,23384088,2.3384088E7,23384088,23384088,1
0bSr5pybJSlgG5OZH441gF,48,48.0,48,48,1,1102846,1102846.0,1102846,1102846,1
325g0RWZE2WD3BfRY5iWsr,43,43.0,43,43,1,26,26.0,26,26,1
0LS7hve8of6NHHCL2bWMJt,54,54.0,54,54,1,3963,3963.0,3963,3963,1
6AWldBTJJWOv0VbrNZXFEw,60,60.0,60,60,1,42237551,4.2237551E7,42237551,42237551,1
42sQoFE6NB2odEbTGP1vvU,51,51.0,51,51,1,2650667,2650667.0,2650667,2650667,1
2TPhcKFBh2MfTgWWw9Xltq,39,39.0,39,39,1,50314,50314.0,50314,50314,1
1o2eTrTQChSdxbMQLBHLod,36,36.0,36,36,1,11989,11989.0,11989,11989,1
4Msr8L0gHGDsLSBlk7pSPU,64,64.0,64,64,1,112995439,1.12995439E8,112995439,112995439,1
3nQ24dxqvxZEVwlHTeuLz0,63,63.0,63,63,1,6318755,6318755.0,6318755,6318755,1
3nHuKdFJZm78CoeBnDcFKe,79,79.0,79,79,1,5670437,5670437.0,5670437,5670437,1
2FQrifJ1N335Ljm3TjTVVf,82,82.0,82,82,1,1449816,1449816.0,1449816,1449816,1
46kspZSY3aKmwQe7O77fCC,79,79.0,79,79,1,107374593,1.07374593E8,107374593,107374593,1
59PbJ5VyPt4zSTNkCDi9yO,34,34.0,34,34,1,28150,28150.0,28150,28150,1
60ewVMmFN7yaCRj1B4xKoS,52,52.0,52,52,1,41266350,4.126635E7,41266350,41266350,1
3DBJE1Zndql25OGUQSv7aD,67,67.0,67,67,1,20854863,2.0854863E7,20854863,20854863,1
199E1RRrVmVTQqBXih5qRC,60,60.0,60,60,1,145489371,1.45489371E8,145489371,145489371,1
5ww2BF9slyYgNOk37BlC4u,77,77.0,77,77,1,15711025,1.5711025E7,15711025,15711025,1
46am3SVKsB2TAeGJz8EVZI,21,21.0,21,21,1,2299,2299.0,2299,2299,1
0FFsgUoFibYISzMxuGS61W,64,64.0,64,64,1,34742256,3.4742256E7,34742256,34742256,1
3gIMOdOuqPb0ngihSVkuQx,0,0.0,0,0,1,2177177,2177177.0,2177177,2177177,1
4PwWESSlTwzvw9B7bmtTLS,80,80.0,80,80,1,1453910,1453910.0,1453910,1453910,1
4w47S36wQGBhGg073q3nt7,66,66.0,66,66,1,8573796,8573796.0,8573796,8573796,1
5ruzrDWcT0vuJIOMW7gMnW,80,80.0,80,80,1,6444988,6444988.0,6444988,6444988,1
1aL8pl9MP08ePajlxInB6U,0,0.0,0,0,1,399854,399854.0,399854,399854,1
3p4hRhMcb6ch8OLtATMaLw,61,61.0,61,61,1,17373704,1.7373704E7,17373704,17373704,1
0k664IuFwVP557Gnx7RhIl,66,66.0,66,66,1,5738825,5738825.0,5738825,5738825,1
2vVXZKnEIU5j0yVDGQX46l,63,63.0,63,63,1,12552680,1.255268E7,12552680,12552680,1
1AZFoli0qTFmgsnT5pZX9I,0,0.0,0,0,1,38492,38492.0,38492,38492,1
40oKW22ZNNkEdZLJTScaQI,71,71.0,71,71,1,12471348,1.2471348E7,12471348,12471348,1
3OzCF9i6Ey7EkkAYJztmKp,80,80.0,80,80,1,22396044,2.2396044E7,22396044,22396044,1
7J0ZO7IO5rcPG5cbTWoRuF,41,41.0,41,41,1,3279,3279.0,3279,3279,1
1I6pKIyaBp4OebTGLJpCCC,62,62.0,62,62,1,75455093,7.5455093E7,75455093,75455093,1
3DMOWvMFNdg5qZgPIQc1Bj,0,0.0,0,0,1,430076,430076.0,430076,430076,1
3SErMoIKdRELto2OspGs5L,69,69.0,69,69,1,5067710,5067710.0,5067710,5067710,1
7yq4Qj7cqayVTp3FF9CWbm,80,80.0,80,80,1,3482109,3482109.0,3482109,3482109,1
5HPnumlogzZtpLEaORZjz1,52,52.0,52,52,1,4138541,4138541.0,4138541,4138541,1
36vACHS1iPv2oGJ3rBH6ju,32,32.0,32,32,1,344371,344371.0,344371,344371,1
7rdrEpwnH1KzCsbiBUxPYf,0,0.0,0,0,1,62853,62853.0,62853,62853,1
0s0JMUkb2WCxIJsRB3G7Hd,57,57.0,57,57,1,3186602,3186602.0,3186602,3186602,1
5PjfMmF06QtxTPZBZHdhoZ,54,54.0,54,54,1,145489371,1.45489371E8,145489371,145489371,1
6LLkQ3Y2AwclM0tHzxiYAb,41,41.0,41,41,1,51773650,5.177365E7,51773650,51773650,1
4kte3OcW800TPvOVgrLLj8,69,69.0,69,69,1,10217787,1.0217787E7,10217787,10217787,1
3bfqkspKABT4pPicm6wC9F,63,63.0,63,63,1,1672769,1672769.0,1672769,1672769,1
3NcO4jGK1Opb5ea0mYLpxb,55,55.0,55,55,1,8971415,8971415.0,8971415,8971415,1
2nRvKHh2mtOfIQ4jcAkP9q,0,0.0,0,0,1,3720791,3720791.0,3720791,3720791,1
4sNwdacKyi2S26WrRtNama,71,71.0,71,71,1,6113786,6113786.0,6113786,6113786,1
3iL2l5gUqyPS6vDwJFgJTR,69,69.0,69,69,1,3277692,3277692.0,3277692,3277692,1
3T6IEz4XeCj8N8sUVBMeoJ,43,43.0,43,43,1,4777574,4777574.0,4777574,4777574,1
1fLlRApgzxWweF1JTf8yM5,79,79.0,79,79,1,31796892,3.1796892E7,31796892,31796892,1
3UygY7qW2cvG9Llkay6i1i,79,79.0,79,79,1,6158071,6158071.0,6158071,6158071,1
7puxIVNdj5nsBJk43zM3bH,70,70.0,70,70,1,5159832,5159832.0,5159832,5159832,1
1LzNfuep1bnAUR9skqdHCK,86,86.0,86,86,1,1827886,1827886.0,1827886,1827886,1
41XuUS7HIAuzI7IZW0Rnt3,26,26.0,26,26,1,23384088,2.3384088E7,23384088,23384088,1
05eJthbLhxvnWvB3XF9HaQ,40,40.0,40,40,1,16043117,1.6043117E7,16043117,16043117,1
5EWPGh7jbTNO2wakv8LjUI,78,78.0,78,78,1,5883727,5883727.0,5883727,5883727,1
2397d2hCrov6ouuoG67dW7,49,49.0,49,49,1,2650667,2650667.0,2650667,2650667,1
7rybCqVtVtZrZRtfivRxEo,37,37.0,37,37,1,398642,398642.0,398642,398642,1
54TzZ98fEAgD5494xU4n3F,19,19.0,19,19,1,37,37.0,37,37,1
4pteEcX2rHSJXK8XSOtWP8,65,65.0,65,65,1,1394134,1394134.0,1394134,1394134,1
4oHQ8n9OKQ3599e8noCrDX,74,74.0,74,74,1,302715,302715.0,302715,302715,1
3aQ9MHkMeL7Yu7jpyF62xn,73,73.0,73,73,1,1400890,1400890.0,1400890,1400890,1
4VnWkT6KKqgvQmxIe3teZA,0,0.0,0,0,1,139354,139354.0,139354,139354,1
0hABacr1yTSleOlPKpIWBb,46,46.0,46,46,1,2222327,2222327.0,2222327,2222327,1
23CKxEwKWsLs6LD5poGOLM,66,66.0,66,66,1,881274,881274.0,881274,881274,1
0BrEYBgoQkDtIPdzV70GOP,0,0.0,0,0,1,26095,26095.0,26095,26095,1
4wcBRRpIfesgcyUtis7PEg,77,77.0,77,77,1,49050008,4.9050008E7,49050008,49050008,1
2MbdDtCv5LUVjYy9RuGTgC,64,64.0,64,64,1,4350020,4350020.0,4350020,4350020,1
4umIPjkehX1r7uhmGvXiSV,75,75.0,75,75,1,85022258,8.5022258E7,85022258,85022258,1
1BxfuPKGuaTgP7aM0Bbdwr,87,87.0,87,87,1,145489371,1.45489371E8,145489371,145489371,1
2YWtcWi3a83pdEg3Gif4Pd,69,69.0,69,69,1,145396321,1.45396321E8,145396321,145396321,1
6Ijmj8Z0L31hCp5pLZnT5U,68,68.0,68,68,1,2325598,2325598.0,2325598,2325598,1
3P3pw6C19j31Rnzgo3JG7o,76,76.0,76,76,1,3877645,3877645.0,3877645,3877645,1
0zqy3ss4CwD6u4QPksS0nI,63,63.0,63,63,1,103094105,1.03094105E8,103094105,103094105,1
3U21A07gAloCc4P7J8rxcn,68,68.0,68,68,1,31059657,3.1059657E7,31059657,31059657,1
7165YDcOpr9yEypbdpU6fa,57,57.0,57,57,1,1434846,1434846.0,1434846,1434846,1
0wXuerDYiBnERgIpbb3JBR,4,4.0,4,4,1,14557537,1.4557537E7,14557537,14557537,1
2c4Est3dxGfn834VReid5d,65,65.0,65,65,1,12544566,1.2544566E7,12544566,12544566,1
06KyNuuMOX1ROXRhj787tj,78,78.0,78,78,1,25301942,2.5301942E7,25301942,25301942,1
38kjFXYgPvtuXCPbHPMGte,64,64.0,64,64,1,21606569,2.1606569E7,21606569,21606569,1
4frLb7nWtsz2ymBE6k2GRP,74,74.0,74,74,1,112995439,1.12995439E8,112995439,112995439,1
57yL3161hUMuw06zzzUCHi,77,77.0,77,77,1,25761380,2.576138E7,25761380,25761380,1
4jTiyLlOJVJj3mCr7yfPQD,77,77.0,77,77,1,7767429,7767429.0,7767429,7767429,1
2JI71GHwq2LN8mtq3iCLYo,59,59.0,59,59,1,1100826,1100826.0,1100826,1100826,1
22I3h5AOENlH4CqXJsEbFR,70,70.0,70,70,1,956325,956325.0,956325,956325,1
7F25roCtYi55JouckaayPC,81,81.0,81,81,1,42256604,4.2256604E7,42256604,42256604,1
1IIGKo5bxRdlsl96dAeSlU,25,25.0,25,25,1,12884,12884.0,12884,12884,1
4p7EYvJ6yWEjZDZuguSti7,54,54.0,54,54,1,490197,490197.0,490197,490197,1
74kSuS1yEsx0E0g70HOPqK,0,0.0,0,0,1,55561,55561.0,55561,55561,1
0iGckQFyv6svOfAbAY9aWJ,77,77.0,77,77,1,38400585,3.8400585E7,38400585,38400585,1
3S0OXQeoh0w6AY8WQVckRW,80,80.0,80,80,1,7312588,7312588.0,7312588,7312588,1
1fr92Vupmcs2vgLMFVQ7rd,75,75.0,75,75,1,565487,565487.0,565487,565487,1
55yvzYuvJYG2RUEnMK78tr,60,60.0,60,60,1,23384088,2.3384088E7,23384088,23384088,1
7v3BvPRQS4DcsDzYU0BiVd,51,51.0,51,51,1,1624703,1624703.0,1624703,1624703,1
4pbyDPjFgfPqFTcIMC8xpK,70,70.0,70,70,1,3314135,3314135.0,3314135,3314135,1
1jZCo9dWU5jeAyh7foDygP,7,7.0,7,7,1,1816,1816.0,1816,1816,1
3n2ujlr3mCscnFFpepXAIy,0,0.0,0,0,1,12387752,1.2387752E7,12387752,12387752,1
5qehd5xIsEaifMFy3jcoYr,60,60.0,60,60,1,5106570,5106570.0,5106570,5106570,1
6SS3CVKwbRnzlpUmUszXu4,50,50.0,50,50,1,1199052,1199052.0,1199052,1199052,1
4XUvVbcITJLPEmA59suKV3,43,43.0,43,43,1,64144,64144.0,64144,64144,1
7FwBtcecmlpc1sLySPXeGE,82,82.0,82,82,1,7318208,7318208.0,7318208,7318208,1
01SfTM5nfCou5gQL70r6gs,66,66.0,66,66,1,30714318,3.0714318E7,30714318,30714318,1
6UCFZ9ZOFRxK8oak7MdPZu,27,27.0,27,27,1,30721676,3.0721676E7,30721676,30721676,1
68FTJoO8edSpzuYb6lGW6P,58,58.0,58,58,1,626733,626733.0,626733,626733,1
5ylJtmaWPJ33cW3En7WOu0,93,93.0,93,93,1,145443567,1.45443567E8,145443567,145443567,1
4rFqRV4UCQubpw348acBq3,73,73.0,73,73,1,14958573,1.4958573E7,14958573,14958573,1
1SzxeLmEx1tr9EcPoCzT9d,48,48.0,48,48,1,794,794.0,794,794,1
2K6T1iKa7coghsISspjPv8,67,67.0,67,67,1,704570,704570.0,704570,704570,1
572PPqti4bqGpqEnsWFlIu,60,60.0,60,60,1,41268567,4.1268567E7,41268567,41268567,1
1Jq7VmkrvMxGphj0YUgOoR,42,42.0,42,42,1,10888670,1.088867E7,10888670,10888670,1
1ayAhDstlcVTYmTfzNd7uw,17,17.0,17,17,1,23317,23317.0,23317,23317,1
5fIZ683j2xPeLAXfHeWKEG,72,72.0,72,72,1,2546276,2546276.0,2546276,2546276,1
4Skkx52Dh8yo4G1ijAEGs3,70,70.0,70,70,1,1322522,1322522.0,1322522,1322522,1
27mMvmKRyrsz7i2cfTMgSQ,57,57.0,57,57,1,1192832,1192832.0,1192832,1192832,1
6GomT970rCOkKAyyrwJeZi,72,72.0,72,72,1,110860,110860.0,110860,110860,1
1nahzW3kfMuwReTka28tH5,70,70.0,70,70,1,85050158,8.5050158E7,85050158,85050158,1
3T03rPwlL8NVk1yIaxeD8U,71,71.0,71,71,1,85022258,8.5022258E7,85022258,85022258,1
73YUReisjb3A9ActdLLjJQ,63,63.0,63,63,1,145396321,1.45396321E8,145396321,145396321,1
27ycaQnQAxaPiyeg3nr2aB,3,3.0,3,3,1,26558356,2.6558356E7,26558356,26558356,1
77tQQM8iEswfiSVLbTrFPX,46,46.0,46,46,1,1441913,1441913.0,1441913,1441913,1
6PCSrc5dBKYHSQ3SutCqgw,45,45.0,45,45,1,3634221,3634221.0,3634221,3634221,1
2mdEsXPu8ZmkHRRtAdC09e,86,86.0,86,86,1,51773650,5.177365E7,51773650,51773650,1
36orMWv2PgvnzXsd5CJ0yL,62,62.0,62,62,1,802553,802553.0,802553,802553,1
0cdLXNrKZaeEEtia0tKvWS,35,35.0,35,35,1,15447,15447.0,15447,15447,1
1Bhm5HNO1cq8olDbBmokyL,74,74.0,74,74,1,5545344,5545344.0,5545344,5545344,1
1ni8ZTAY1GHXEFOGHl7fdg,69,69.0,69,69,1,118692183,1.18692183E8,118692183,118692183,1
43sE2O3skbGBpT2tO6fzv9,28,28.0,28,28,1,145443567,1.45443567E8,145443567,145443567,1
0H2UD0LfSCiRr59YMGlCuS,27,27.0,27,27,1,145489371,1.45489371E8,145489371,145489371,1
6ie2Bw3xLj2JcGowOlcMhb,75,75.0,75,75,1,10541250,1.054125E7,10541250,10541250,1
4Km5HrUvYTaSUfiSGPJeQR,2,2.0,2,2,1,14638268,1.4638268E7,14638268,14638268,1
26AuyrZGzWWiYZPSd3XBIg,50,50.0,50,50,1,21360805,2.1360805E7,21360805,21360805,1
6BdxHS3BpAB6Yrjazp5VNM,14,14.0,14,14,1,18164,18164.0,18164,18164,1
50o13VmOJiUj3WfU7XmEAn,52,52.0,52,52,1,165439,165439.0,165439,165439,1
4GXl8l1MfZPf2GvpyRPJBf,68,68.0,68,68,1,12421354,1.2421354E7,12421354,12421354,1
1lycZ6BCUETp0NauGdZbsm,53,53.0,53,53,1,9166,9166.0,9166,9166,1
5aaXqH8rgKZxg61HjECldi,62,62.0,62,62,1,4780589,4780589.0,4780589,4780589,1
4IqcDJPzDL8Hq8KwAX4jUE,64,64.0,64,64,1,4307803,4307803.0,4307803,4307803,1
1NZs6n6hl8UuMaX0UC0YTz,82,82.0,82,82,1,51773650,5.177365E7,51773650,51773650,1
68zC6NEny9EG3OuE6npJcr,42,42.0,42,42,1,26561582,2.6561582E7,26561582,26561582,1
3U4isOIWM3VvDubwSI3y7a,85,85.0,85,85,1,8072466,8072466.0,8072466,8072466,1
7wwsdetDpqdnajrqnhU50M,39,39.0,39,39,1,25759662,2.5759662E7,25759662,25759662,1
7bvkyTwVkylUGJvz1UMjFk,56,56.0,56,56,1,112995439,1.12995439E8,112995439,112995439,1
1KxwZYyzWNyZSRyErj2ojT,73,73.0,73,73,1,3758862,3758862.0,3758862,3758862,1
0V6J3G6SyYGQzzLUSAlAKe,47,47.0,47,47,1,27139342,2.7139342E7,27139342,27139342,1
43s0CIP1nrgUXCLyBmchYH,50,50.0,50,50,1,11933906,1.1933906E7,11933906,11933906,1
5TRPicyLGbAF2LGBFbHGvO,85,85.0,85,85,1,31045858,3.1045858E7,31045858,31045858,1
2LW2Or5IY5lMtMOjqGVI0c,33,33.0,33,33,1,2354296,2354296.0,2354296,2354296,1
71YCuajU8zcNhnQQzUqBow,31,31.0,31,31,1,3581,3581.0,3581,3581,1
0MvjUr7fKzchb49tt3OrMS,63,63.0,63,63,1,30582,30582.0,30582,30582,1
66F6YyfnWy6cNc6bd3zl2C,27,27.0,27,27,1,13590,13590.0,13590,13590,1
3wicn7uBSaGtBLTSbjsnmy,39,39.0,39,39,1,1874,1874.0,1874,1874,1
2LHNTC9QZxsL3nWpt8iaSR,81,81.0,81,81,1,42237551,4.2237551E7,42237551,42237551,1
7j0QSWeLhjrsY8MPAnea2O,49,49.0,49,49,1,2385,2385.0,2385,2385,1
4DU09gZAUnzBL0c5PRmxnx,41,41.0,41,41,1,1434,1434.0,1434,1434,1
1rhiQ9YpRIaOljAWX1C3TE,27,27.0,27,27,1,2296,2296.0,2296,2296,1
3py9E6Yll3JY9VKQEaZzP8,50,50.0,50,50,1,1581188,1581188.0,1581188,1581188,1
5vCREmODQpdzOmcNOVsN6B,67,67.0,67,67,1,104940,104940.0,104940,104940,1
56xHMIfQPoe0prrSi3BGhf,72,72.0,72,72,1,49050008,4.9050008E7,49050008,49050008,1
5mugT9d5ag9RIDfZjFdpPS,15,15.0,15,15,1,689447,689447.0,689447,689447,1
4nyF5lmSziBAt7ESAUjpbx,82,82.0,82,82,1,7420507,7420507.0,7420507,7420507,1
7eYyjIDEnKyw2P9uF1u16X,29,29.0,29,29,1,264,264.0,264,264,1
6UelLqGlWMcVH1E5c4H7lY,82,82.0,82,82,1,34133561,3.4133561E7,34133561,34133561,1
12M5uqx0ZuwkpLp5rJim1a,72,72.0,72,72,1,145396321,1.45396321E8,145396321,145396321,1
4JQF6pgdUMZbfnv2PNhXn2,48,48.0,48,48,1,310339,310339.0,310339,310339,1
500l6Cwe40hkPqS7Sf7ufY,68,68.0,68,68,1,15031490,1.503149E7,15031490,15031490,1
6JhSNd1NSE8K9tjPHpf3Ig,24,24.0,24,24,1,24204,24204.0,24204,24204,1
0eTCaVOYLpJlSkbEi2jay4,28,28.0,28,28,1,145489371,1.45489371E8,145489371,145489371,1
6FmJKLpyCt42nP2IOVEVc2,36,36.0,36,36,1,145396321,1.45396321E8,145396321,145396321,1
1XRgIKC5TPwo7nWGyKqgG0,70,70.0,70,70,1,5987438,5987438.0,5987438,5987438,1
7iNIg7XDEaYECfWD5dJ9Va,69,69.0,69,69,1,85022258,8.5022258E7,85022258,85022258,1
7KA4W4McWYRpgf0fWsJZWB,88,88.0,88,88,1,24420596,2.4420596E7,24420596,24420596,1
2QzKAF0y1BQhxwg8N05Uog,73,73.0,73,73,1,7993904,7993904.0,7993904,7993904,1
6A38hc0e0PqusTCQn0xkSc,42,42.0,42,42,1,304570,304570.0,304570,304570,1
6ZSO7kPn8IMJFymyticbJO,63,63.0,63,63,1,934794,934794.0,934794,934794,1
3VxYSl0bXsFi0jAULqtuxT,0,0.0,0,0,1,104797,104797.0,104797,104797,1
2pw6Sn2q1p4pVgHvj3K2JS,43,43.0,43,43,1,2918550,2918550.0,2918550,2918550,1
2IO7yf562c1zLzpanal1DT,72,72.0,72,72,1,22392682,2.2392682E7,22392682,22392682,1
4SFcuHDFVPjBFSJwi2YcIr,45,45.0,45,45,1,90200,90200.0,90200,90200,1
3GcT2pBuyP5hThxYyfRGjp,32,32.0,32,32,1,9407321,9407321.0,9407321,9407321,1
5az2KaF9Xn0orTrkYYQzuj,55,55.0,55,55,1,764106,764106.0,764106,764106,1
6sLT7WzRpLJuStcNwr8M69,33,33.0,33,33,1,78161,78161.0,78161,78161,1
0TAmnCzOtqRfvA38DDLTjj,71,71.0,71,71,1,40270893,4.0270893E7,40270893,40270893,1
6CA5RT46kt3oQC3gaaUZxU,0,0.0,0,0,1,868,868.0,868,868,1
7cs7MLtAWvsdf3w5kBvfK2,7,7.0,7,7,1,17365648,1.7365648E7,17365648,17365648,1
10WTUNvLRsRP2dhVBciMlM,0,0.0,0,0,1,62798,62798.0,62798,62798,1
2Aq7zCYfNpb2Q7AkVbMKzk,32,32.0,32,32,1,20991,20991.0,20991,20991,1
1OSf8FuKnyRY0Tbm5ZyaoU,30,30.0,30,30,1,13710072,1.3710072E7,13710072,13710072,1
5zpDHEU12zATwLGvozxPw2,68,68.0,68,68,1,1858826,1858826.0,1858826,1858826,1
4fIWvT19w9PR0VVBuPYpWA,70,70.0,70,70,1,6893010,6893010.0,6893010,6893010,1
5l4Lla3ntoJIkCud07XlYn,66,66.0,66,66,1,3748353,3748353.0,3748353,3748353,1
03pWkKJjo8ATe0z4SWGzyd,51,51.0,51,51,1,153209,153209.0,153209,153209,1
2gSVKxPDww9Eep5rdvtdem,78,78.0,78,78,1,8160803,8160803.0,8160803,8160803,1
2fuYa3Lx06QQJAm0MjztKr,88,88.0,88,88,1,13831380,1.383138E7,13831380,13831380,1
62HoDY1Km6lm47haFpUn9c,92,92.0,92,92,1,145396321,1.45396321E8,145396321,145396321,1
73009fA3kctcdbHie3Ud4Q,23,23.0,23,23,1,34,34.0,34,34,1
1UHS8Rf6h5Ar3CDWRd3wjF,82,82.0,82,82,1,26516295,2.6516295E7,26516295,26516295,1
7ogK4lJDVDMU6A6vYR5rvD,65,65.0,65,65,1,145489371,1.45489371E8,145489371,145489371,1
2U3jOPfO4wZZFaaWS4Dcj6,71,71.0,71,71,1,49067177,4.9067177E7,49067177,49067177,1
6f08saOLZyQr0ulFKUzFeL,55,55.0,55,55,1,715424,715424.0,715424,715424,1
2FDTHlrBguDzQkp7PVj16Q,81,81.0,81,81,1,6598184,6598184.0,6598184,6598184,1
6GuyIXoGIaTw1Pg6Ug9enJ,54,54.0,54,54,1,178379,178379.0,178379,178379,1
6J3Yay84inLJ6b37lpaHFi,49,49.0,49,49,1,5642365,5642365.0,5642365,5642365,1
2SNV1bSGrJQDClVMA7toTZ,38,38.0,38,38,1,15028,15028.0,15028,15028,1
0WtM2NBVQNNJLh6scP13H8,79,79.0,79,79,1,8672431,8672431.0,8672431,8672431,1
54ipXppHLA8U4yqpOFTUhr,81,81.0,81,81,1,58375520,5.837552E7,58375520,58375520,1
5zuYZxEWupGzIwlRY6KnNB,51,51.0,51,51,1,26095,26095.0,26095,26095,1
08SB2OtZkaliju77WYEKxk,72,72.0,72,72,1,8011254,8011254.0,8011254,8011254,1
0FfqyjhB6Kspvit1oOo7ax,67,67.0,67,67,1,118728633,1.18728633E8,118728633,118728633,1
6EDO9iiTtwNv6waLwa1UUq,66,66.0,66,66,1,12341870,1.234187E7,12341870,12341870,1
5Yc2A0YtK6PaXT8J1MQ0Rd,54,54.0,54,54,1,49050008,4.9050008E7,49050008,49050008,1
7f8AF7vkm2JdiAN5WSiiWU,0,0.0,0,0,1,69770,69770.0,69770,69770,1
1ZdhOMWyFR8Iv9eylMGYg2,77,77.0,77,77,1,3635017,3635017.0,3635017,3635017,1
7M2tXmeS15NAzEn7ABFeBg,66,66.0,66,66,1,6141719,6141719.0,6141719,6141719,1
2IRZnDFmlqMuOrYOLnZZyc,73,73.0,73,73,1,8277770,8277770.0,8277770,8277770,1
0YNtAadZvKBBEFARtfoCV8,66,66.0,66,66,1,21591569,2.1591569E7,21591569,21591569,1
16QjPRt5HYK0dnLGmGRCvf,50,50.0,50,50,1,21656185,2.1656185E7,21656185,21656185,1
2rbDhOo9Fh61Bbu23T2qCk,84,84.0,84,84,1,42256604,4.2256604E7,42256604,42256604,1
7E7HtKh5kZ78zJfm28stIn,29,29.0,29,29,1,46464,46464.0,46464,46464,1
2bSk87AVkCIIC3Bcligq1z,74,74.0,74,74,1,21656185,2.1656185E7,21656185,21656185,1
1BuZAIO8WZpavWVbbq3Lci,61,61.0,61,61,1,7767068,7767068.0,7767068,7767068,1
17OHJfDyorFpjHAhEmbccW,36,36.0,36,36,1,7633,7633.0,7633,7633,1
7qvxFz3JodM0A7xEM7k3YD,69,69.0,69,69,1,38400585,3.8400585E7,38400585,38400585,1
2bJvI42r8EF3wxjOuDav4r,84,84.0,84,84,1,11939612,1.1939612E7,11939612,11939612,1
6FELTNTUaN7jLlbAOCnNKF,46,46.0,46,46,1,2833512,2833512.0,2833512,2833512,1
6g1NlCpW7fgqDnWbCCDrHl,6,6.0,6,6,1,23434999,2.3434999E7,23434999,23434999,1
4tLl0Fbdgrl4YHR7jDXmab,0,0.0,0,0,1,62798,62798.0,62798,62798,1
349XIp8EgHWJiIg5K0CUft,65,65.0,65,65,1,51798111,5.1798111E7,51798111,51798111,1
0RUGuh2uSNFJpGMSsD1F5C,74,74.0,74,74,1,75513910,7.551391E7,75513910,75513910,1
7bprRkhvOXWmWpqOrEWbXu,0,0.0,0,0,1,18203604,1.8203604E7,18203604,18203604,1
273tTmuqkEXRpYdFKx9iKm,47,47.0,47,47,1,214097,214097.0,214097,214097,1
6jEZLz3YpnEBRpVkv35AmP,6,6.0,6,6,1,37813429,3.7813429E7,37813429,37813429,1
0snQkGI5qnAmohLE7jTsTn,84,84.0,84,84,1,13976718,1.3976718E7,13976718,13976718,1
4idqAxBL2zVyfyMhi8QSZK,35,35.0,35,35,1,4,4.0,4,4,1
1NxtYAuMQ69Tt7JzTNJyDu,25,25.0,25,25,1,36,36.0,36,36,1
4Xj6u5UdqINhGItVdwCLZp,44,44.0,44,44,1,10272,10272.0,10272,10272,1
6tlZIGGXozhQpYyKesjwWL,76,76.0,76,76,1,13397845,1.3397845E7,13397845,13397845,1
04emojnbYkrRmv5qtJcgVP,86,86.0,86,86,1,14005617,1.4005617E7,14005617,14005617,1
6Tv4vYGT0mjnqkHdRpyxbg,41,41.0,41,41,1,1436299,1436299.0,1436299,1436299,1
10AhOhGxdcRN90qlFGmoHP,28,28.0,28,28,1,26272346,2.6272346E7,26272346,26272346,1
5GDhHuLpmneh1DCMyKMJp3,59,59.0,59,59,1,4296747,4296747.0,4296747,4296747,1
0xbjgV88co01Kw4PmuBdQU,51,51.0,51,51,1,26095,26095.0,26095,26095,1
1dm6z1fWB0cErMszU25dy2,74,74.0,74,74,1,102571645,1.02571645E8,102571645,102571645,1
0p0IQMLbsnOvpnwW4505bJ,0,0.0,0,0,1,430076,430076.0,430076,430076,1
2np7Y8nCXdRvGgsltFvPLi,48,48.0,48,48,1,26095,26095.0,26095,26095,1
6wQlQrTY5mVS8EGaFZVwVF,67,67.0,67,67,1,42540400,4.25404E7,42540400,42540400,1
4AYtqFyFbX0Xkc2wtcygTr,64,64.0,64,64,1,145489371,1.45489371E8,145489371,145489371,1
5iFwAOB2TFkPJk8sMlxP8g,71,71.0,71,71,1,238218,238218.0,238218,238218,1
5K59YTZ8u12zJbvrpOFLgS,38,38.0,38,38,1,2046864,2046864.0,2046864,2046864,1
3Phjn4zJ34ZiEVUngyccY5,38,38.0,38,38,1,1465450,1465450.0,1465450,1465450,1
79esEXlqqmq0GPz0xQSZTV,70,70.0,70,70,1,45700057,4.5700057E7,45700057,45700057,1
5lg33MHs1BoUtJVClw8ZpI,41,41.0,41,41,1,145396321,1.45396321E8,145396321,145396321,1
1oXHXIB8rHgwHSsPRNjEzn,56,56.0,56,56,1,46886554,4.6886554E7,46886554,46886554,1
5Ohxk2dO5COHF1krpoPigN,85,85.0,85,85,1,34133561,3.4133561E7,34133561,34133561,1
4cxMGhkinTocPSVVKWIw0d,73,73.0,73,73,1,5508290,5508290.0,5508290,5508290,1
7xHWNBFm6ObGEQPaUxHuKO,65,65.0,65,65,1,30541347,3.0541347E7,30541347,30541347,1
7lGKEWMXVWWTt3X71Bv44I,73,73.0,73,73,1,3108097,3108097.0,3108097,3108097,1
3oiMJQAWVaxSubJ7b2VUtX,67,67.0,67,67,1,6619312,6619312.0,6619312,6619312,1
2vaa0nnDnNTlxCh7fCmjsr,59,59.0,59,59,1,29176,29176.0,29176,29176,1
488MtzblA3LnxHeuWeSl9g,0,0.0,0,0,1,133348,133348.0,133348,133348,1
4u7KjVIQPdzGCcAwg4W5Kl,57,57.0,57,57,1,2918228,2918228.0,2918228,2918228,1
0j4kPncBrdidY9Mfl1eZ1d,45,45.0,45,45,1,2444220,2444220.0,2444220,2444220,1
190jyVPHYjAqEaOGmMzdyk,78,78.0,78,78,1,85008100,8.50081E7,85008100,85008100,1
7in46wlBseKBTcLi6lyhF9,39,39.0,39,39,1,4430911,4430911.0,4430911,4430911,1
4kPf4MbDp81GfVHLISdByL,53,53.0,53,53,1,2444287,2444287.0,2444287,2444287,1
2OsqzlVFiUGbbYwIPTKTSW,0,0.0,0,0,1,512689,512689.0,512689,512689,1
7f1X6tauagdeqpfNuNOYWr,64,64.0,64,64,1,5563752,5563752.0,5563752,5563752,1
4v5kAh2wWyCSuKuhMJK8u6,80,80.0,80,80,1,1897453,1897453.0,1897453,1897453,1
1QPRmX2e3EZWskuOe5QqxM,0,0.0,0,0,1,255079,255079.0,255079,255079,1
6X0zGq2nWueSyc1JvZOd2K,48,48.0,48,48,1,4779199,4779199.0,4779199,4779199,1
3R9NKZ4jmxNjOFihSF5s7f,55,55.0,55,55,1,31806929,3.1806929E7,31806929,31806929,1
4XYsx8ga3fGwEFOOcauPZC,57,57.0,57,57,1,280454,280454.0,280454,280454,1
0x3Fu5CM7BtsM7U7SDhme0,49,49.0,49,49,1,505,505.0,505,505,1
0bcZ7xN9IcjSNxLerzR2yl,66,66.0,66,66,1,112918137,1.12918137E8,112918137,112918137,1
0ve0CavjqrUqVmZ605RhTV,63,63.0,63,63,1,3505794,3505794.0,3505794,3505794,1
6QSR2OrZOICOXfFB5Wswt1,49,49.0,49,49,1,26558356,2.6558356E7,26558356,26558356,1
3uMO7jmdXxwSijvxNXDgE4,55,55.0,55,55,1,47716988,4.7716988E7,47716988,47716988,1
0Q7MbQjst29ZhyR3sDA2uq,0,0.0,0,0,1,146914,146914.0,146914,146914,1
3NQtYTbGk64fHf8ZIppj69,60,60.0,60,60,1,425177,425177.0,425177,425177,1
6G12ZafqofSq7YtrMqUm76,67,67.0,67,67,1,39777995,3.9777995E7,39777995,39777995,1
5Z2MiIZ5I3jJvvmeWMLbOQ,5,5.0,5,5,1,2853248,2853248.0,2853248,2853248,1
0LnS7aOdOdI1dNKZqdOLz4,61,61.0,61,61,1,4349241,4349241.0,4349241,4349241,1
7B9EW6x4jhEb6fuR8tIXYg,36,36.0,36,36,1,6898,6898.0,6898,6898,1
6kPHLqruR1nV94OKtmgOnQ,20,20.0,20,20,1,6886,6886.0,6886,6886,1
4N2LGoEJi3aGDgEAnsjtBz,62,62.0,62,62,1,1103242,1103242.0,1103242,1103242,1
1cSFlSBdpT4F5vb1frQ231,60,60.0,60,60,1,145396321,1.45396321E8,145396321,145396321,1
6Flu33CZc4xS2gkA6cRcNh,0,0.0,0,0,1,2184797,2184797.0,2184797,2184797,1
0dkvbYmXYEPK7gGMdytmfI,62,62.0,62,62,1,1948451,1948451.0,1948451,1948451,1
1ThmUihH9dF8EV08ku5AXN,67,67.0,67,67,1,6052038,6052038.0,6052038,6052038,1
3dMPLD8cuzTtFLv8E7homA,53,53.0,53,53,1,21606569,2.1606569E7,21606569,21606569,1
5HwnezK198pJCEj1l2Adjy,54,54.0,54,54,1,35576126,3.5576126E7,35576126,35576126,1
4hI1n4HDOkAPCOdTSu3a7Z,36,36.0,36,36,1,33709,33709.0,33709,33709,1
2RHpEALdmp9dnPuEm7SLKB,39,39.0,39,39,1,1995684,1995684.0,1995684,1995684,1
6RUKPb4LETWmmr3iAEQktW,86,86.0,86,86,1,21359561,2.1359561E7,21359561,21359561,1
7MjSipTto9QljYzZnloXOn,62,62.0,62,62,1,103067383,1.03067383E8,103067383,103067383,1
6g0Orsxv6glTJCt4cHsRsQ,69,69.0,69,69,1,41172203,4.1172203E7,41172203,41172203,1
39mPRdfh5ipE7AZrlicnNp,56,56.0,56,56,1,705196,705196.0,705196,705196,1
18AJRdgUoO9EYn11N7xzaT,75,75.0,75,75,1,3676745,3676745.0,3676745,3676745,1
6L5QMBrydoaapTDMQ0Anui,57,57.0,57,57,1,31785695,3.1785695E7,31785695,31785695,1
5Nm9ERjJZ5oyfXZTECKmRt,82,82.0,82,82,1,26272346,2.6272346E7,26272346,26272346,1
7s0lDK7y3XLmI7tcsRAbW0,61,61.0,61,61,1,11415072,1.1415072E7,11415072,11415072,1
5ybJm6GczjQOgTqmJ0BomP,0,0.0,0,0,1,145489371,1.45489371E8,145489371,145489371,1
6CjtS2JZH9RkDz5UVInsa9,77,77.0,77,77,1,2671075,2671075.0,2671075,2671075,1
01uqI4H13Gsd8Lyl1EYd8H,59,59.0,59,59,1,18410,18410.0,18410,18410,1
2zSpaFB7e0Yo1QKsDQ22Ol,55,55.0,55,55,1,699445,699445.0,699445,699445,1
5mvKuE9Lf9ARVXVXA32kK9,64,64.0,64,64,1,12192383,1.2192383E7,12192383,12192383,1
1oHNvJVbFkexQc0BpQp7Y4,74,74.0,74,74,1,34293318,3.4293318E7,34293318,34293318,1
4SE4yewyGpOYfxfx59Yjc5,67,67.0,67,67,1,104517308,1.04517308E8,104517308,104517308,1
0f7nr5Np1wncQTrePQk6cA,57,57.0,57,57,1,764468,764468.0,764468,764468,1
5zMRkxgFscsPItPsMy4ItS,56,56.0,56,56,1,2918228,2918228.0,2918228,2918228,1
5Q0Nhxo0l2bP3pNjpGJwV1,75,75.0,75,75,1,26564677,2.6564677E7,26564677,26564677,1
2uA05SpWIB9jY72xOUxlNM,0,0.0,0,0,1,2499251,2499251.0,2499251,2499251,1
7MDfN1ldfTMtuXXdVz2Pzc,72,72.0,72,72,1,9748123,9748123.0,9748123,9748123,1
5Z83wx7EqLCTEn9FuAvqSJ,39,39.0,39,39,1,1056466,1056466.0,1056466,1056466,1
71u5SjnkSQgzIt1UzHchbi,58,58.0,58,58,1,243907,243907.0,243907,243907,1
52Zr0sinhWTCRrQhRRY4EP,69,69.0,69,69,1,169924,169924.0,169924,169924,1
2kTnXxFUsLjpdkCf4PEPKg,57,57.0,57,57,1,1441722,1441722.0,1441722,1441722,1
6BfN2z3FfrqT8poo78l5hY,63,63.0,63,63,1,92183,92183.0,92183,92183,1
3Q5b9lTrxvv6f8jLX4M6VJ,56,56.0,56,56,1,1448613,1448613.0,1448613,1448613,1
5VhvD0AKRprEaFtPNKGBQR,68,68.0,68,68,1,26538275,2.6538275E7,26538275,26538275,1
0GOXlShsWOp7BQ7nt9uwUL,63,63.0,63,63,1,27139342,2.7139342E7,27139342,27139342,1
57wp7VFnV8X0pSVnYArGeJ,76,76.0,76,76,1,10566213,1.0566213E7,10566213,10566213,1
1hWsTtpwrPGLqI8cDX3sWr,46,46.0,46,46,1,794,794.0,794,794,1
3RWl1dP90FXmZDUeIAO20j,0,0.0,0,0,1,1378074,1378074.0,1378074,1378074,1
3EB55SI5yEPH0ZMnAQ92KD,18,18.0,18,18,1,15033,15033.0,15033,15033,1
46HNZY1i7O6jwTA7Slo2PI,75,75.0,75,75,1,60804949,6.0804949E7,60804949,60804949,1
1cQ3LIkZE68pMSnPhZWXLu,78,78.0,78,78,1,112995439,1.12995439E8,112995439,112995439,1
67tybpBeEdUuHKnsZBR5FE,0,0.0,0,0,1,837346,837346.0,837346,837346,1
0I6KbNBU6XlbkuwN9nyuIC,44,44.0,44,44,1,244696,244696.0,244696,244696,1
4HBZA5flZLE435QTztThqH,80,80.0,80,80,1,107389514,1.07389514E8,107389514,107389514,1
2W0p1EYsUUy7OWNj68coug,37,37.0,37,37,1,2339392,2339392.0,2339392,2339392,1
4NUhcsz9E1LrBe8nXLZqzp,77,77.0,77,77,1,12552680,1.255268E7,12552680,12552680,1
5YUyW9opqNsMSEzzecZih1,75,75.0,75,75,1,20568367,2.0568367E7,20568367,20568367,1
7F5oktn5YOsR9eR5YsFtqb,69,69.0,69,69,1,145396321,1.45396321E8,145396321,145396321,1
4HbeGjbt7u3pvwDk1vN7P0,66,66.0,66,66,1,2360290,2360290.0,2360290,2360290,1
0zbzrhfVS9S2TszW3wLQZ7,66,66.0,66,66,1,942544,942544.0,942544,942544,1
48DKpTEVJ2pAjxQbWTad3q,56,56.0,56,56,1,45706269,4.5706269E7,45706269,45706269,1
2pJZ1v8HezrAoZ0Fhzby92,64,64.0,64,64,1,122789460,1.2278946E8,122789460,122789460,1
1nTi3jQI8JcYNp4JYxSenp,39,39.0,39,39,1,4694955,4694955.0,4694955,4694955,1
1OAYKfE0YdrN7C1yLWaLJo,0,0.0,0,0,1,103094105,1.03094105E8,103094105,103094105,1
0rHVd8h0cFwgLgPFem6S60,60,60.0,60,60,1,835625,835625.0,835625,835625,1
1x80xTzSL7pok3M5JC3oJz,60,60.0,60,60,1,4307803,4307803.0,4307803,4307803,1
6F5c58TMEs1byxUstkzVeM,72,72.0,72,72,1,38400585,3.8400585E7,38400585,38400585,1
3hsmbFKT5Cujb5GQjqEU39,72,72.0,72,72,1,28338976,2.8338976E7,28338976,28338976,1
6Iocm6VMu6bVNYwiDoyQFW,65,65.0,65,65,1,129604,129604.0,129604,129604,1
2DHc2e5bBn4UzY0ENVFrUl,71,71.0,71,71,1,3467190,3467190.0,3467190,3467190,1
1lKrkGoVEsc1a4xcllm7S2,54,54.0,54,54,1,1475425,1475425.0,1475425,1475425,1
7k6IzwMGpxnRghE7YosnXT,78,78.0,78,78,1,1898249,1898249.0,1898249,1898249,1
5eFxwmqKrHpSQDOEIFYlgY,76,76.0,76,76,1,7297885,7297885.0,7297885,7297885,1
7clUVcSOtkNWa58Gw5RfD4,73,73.0,73,73,1,60804949,6.0804949E7,60804949,60804949,1
2Lhdl74nwwVGOE2Gv35QuK,76,76.0,76,76,1,1672769,1672769.0,1672769,1672769,1
7nnWIPM5hwE3DaUBkvOIpy,79,79.0,79,79,1,3641378,3641378.0,3641378,3641378,1
0uEp9E98JB5awlA084uaIg,75,75.0,75,75,1,3479555,3479555.0,3479555,3479555,1
0ZEhlT9v8CdOKu55zhYGv9,1,1.0,1,1,1,35196831,3.5196831E7,35196831,35196831,1
11wKe8bZjcb3npZX6aAcXi,48,48.0,48,48,1,48484,48484.0,48484,48484,1
4gXNNBhA7xkBlmAVVoJYO1,48,48.0,48,48,1,7437933,7437933.0,7437933,7437933,1
4Sh8H0ONFKZRjPwJyrSFzG,51,51.0,51,51,1,2652612,2652612.0,2652612,2652612,1
56n4ZSuQrwdLjfx4UUrMvP,45,45.0,45,45,1,729,729.0,729,729,1
3fak8bXzSwtPlQWjoimBxC,50,50.0,50,50,1,509,509.0,509,509,1
72ZMz4NApk0xZMdsBPqe8v,52,52.0,52,52,1,1874,1874.0,1874,1874,1
1EKhSE9DUYRPvcXLK0k5iw,59,59.0,59,59,1,2131649,2131649.0,2131649,2131649,1
2tHwzyyOLoWSFqYNjeVMzj,83,83.0,83,83,1,26516295,2.6516295E7,26516295,26516295,1
0fhv3bPzS3hbRdv6WNgs21,46,46.0,46,46,1,10888670,1.088867E7,10888670,10888670,1
4VL5XwfATZuAVTW471Wpro,71,71.0,71,71,1,462135,462135.0,462135,462135,1
3UMrglJeju5yWyYIW6o99b,65,65.0,65,65,1,145443567,1.45443567E8,145443567,145443567,1
5dXWFMwD7I7zXsInONVl0H,64,64.0,64,64,1,33043825,3.3043825E7,33043825,33043825,1
1Vrj9Vcbb0lOG94pQbYvzv,64,64.0,64,64,1,4759233,4759233.0,4759233,4759233,1
3WOZcIibmurJult4Z7Wfce,63,63.0,63,63,1,3767285,3767285.0,3767285,3767285,1
1HbA4N1MiOsPthALesGFR1,69,69.0,69,69,1,45700057,4.5700057E7,45700057,45700057,1
2Y2x6SBDwwKD0L2FUwBz4z,36,36.0,36,36,1,51218,51218.0,51218,51218,1
43rHcWvKMlLGWMmJFjCk7I,42,42.0,42,42,1,173084,173084.0,173084,173084,1
6potEImiklXkwD9qFzpu15,67,67.0,67,67,1,3635017,3635017.0,3635017,3635017,1
1Tu4cW8G9WgGrnqBRiieqh,0,0.0,0,0,1,43976,43976.0,43976,43976,1
2J4T0IOIZjQhLzosKPR2PN,46,46.0,46,46,1,1078897,1078897.0,1078897,1078897,1
60iSKGrGazRzICtMjADNSM,76,76.0,76,76,1,14039018,1.4039018E7,14039018,14039018,1
2GThBgzZoZfz0lx1JjBwfe,2,2.0,2,2,1,626941,626941.0,626941,626941,1
3kIdjWDaZ9gs4v2iirkJie,48,48.0,48,48,1,52337,52337.0,52337,52337,1
42fw0rxRO2xbesF6mJfd4Y,67,67.0,67,67,1,3203185,3203185.0,3203185,3203185,1
1otG6j1WHNvl9WgXLWkHTo,80,80.0,80,80,1,9472867,9472867.0,9472867,9472867,1
1Fid2jjqsHViMX6xNH70hE,81,81.0,81,81,1,1091221,1091221.0,1091221,1091221,1
3nnG7AM9QopHVPEuLX3Khk,70,70.0,70,70,1,4106519,4106519.0,4106519,4106519,1
6NK6BSGwtmJ1HTOCYRWslQ,56,56.0,56,56,1,21606569,2.1606569E7,21606569,21606569,1
0iQPnK3bi7O27c5T2HBTdr,64,64.0,64,64,1,51821190,5.182119E7,51821190,51821190,1
3stOygN0I7CIvkEB2LJGbv,60,60.0,60,60,1,104584370,1.0458437E8,104584370,104584370,1
17YNmMy03QLPirmBzWxFa6,75,75.0,75,75,1,1363006,1363006.0,1363006,1363006,1
0kW7NQraFEyAhXqaE4cZG0,53,53.0,53,53,1,151680,151680.0,151680,151680,1
6St9lR6dhV2tpCNVz7qfrS,69,69.0,69,69,1,12460874,1.2460874E7,12460874,12460874,1
6GQuF9vzJAVs7fYN9ftBdP,70,70.0,70,70,1,41172203,4.1172203E7,41172203,41172203,1
7oK9VyNzrYvRFo7nQEYkWN,9,9.0,9,9,1,8006321,8006321.0,8006321,8006321,1
2lwwrWVKdf3LR9lbbhnr6R,74,74.0,74,74,1,1572658,1572658.0,1572658,1572658,1
3hCor9lGNUpeKwgKXamItl,40,40.0,40,40,1,4969994,4969994.0,4969994,4969994,1
0b9djfiuDIMw1zKH6gV74g,69,69.0,69,69,1,5273567,5273567.0,5273567,5273567,1
1BExV8JprNJLvLeDE9qdEW,71,71.0,71,71,1,2950620,2950620.0,2950620,2950620,1
1BKT2I9x4RGKaKqW4up34s,70,70.0,70,70,1,5928117,5928117.0,5928117,5928117,1
1SvET7grrtsHT0CkyJjJcZ,66,66.0,66,66,1,5109119,5109119.0,5109119,5109119,1
06hsdMbBxWGqBO0TV0Zrkf,71,71.0,71,71,1,194340,194340.0,194340,194340,1
5qsgK2wcodYCEbgbdCpYOG,53,53.0,53,53,1,13848580,1.384858E7,13848580,13848580,1
6Q3lFQgpvhA9VApFKLFZtZ,84,84.0,84,84,1,23342437,2.3342437E7,23342437,23342437,1
1JUnvBkX5MQlFl0DBtNsVB,36,36.0,36,36,1,162,162.0,162,162,1
0D6Imylw9Q5HZ48lj3tIw9,40,40.0,40,40,1,64,64.0,64,64,1
4E2j6b0NrYXnlypn9sMiOu,78,78.0,78,78,1,456500,456500.0,456500,456500,1
3XCGpKx1EaFA4sqgpQ2253,54,54.0,54,54,1,39852,39852.0,39852,39852,1
0InIeZW4P6VO7dUGRM4AKH,87,87.0,87,87,1,3777019,3777019.0,3777019,3777019,1
2mshVcs5SVhq59ol5zKDnL,22,22.0,22,22,1,2595,2595.0,2595,2595,1
7qZuRt0v6zox5gMAMCls5M,47,47.0,47,47,1,24105967,2.4105967E7,24105967,24105967,1
36UEl3tAYgKAB7kTnO9XDn,34,34.0,34,34,1,112957721,1.12957721E8,112957721,112957721,1
1k2pQc5i348DCHwbn5KTdc,84,84.0,84,84,1,7299563,7299563.0,7299563,7299563,1
0BJq75IdLPWnFWG0TLwoN2,48,48.0,48,48,1,13212719,1.3212719E7,13212719,13212719,1
5kVZxyMY1gfdCLiChsfjn1,75,75.0,75,75,1,102500980,1.0250098E8,102500980,102500980,1
5rF6YUIlgiat22OT1lWspJ,72,72.0,72,72,1,1205664,1205664.0,1205664,1205664,1
4j5ffIFh7bFT7GZciP1TCy,68,68.0,68,68,1,3203185,3203185.0,3203185,3203185,1
3svQyBBIXXWRWilvEpyC5S,21,21.0,21,21,1,412759,412759.0,412759,412759,1
51A8eKvvZz9uydvIZ7xRSV,55,55.0,55,55,1,145396321,1.45396321E8,145396321,145396321,1
7eZXAeqqdLDrAp2MvrPzWn,73,73.0,73,73,1,9617522,9617522.0,9617522,9617522,1
0sY6ZUTh4yoctD8VIXz339,74,74.0,74,74,1,145489371,1.45489371E8,145489371,145489371,1
40iocOzytrqaRn5RbGPDNp,65,65.0,65,65,1,21591569,2.1591569E7,21591569,21591569,1
3USxtqRwSYz57Ewm6wWRMp,85,85.0,85,85,1,4568462,4568462.0,4568462,4568462,1
70rFIfYN7lU6iTgUIVP42w,0,0.0,0,0,1,5642365,5642365.0,5642365,5642365,1
5YqwUfaeH6cs4lMjYoM77g,14,14.0,14,14,1,3885,3885.0,3885,3885,1
6NzFYtTePXtvszAjhyzKNg,52,52.0,52,52,1,15695162,1.5695162E7,15695162,15695162,1
2Lumsra3kuU61wXkEKzKaK,77,77.0,77,77,1,1744994,1744994.0,1744994,1744994,1
7EAMXbLcL0qXmciM5SwMh2,82,82.0,82,82,1,7996784,7996784.0,7996784,7996784,1
27356GVuMPFWiJSZCragoM,61,61.0,61,61,1,107389514,1.07389514E8,107389514,107389514,1
06R52iJjs79uzkSppbCHi6,0,0.0,0,0,1,3745,3745.0,3745,3745,1
1rqqCSm0Qe4I9rUvWncaom,79,79.0,79,79,1,12721192,1.2721192E7,12721192,12721192,1
45Egmo7icyopuzJN0oMEdk,73,73.0,73,73,1,16943442,1.6943442E7,16943442,16943442,1
57qiTKh8bVX0VtfUNTQqhw,58,58.0,58,58,1,112957721,1.12957721E8,112957721,112957721,1
1N7qGCKRRnvjoy8MGyHgpS,62,62.0,62,62,1,7507062,7507062.0,7507062,7507062,1
1wHZx0LgzFHyeIZkUydNXq,71,71.0,71,71,1,41131037,4.1131037E7,41131037,41131037,1
0h6SxiilAWRMA9RG6gqJc2,0,0.0,0,0,1,241512,241512.0,241512,241512,1
6sy3LkhNFjJWlaeSMNwQ62,73,73.0,73,73,1,18700851,1.8700851E7,18700851,18700851,1
4YMqbFcDIFiCBd02PzUBcM,2,2.0,2,2,1,2671075,2671075.0,2671075,2671075,1
58Eq2kLSjrTu6eghIQdeVx,0,0.0,0,0,1,347877,347877.0,347877,347877,1
3QhfFRPkhPCR1RMJWV1gde,65,65.0,65,65,1,0,0.0,0,0,1
5EhZC8GFOVXrpiUW22jncE,30,30.0,30,30,1,0,0.0,0,0,1
5xYC48nOppVemY6U5GRGTb,62,62.0,62,62,1,27141717,2.7141717E7,27141717,27141717,1
1pYKzfOlpHWtVUiEIu4Vn7,49,49.0,49,49,1,68997177,6.8997177E7,68997177,68997177,1
0dBW6ZsW8skfvoRfgeerBF,56,56.0,56,56,1,145396321,1.45396321E8,145396321,145396321,1
6lV2MSQmRIkycDScNtrBXO,78,78.0,78,78,1,2265465,2265465.0,2265465,2265465,1
4Zcz6saEkOII3PlXd9gN3o,65,65.0,65,65,1,6114655,6114655.0,6114655,6114655,1
1NrJYpdAi7uosDRPmSYrsG,69,69.0,69,69,1,18703625,1.8703625E7,18703625,18703625,1
5UWwZ5lm5PKu6eKsHAGxOk,83,83.0,83,83,1,12953020,1.295302E7,12953020,12953020,1
61RuRCugM95jERfahEuf8j,31,31.0,31,31,1,23398010,2.339801E7,23398010,23398010,1
0neVe9ZjvNk1ag0SrI2ra0,36,36.0,36,36,1,16045979,1.6045979E7,16045979,16045979,1
6tGtkJtXZytZhugipYJTCj,44,44.0,44,44,1,1324293,1324293.0,1324293,1324293,1
1UP7PXne1lIYZB5G5aiRGL,62,62.0,62,62,1,41172203,4.1172203E7,41172203,41172203,1
0Lmbke3KNVFXtoH2mMSHCw,79,79.0,79,79,1,107401919,1.07401919E8,107401919,107401919,1
0YThXX1dqUpYBLyJNAsF9N,75,75.0,75,75,1,5978358,5978358.0,5978358,5978358,1
0R6NfOiLzLj4O5VbYSJAjf,74,74.0,74,74,1,8453736,8453736.0,8453736,8453736,1
2jewIxd57lQyXWpAvBDAYg,45,45.0,45,45,1,2177612,2177612.0,2177612,2177612,1
0rdhOCfkQkOoxgShrMh7gJ,0,0.0,0,0,1,755880,755880.0,755880,755880,1
2ChOMSamIbDfZ4lA9yAiRA,51,51.0,51,51,1,210955,210955.0,210955,210955,1
1Ph96WpdjNlwD6iKRE2Xa3,60,60.0,60,60,1,188111,188111.0,188111,188111,1
7xQAfvXzm3AkraOtGPWIZg,77,77.0,77,77,1,47716988,4.7716988E7,47716988,47716988,1
3JTjLyrnevl9ASw3ayGO2P,67,67.0,67,67,1,195254,195254.0,195254,195254,1
7nAfXgeHfDO50upcOjJOaq,60,60.0,60,60,1,31785695,3.1785695E7,31785695,31785695,1
4EDijkJdHBZZ0GwJ12iTAj,74,74.0,74,74,1,112957721,1.12957721E8,112957721,112957721,1
5jl8wCqKCHCux0uWf3d7O9,69,69.0,69,69,1,15689879,1.5689879E7,15689879,15689879,1
4TVsTKQVeC99tCjfRKLeob,1,1.0,1,1,1,15689879,1.5689879E7,15689879,15689879,1
4tCtwWceOPWzenK2HAIJSb,79,79.0,79,79,1,16221646,1.6221646E7,16221646,16221646,1
0KdwmtG44yIDpyie4b0jCn,0,0.0,0,0,1,18700851,1.8700851E7,18700851,18700851,1
52ojopYMUzeNcudsoz7O9D,81,81.0,81,81,1,9509731,9509731.0,9509731,9509731,1
6cIV1mZX0yyDozyZtyGJru,50,50.0,50,50,1,34295707,3.4295707E7,34295707,34295707,1
4dBJwClRPCWgBcVYI4XO3y,32,32.0,32,32,1,104517308,1.04517308E8,104517308,104517308,1
1j8z4TTjJ1YOdoFEDwJTQa,76,76.0,76,76,1,9795296,9795296.0,9795296,9795296,1
6EIsMa5lbvljYxqCkjZVDi,48,48.0,48,48,1,107389514,1.07389514E8,107389514,107389514,1
3dgQqOiQ9fCKVhNOedd2lf,64,64.0,64,64,1,103039388,1.03039388E8,103039388,103039388,1
2OghnlGqZZsFzHjG0CSE9l,41,41.0,41,41,1,145396321,1.45396321E8,145396321,145396321,1
6hIOunhsLUT66KQgZV5dMD,0,0.0,0,0,1,195974,195974.0,195974,195974,1
55qBw1900pZKfXJ6Q9A2Lc,62,62.0,62,62,1,38393243,3.8393243E7,38393243,38393243,1
3taCbWWTilb7eNMsAzOBq4,72,72.0,72,72,1,51847587,5.1847587E7,51847587,51847587,1
4nOygULhEuDO5ZBRNPFaso,65,65.0,65,65,1,305384,305384.0,305384,305384,1
54JKnDB3CzVu8wNAOM27BI,72,72.0,72,72,1,12004691,1.2004691E7,12004691,12004691,1
4qzoHxgp42ylb18ga1SWTL,57,57.0,57,57,1,60804949,6.0804949E7,60804949,60804949,1
25FTMokYEbEWHEdss5JLZS,82,82.0,82,82,1,325342,325342.0,325342,325342,1
3kfXUGIdBNpyr2gBvU3Guj,63,63.0,63,63,1,16049674,1.6049674E7,16049674,16049674,1
3Mo4pOC2m12uXZKV3CYVsI,11,11.0,11,11,1,80,80.0,80,80,1
77CvPAHOsHWl43rUV3zsg6,28,28.0,28,28,1,44,44.0,44,44,1
5BZsQlgw21vDOAjoqkNgKb,91,91.0,91,91,1,85008100,8.50081E7,85008100,85008100,1
32GOfiLnbER2VOOxJkg29P,70,70.0,70,70,1,33160,33160.0,33160,33160,1
0BpZzhGDm4rzsZTlrpzQ6p,42,42.0,42,42,1,4968982,4968982.0,4968982,4968982,1
5oCyK3vuoQWzczWNwabnL9,61,61.0,61,61,1,362833,362833.0,362833,362833,1
5omsA9yQX5gslmkiIh0swF,29,29.0,29,29,1,8731,8731.0,8731,8731,1
5QVVjX0ZItqlVpEuVCM9Yg,69,69.0,69,69,1,145443567,1.45443567E8,145443567,145443567,1
3rUGC1vUpkDG9CZFHMur1t,87,87.0,87,87,1,9256589,9256589.0,9256589,9256589,1
1w4ft7YXphWqyk6DpaY290,38,38.0,38,38,1,78451,78451.0,78451,78451,1
7GRv55NwkjxU2ysJLwzC9c,61,61.0,61,61,1,6315216,6315216.0,6315216,6315216,1
4NZkwpYuSVe8ki1UH4xNtz,57,57.0,57,57,1,754907,754907.0,754907,754907,1
0nj10HgZ07ALWmo7NFbUrQ,30,30.0,30,30,1,26278854,2.6278854E7,26278854,26278854,1
404eOIgbr1qdzcJ7BE1Xtz,44,44.0,44,44,1,241463,241463.0,241463,241463,1
1oQDxrvz8PAxAAs0Sl1dcX,44,44.0,44,44,1,9406293,9406293.0,9406293,9406293,1
3hxIUxnT27p5WcmjGUXNwx,86,86.0,86,86,1,1072935,1072935.0,1072935,1072935,1
2D0FX6WiP1GKGL3yCdXxs7,61,61.0,61,61,1,1178491,1178491.0,1178491,1178491,1
7GCd2343jBECRPDYOAFI9c,42,42.0,42,42,1,344334,344334.0,344334,344334,1
4ZT9FnbFu1PaBfV3itxiqT,66,66.0,66,66,1,5287479,5287479.0,5287479,5287479,1
5WtfUKzXircvW8l5aaVZWT,73,73.0,73,73,1,5292781,5292781.0,5292781,5292781,1
5O9zs6G6RcB6yP1OKwnwiM,62,62.0,62,62,1,15031490,1.503149E7,15031490,15031490,1
1GwMQaZz6Au3QLDbjbMdme,77,77.0,77,77,1,145542136,1.45542136E8,145542136,145542136,1
75u4UoGKIa3mDTPmCEkn4J,30,30.0,30,30,1,111969,111969.0,111969,111969,1
7JYsArznYOjX2jsrT3UEnL,67,67.0,67,67,1,1620170,1620170.0,1620170,1620170,1
5G0oVoL309pqsvGDzhMOwx,16,16.0,16,16,1,257992,257992.0,257992,257992,1
1udlW04MoYgdZjaIv5pFh1,33,33.0,33,33,1,5042529,5042529.0,5042529,5042529,1
4b7vk8SRcYgnxpk0JOIS7r,70,70.0,70,70,1,41107596,4.1107596E7,41107596,41107596,1
2whoe0pPKh4JRn6eWSIqTV,0,0.0,0,0,1,26278854,2.6278854E7,26278854,26278854,1
709VlbVBMRxHcZRfpwj2gK,30,30.0,30,30,1,218901,218901.0,218901,218901,1
7nzsY8vlnKdvGOEE0rjAXZ,75,75.0,75,75,1,32068481,3.2068481E7,32068481,32068481,1
5r00wpsojd4mBYaQFDvni7,63,63.0,63,63,1,9408174,9408174.0,9408174,9408174,1
1DqdF42leyFIzqNDv9CjId,70,70.0,70,70,1,2367073,2367073.0,2367073,2367073,1
1OOtq8tRnDM8kG2gqUPjAj,75,75.0,75,75,1,37431031,3.7431031E7,37431031,37431031,1
1WzAeadSKJhqykZFbJNmQv,73,73.0,73,73,1,2716219,2716219.0,2716219,2716219,1
1VNWaY3uNfoeWqb5U8x2QX,82,82.0,82,82,1,13976718,1.3976718E7,13976718,13976718,1
3mpLAhFWyJY2TZKCfTMqAP,34,34.0,34,34,1,13708054,1.3708054E7,13708054,13708054,1
0t33Xoj1h7UBmr3GvrcMQb,24,24.0,24,24,1,23384088,2.3384088E7,23384088,23384088,1
6QewNVIDKdSl8Y3ycuHIei,79,79.0,79,79,1,9918220,9918220.0,9918220,9918220,1
5gOd6zDC8vhlYjqbQdJVWP,72,72.0,72,72,1,453708,453708.0,453708,453708,1
1rxoyGj1QuPoVi8fOft1Kt,57,57.0,57,57,1,30714318,3.0714318E7,30714318,30714318,1
0vXBmU9Zus9ZtbR4kvZAjH,52,52.0,52,52,1,130408,130408.0,130408,130408,1
4CfLcQF1pdYRvMqyyCJfxN,41,41.0,41,41,1,2754,2754.0,2754,2754,1
7tZlvvEpX3FEFoYsOI55FB,58,58.0,58,58,1,85022258,8.5022258E7,85022258,85022258,1
4lGHyCRc06uJfcUaidaihu,44,44.0,44,44,1,825,825.0,825,825,1
463hYpO0Sj96MgruN8zgfG,44,44.0,44,44,1,10272,10272.0,10272,10272,1
2vlkTkPqdATznKHu9gD2c1,77,77.0,77,77,1,68931,68931.0,68931,68931,1
2Iv2LfBnh1oNKqqTg8AaSY,0,0.0,0,0,1,90428,90428.0,90428,90428,1
4914PrOstXwsOjHL2bIjEb,30,30.0,30,30,1,2964,2964.0,2964,2964,1
4mHM5d2fK3n8xgymjf92w2,62,62.0,62,62,1,107401919,1.07401919E8,107401919,107401919,1
2ByBBvpR9b7IynvRmnG7kG,68,68.0,68,68,1,145489371,1.45489371E8,145489371,145489371,1
1YnChEM51BVZ5dRhbVFEMl,70,70.0,70,70,1,102500980,1.0250098E8,102500980,102500980,1
7exHT4swWOKL5addPeqkLP,70,70.0,70,70,1,10636129,1.0636129E7,10636129,10636129,1
7FmYn9e7KHMXcxqGSj9LjH,69,69.0,69,69,1,145489371,1.45489371E8,145489371,145489371,1
66tOfHVH3aUrscg8vExRV4,62,62.0,62,62,1,145443567,1.45443567E8,145443567,145443567,1
6ZPhBXgckw0S3k0zjn2NGJ,44,44.0,44,44,1,21591569,2.1591569E7,21591569,21591569,1
2LseyBkPJv7r7wCt2yMEgX,51,51.0,51,51,1,26564677,2.6564677E7,26564677,26564677,1
4Lxseh0wN7N0ljiOh8KwbU,54,54.0,54,54,1,42528657,4.2528657E7,42528657,42528657,1
1SymEzIT3H8UZfibCs3TYi,73,73.0,73,73,1,145396321,1.45396321E8,145396321,145396321,1
7cqWFAUdvAs0cBu3dIXu58,48,48.0,48,48,1,79399,79399.0,79399,79399,1
3kwKL0TkuPdt4kpAyaBezI,36,36.0,36,36,1,1105908,1105908.0,1105908,1105908,1
3x4nDoh6geWh4RFCySk8q5,8,8.0,8,8,1,28312,28312.0,28312,28312,1
4gmmRb6bZJffOOiww1JGTO,67,67.0,67,67,1,23822155,2.3822155E7,23822155,23822155,1
00AxNl4D4jHL2AEf1W55j5,46,46.0,46,46,1,3316476,3316476.0,3316476,3316476,1
6YwLgicpvVuMt1eE2OldwQ,65,65.0,65,65,1,1266989,1266989.0,1266989,1266989,1
52va9ph4XRXBL2Fwx7aAmX,30,30.0,30,30,1,104517308,1.04517308E8,104517308,104517308,1
4RyK6N4IQ85xxLgguQAFH5,66,66.0,66,66,1,51773650,5.177365E7,51773650,51773650,1
09qzRI951OVkXGCc33gzcT,70,70.0,70,70,1,3336633,3336633.0,3336633,3336633,1
53BZ6XygAoubR5DU5w38Vq,60,60.0,60,60,1,7081511,7081511.0,7081511,7081511,1
6HjtZWIo0bh0KLD8Tq4ujR,62,62.0,62,62,1,544907,544907.0,544907,544907,1
4xkOaSrkexMciUUogZKVTS,83,83.0,83,83,1,104517308,1.04517308E8,104517308,104517308,1
24zf0idYL805exhfM76BoJ,22,22.0,22,22,1,23384088,2.3384088E7,23384088,23384088,1
3NfsrLxU2YS52zSS1cOlTI,21,21.0,21,21,1,23398010,2.339801E7,23398010,23398010,1
5amdAZWVhOqFHodIyf53bI,60,60.0,60,60,1,42275793,4.2275793E7,42275793,42275793,1
0MrTtNjPbu7fMVPeqrlTII,0,0.0,0,0,1,355,355.0,355,355,1
53dtP2iUMvaF28JZcHnFuU,70,70.0,70,70,1,49083617,4.9083617E7,49083617,49083617,1
5KtDo0LvaAVjRXrIFrYgUF,51,51.0,51,51,1,220555,220555.0,220555,220555,1
1a7tOEheXeaSNathZW4Gzk,55,55.0,55,55,1,9504357,9504357.0,9504357,9504357,1
4DyfOU0eiwkHIbUT0bU2DX,28,28.0,28,28,1,1215070,1215070.0,1215070,1215070,1
2MJz8BxxMsERULatmBikDH,0,0.0,0,0,1,1862702,1862702.0,1862702,1862702,1
38JOdzBE9kPj5UhKtqIIqQ,51,51.0,51,51,1,112995439,1.12995439E8,112995439,112995439,1
1i8dJGpKO0xQiKGCVslJqB,74,74.0,74,74,1,1456368,1456368.0,1456368,1456368,1
0EIxLAgV5FNxKQiqI4n923,38,38.0,38,38,1,2177376,2177376.0,2177376,2177376,1
6XDcPFkoOIq7HSYPPsISMK,49,49.0,49,49,1,4307803,4307803.0,4307803,4307803,1
4xD54NS4r4CCwuyIrYMEtV,36,36.0,36,36,1,4307803,4307803.0,4307803,4307803,1
09IStsImFySgyp0pIQdqAc,77,77.0,77,77,1,6111369,6111369.0,6111369,6111369,1
1cS0TgbR263ey9jn0MwD2s,71,71.0,71,71,1,104559284,1.04559284E8,104559284,104559284,1
49qEikVVPd6PgH6S2pbXjZ,60,60.0,60,60,1,178158,178158.0,178158,178158,1
4wNQAG2BzbVkLhdajjxGpR,51,51.0,51,51,1,46891061,4.6891061E7,46891061,46891061,1
0aIW3ekrhK1eh3BYCh11op,68,68.0,68,68,1,345962,345962.0,345962,345962,1
5o7ZDvfOry1MNhNLBOJulo,1,1.0,1,1,1,3698335,3698335.0,3698335,3698335,1
3ih1Op3mIIBPc45JMVfWCw,53,53.0,53,53,1,274288,274288.0,274288,274288,1
5pU2jicRzE4NAgXE7rOcKV,67,67.0,67,67,1,27288825,2.7288825E7,27288825,27288825,1
2vpVR1L7Qfkd7D6qFNuorq,52,52.0,52,52,1,222178,222178.0,222178,222178,1
7FYH5AW3bVfZHJIQpq3UOA,74,74.0,74,74,1,11543082,1.1543082E7,11543082,11543082,1
04aAxqtGp5pv12UXAg4pkq,81,81.0,81,81,1,11415609,1.1415609E7,11415609,11415609,1
6iWMI5oOhWrDbLbjmwTWFq,54,54.0,54,54,1,145443567,1.45443567E8,145443567,145443567,1
5CXnIPD6rTjszYYQm6fY2P,60,60.0,60,60,1,5588772,5588772.0,5588772,5588772,1
30CkdHzQnMEI8JvQLkWlP3,0,0.0,0,0,1,60303,60303.0,60303,60303,1
5pY3ovFxbvAg7reGZjJQSp,1,1.0,1,1,1,122773292,1.22773292E8,122773292,122773292,1
5gRYrtvyVyaCRvLt56OfuV,55,55.0,55,55,1,145489371,1.45489371E8,145489371,145489371,1
5xKVYMxOHB2XRLCUafFrz6,59,59.0,59,59,1,4777574,4777574.0,4777574,4777574,1
1bf8vfTALRGvfj6tUgFlGh,44,44.0,44,44,1,42275793,4.2275793E7,42275793,42275793,1
22KvbVZLVA9aY7zsRWK0fw,51,51.0,51,51,1,4777574,4777574.0,4777574,4777574,1
7LVHVU3tWfcxj5aiPFEW4Q,85,85.0,85,85,1,60830643,6.0830643E7,60830643,60830643,1
3TCauNPqFiniaYHBvEVoHG,67,67.0,67,67,1,9250522,9250522.0,9250522,9250522,1
2VrJMuLt2m9HbifGrKWHqk,58,58.0,58,58,1,8466090,8466090.0,8466090,8466090,1
3tnxGMetnz5YVivUWJJ8ay,44,44.0,44,44,1,13708054,1.3708054E7,13708054,13708054,1
48YkpE5enOln5c7jXSTuHL,61,61.0,61,61,1,23384088,2.3384088E7,23384088,23384088,1
1oQW6G2ZiwMuHqlPpP27DB,0,0.0,0,0,1,2363438,2363438.0,2363438,2363438,1
6DIrsJFPypT0Z3emDKnXYd,32,32.0,32,32,1,1982,1982.0,1982,1982,1
6iAWfzQSSHemnvL5yq1q2k,66,66.0,66,66,1,42256604,4.2256604E7,42256604,42256604,1
2wG3D8olWkyEV7Ij57c8gP,34,34.0,34,34,1,398681,398681.0,398681,398681,1
30sz1m8Sdasylnfb4IqDoz,48,48.0,48,48,1,491,491.0,491,491,1
4Q0qVhFQa7j6jRKzo3HDmP,83,83.0,83,83,1,122802777,1.22802777E8,122802777,122802777,1
3AWDeHLc88XogCaCnZQLVI,82,82.0,82,82,1,112918137,1.12918137E8,112918137,112918137,1
6XaJfhwof7qIgbbXO5tIQI,76,76.0,76,76,1,9469943,9469943.0,9469943,9469943,1
48qgXl0CQUVYJVn6xv0rsP,50,50.0,50,50,1,8083202,8083202.0,8083202,8083202,1
6FpdEqPmZ9aXIXiDi0Ke0f,41,41.0,41,41,1,51773650,5.177365E7,51773650,51773650,1
1nYzjrdVQ8RpF93M0jPFW7,70,70.0,70,70,1,570879,570879.0,570879,570879,1
3B4etxytImrRKQgV3XHjnR,76,76.0,76,76,1,38385499,3.8385499E7,38385499,38385499,1
5KqgCoUfSSqANtyVoHv6Ml,36,36.0,36,36,1,1271823,1271823.0,1271823,1271823,1
2uZkWDubNphtNJxUbvCLd7,44,44.0,44,44,1,1442113,1442113.0,1442113,1442113,1
1hnIpQ31ko7CPNhOXcFrsU,17,17.0,17,17,1,2100243,2100243.0,2100243,2100243,1
4jR10JgmEFdS4kNq4DV5RC,42,42.0,42,42,1,29404,29404.0,29404,29404,1
5FkoSXiJPKTNyYgALRJFhD,75,75.0,75,75,1,3128839,3128839.0,3128839,3128839,1
0rTV5WefWd1J3OwIheTzxM,63,63.0,63,63,1,16943442,1.6943442E7,16943442,16943442,1
0GxQ1A5L9xnMOytbP6eKBG,72,72.0,72,72,1,45771951,4.5771951E7,45771951,45771951,1
2TXtN9MoV308Y0z1HvyTfV,76,76.0,76,76,1,7052478,7052478.0,7052478,7052478,1
46SOM5rxqJ6YWAQUAX93xa,39,39.0,39,39,1,6165678,6165678.0,6165678,6165678,1
2OALaHcDdKkjYEpAr0Qzab,46,46.0,46,46,1,23434221,2.3434221E7,23434221,23434221,1
152lZdxL1OR0ZMW6KquMif,77,77.0,77,77,1,16946293,1.6946293E7,16946293,16946293,1
212ecIiQ47VqrOLRTwXaMB,53,53.0,53,53,1,107389514,1.07389514E8,107389514,107389514,1
7HzCxalzzYQOFb9a7Xs3j6,1,1.0,1,1,1,1526336,1526336.0,1526336,1526336,1
2mCF8L0brIs88eH6Kf2h9p,67,67.0,67,67,1,3877733,3877733.0,3877733,3877733,1
2EiGECydkS2M8OCcRHQZhT,1,1.0,1,1,1,9112977,9112977.0,9112977,9112977,1
6hy9IkiPT2516oFewjvLcv,35,35.0,35,35,1,218901,218901.0,218901,218901,1
0B7wvvmu9EISAwZnOpjhNI,54,54.0,54,54,1,75492598,7.5492598E7,75492598,75492598,1
4lCv7b86sLynZbXhfScfm2,70,70.0,70,70,1,38400585,3.8400585E7,38400585,38400585,1
5xvUgoVED1F4mBu8FL0HaW,68,68.0,68,68,1,1320576,1320576.0,1320576,1320576,1
6LxSe8YmdPxy095Ux6znaQ,85,85.0,85,85,1,103094105,1.03094105E8,103094105,103094105,1
0OETMJ8CZV2GQ4m79thkea,34,34.0,34,34,1,64972,64972.0,64972,64972,1
4650WGL6InVqP7YN5POqIz,62,62.0,62,62,1,4431588,4431588.0,4431588,4431588,1
161DnLWsx1i3u1JT05lzqU,82,82.0,82,82,1,75455093,7.5455093E7,75455093,75455093,1
6KOEK6SeCEZOQkLj5M1PxH,74,74.0,74,74,1,38409786,3.8409786E7,38409786,38409786,1
1zRxId8yeo2i2d1A1U289h,0,0.0,0,0,1,72674,72674.0,72674,72674,1
1tF1J2fK1F9iQ8UUD1Iai5,59,59.0,59,59,1,1110794,1110794.0,1110794,1110794,1
17leTzpwQBLeqJRYzhJKbi,54,54.0,54,54,1,351329,351329.0,351329,351329,1
3kZoay4ANo86ehb6s4RwS9,68,68.0,68,68,1,1016915,1016915.0,1016915,1016915,1
40LQiUUUKXVGyNs09lHVjW,75,75.0,75,75,1,2078962,2078962.0,2078962,2078962,1
2kbfnwiQvVx7rtLCYog7eD,42,42.0,42,42,1,1486975,1486975.0,1486975,1486975,1
503OTo2dSqe7qk76rgsbep,82,82.0,82,82,1,15098281,1.5098281E7,15098281,15098281,1
3cfOd4CMv2snFaKAnMdnvK,78,78.0,78,78,1,1197682,1197682.0,1197682,1197682,1
3MjUtNVVq3C8Fn0MP3zhXa,82,82.0,82,82,1,17755451,1.7755451E7,17755451,17755451,1
1cxNr9Y2kNhKntoHgpF43y,33,33.0,33,33,1,2448,2448.0,2448,2448,1
5q9I5RmmrLC4U2mW2BnF3K,75,75.0,75,75,1,25953771,2.5953771E7,25953771,25953771,1
388JceJm7784qgHipfPKmr,61,61.0,61,61,1,49050008,4.9050008E7,49050008,49050008,1
0rx7xu0RmZLpJjKNVZjSVv,72,72.0,72,72,1,12337033,1.2337033E7,12337033,12337033,1
1l07CC7AcIZqN9e902jvPY,30,30.0,30,30,1,378,378.0,378,378,1
0yweNEzsv4INMDvBqKMxiE,43,43.0,43,43,1,17142,17142.0,17142,17142,1
3siwsiaEoU4Kuuc9WKMUy5,89,89.0,89,89,1,3777019,3777019.0,3777019,3777019,1
6JVOeKaRMwFjgiH3IbZhW1,44,44.0,44,44,1,2159,2159.0,2159,2159,1
2d8UxVNhJinc8uat9PoM9y,70,70.0,70,70,1,145396321,1.45396321E8,145396321,145396321,1
1bvh7jWjFw6QIYH7gzBfPE,59,59.0,59,59,1,130298,130298.0,130298,130298,1
7IiOhvduGa8urDPC6l3CWo,61,61.0,61,61,1,49067177,4.9067177E7,49067177,49067177,1
00HXcPvSkVYajctJV2lbUj,34,34.0,34,34,1,23528,23528.0,23528,23528,1
1yHVHoz6Ny29gbbWJYVnFt,1,1.0,1,1,1,10237757,1.0237757E7,10237757,10237757,1
2ty6DmPnxVPpEFuB23XM0x,56,56.0,56,56,1,33029522,3.3029522E7,33029522,33029522,1
0V3wPSX9ygBnCm8psDIegu,79,79.0,79,79,1,145489371,1.45489371E8,145489371,145489371,1
6IyoLWzljeR3ldQo4KWHT6,72,72.0,72,72,1,5976603,5976603.0,5976603,5976603,1
4pjqoQgiGYbAhaN8T8eJGj,18,18.0,18,18,1,340030,340030.0,340030,340030,1
4IQkfUsrwXol38VV3U7t7T,63,63.0,63,63,1,145396321,1.45396321E8,145396321,145396321,1
0T8ynQex2Kac6tBozo8M7a,37,37.0,37,37,1,1296424,1296424.0,1296424,1296424,1
463PQggkmk5tTw8ug0ahOX,58,58.0,58,58,1,33029522,3.3029522E7,33029522,33029522,1
776xH04Us0YBTdspg6C1cP,47,47.0,47,47,1,470367,470367.0,470367,470367,1
6cy3ki60hLwimwIje7tALf,68,68.0,68,68,1,9556340,9556340.0,9556340,9556340,1
2J0NXdHr6MYvKDSxB7k3V2,64,64.0,64,64,1,47722935,4.7722935E7,47722935,47722935,1
2nC3QhMI9reBIOWutbU3Tj,72,72.0,72,72,1,2554758,2554758.0,2554758,2554758,1
3nkA1BXQFsT1rP2rNzufhh,33,33.0,33,33,1,71773,71773.0,71773,71773,1
74OqfDdUQZWliXlNK0DqDD,37,37.0,37,37,1,111969,111969.0,111969,111969,1
2ekn2ttSfGqwhhate0LSR0,80,80.0,80,80,1,46895665,4.6895665E7,46895665,46895665,1
6WRoXNmdTBLPrs1iPBcLmy,30,30.0,30,30,1,190329,190329.0,190329,190329,1
7qiZfU4dY1lWllzX7mPBI3,88,88.0,88,88,1,122773292,1.22773292E8,122773292,122773292,1
3EGW6TGGbdk6Ys1Y3HU3lj,67,67.0,67,67,1,22220366,2.2220366E7,22220366,22220366,1
0xtIp0lgccN85GfGOekS5L,75,75.0,75,75,1,9523590,9523590.0,9523590,9523590,1
0xCA70t1ZA4fa9UOE0lIJm,59,59.0,59,59,1,122773292,1.22773292E8,122773292,122773292,1
1gihuPhrLraKYrJMAEONyc,81,81.0,81,81,1,23078931,2.3078931E7,23078931,23078931,1
7r6PigmGzlB3YPB7wvBBbi,75,75.0,75,75,1,10371098,1.0371098E7,10371098,10371098,1
5mFMb5OHI3cN0UjITVztCj,66,66.0,66,66,1,66720643,6.6720643E7,66720643,66720643,1
1UBd7aWHZCz8yirI9KCvAU,55,55.0,55,55,1,350647,350647.0,350647,350647,1
5YbJGE2knWuJwePku7BlPo,22,22.0,22,22,1,14818,14818.0,14818,14818,1
38xWaVFKaxZlMFvzNff2aW,66,66.0,66,66,1,8811891,8811891.0,8811891,8811891,1
4tg3hSmrBwoul3VpjS66VU,52,52.0,52,52,1,218503,218503.0,218503,218503,1
516y87EWAMrTZCkp1kQzk1,28,28.0,28,28,1,699238,699238.0,699238,699238,1
45Ec9tNPuonApiArePn5al,44,44.0,44,44,1,1604690,1604690.0,1604690,1604690,1
4AD2dterIUjNt1LFNI9Bvi,61,61.0,61,61,1,143332,143332.0,143332,143332,1
55KiH7trhaYSrS2HNtDVr0,22,22.0,22,22,1,13709065,1.3709065E7,13709065,13709065,1
6sawhOATOEe0cGzXJfMJQE,42,42.0,42,42,1,3738987,3738987.0,3738987,3738987,1
4w3tQBXhn5345eUXDGBWZG,75,75.0,75,75,1,2969733,2969733.0,2969733,2969733,1
3orYgsOb8x1HPVwzeZBCur,30,30.0,30,30,1,1897,1897.0,1897,1897,1
0WPC7zoxtjUMCpm3u0Xw7C,64,64.0,64,64,1,9249502,9249502.0,9249502,9249502,1
5ExOm0dh4NyRyAdSAO9hyM,69,69.0,69,69,1,145396321,1.45396321E8,145396321,145396321,1
57BlL9l7O9JmUcD4cFnCH8,45,45.0,45,45,1,1057994,1057994.0,1057994,1057994,1
4qSEvFGCpde73gqIuq3sho,72,72.0,72,72,1,102500980,1.0250098E8,102500980,102500980,1
7aqfrAY2p9BUSiupwk3svU,72,72.0,72,72,1,103039388,1.03039388E8,103039388,103039388,1
3Y2P7XucE49CCp6zjtqilF,22,22.0,22,22,1,644838,644838.0,644838,644838,1
1rZsn9K890Goymfl7YIdgY,51,51.0,51,51,1,7220459,7220459.0,7220459,7220459,1
23Yf8RodzTmiLqR0nIB8EN,0,0.0,0,0,1,28773,28773.0,28773,28773,1
7JWeTWbbNaJ84MKdRNSpTn,25,25.0,25,25,1,133588,133588.0,133588,133588,1
403J2ArGAXfFE6H1Ip14zB,27,27.0,27,27,1,718358,718358.0,718358,718358,1
2wkIdVB8HsWyMur3Q4shlZ,62,62.0,62,62,1,9241516,9241516.0,9241516,9241516,1
1dIWPXMX4kRHj6Dt2DStUQ,69,69.0,69,69,1,576932,576932.0,576932,576932,1
1IWNylpZ477gIVUDpJL66u,64,64.0,64,64,1,42256604,4.2256604E7,42256604,42256604,1
4POHzEwNTCYaIvqCUp3NnO,0,0.0,0,0,1,10246566,1.0246566E7,10246566,10246566,1
6kxXgUyPMsP43mbXAMVjWY,38,38.0,38,38,1,5195,5195.0,5195,5195,1
1dGr1c8CrMLDpV6mPbImSI,84,84.0,84,84,1,145489371,1.45489371E8,145489371,145489371,1
2Fxmhks0bxGSBdJ92vM42m,82,82.0,82,82,1,118692183,1.18692183E8,118692183,118692183,1
5qrSlOut2rNAWv3ubArkNy,77,77.0,77,77,1,4155089,4155089.0,4155089,4155089,1
3TETmhGNWOcquUTtcr6RIR,57,57.0,57,57,1,2646110,2646110.0,2646110,2646110,1
1jzOG0T6JjvaOoHgzl91Nd,47,47.0,47,47,1,10342615,1.0342615E7,10342615,10342615,1
3xYfDSxJhRLDIb1fw71WTw,57,57.0,57,57,1,81181104,8.1181104E7,81181104,81181104,1
4OafepJy2teCjYJbvFE60J,71,71.0,71,71,1,107401919,1.07401919E8,107401919,107401919,1
6eygbzyL6hY8jFQTARDuo9,76,76.0,76,76,1,51773650,5.177365E7,51773650,51773650,1
35QZaWQRkmnAVqBF1TLCxQ,65,65.0,65,65,1,122789460,1.2278946E8,122789460,122789460,1
3aJkV6DUTSCqOwVwaBDG9B,63,63.0,63,63,1,103094105,1.03094105E8,103094105,103094105,1
3pyrRowLIrRCHzg7cdzMy9,52,52.0,52,52,1,1617182,1617182.0,1617182,1617182,1
7fBv7CLKzipRk6EC6TWHOB,86,86.0,86,86,1,112995439,1.12995439E8,112995439,112995439,1
0bA3NI3yaUMhbGLOwrs6cS,32,32.0,32,32,1,12477,12477.0,12477,12477,1
7N0XzHKFJVAg1sG3kXmLMm,46,46.0,46,46,1,21606569,2.1606569E7,21606569,21606569,1
466s1BacUmiRdR3ISvNjyx,59,59.0,59,59,1,12190846,1.2190846E7,12190846,12190846,1
2wTG9sPQKxtZ1GlOwbgyFf,0,0.0,0,0,1,430400,430400.0,430400,430400,1
4Ub8UsjWuewQrPhuepfVpd,74,74.0,74,74,1,5647181,5647181.0,5647181,5647181,1
0hm8rgOY17z7kQJlqGKbu7,2,2.0,2,2,1,6613930,6613930.0,6613930,6613930,1
6KuHjfXHkfnIjdmcIvt9r0,67,67.0,67,67,1,58364373,5.8364373E7,58364373,58364373,1
6tXjP6xgPJ7Xr1igrO6bOE,2,2.0,2,2,1,68997177,6.8997177E7,68997177,68997177,1
5HbCnVLXRyZVxnreOPgJCK,4,4.0,4,4,1,12004691,1.2004691E7,12004691,12004691,1
3ZFTkvIE7kyPt6Nu3PEa7V,39,39.0,39,39,1,39788275,3.9788275E7,39788275,39788275,1
0QiHMdOI4BZ4D9Lc6kczNl,49,49.0,49,49,1,143332,143332.0,143332,143332,1
6HZdbb05lEXLvcmee3ZXO2,57,57.0,57,57,1,31785695,3.1785695E7,31785695,31785695,1
2Cdvbe2G4hZsnhNMKyGrie,77,77.0,77,77,1,1114209,1114209.0,1114209,1114209,1
19A7srqQSXoW14muGyiHjg,33,33.0,33,33,1,13826,13826.0,13826,13826,1
3gKR0BUqtDToXhqhTH7Opg,39,39.0,39,39,1,405,405.0,405,405,1
44t9rTRjK82lBbZwuePQOE,73,73.0,73,73,1,1262133,1262133.0,1262133,1262133,1
2jNyiavSywmA472t2m6ZBz,41,41.0,41,41,1,10539134,1.0539134E7,10539134,10539134,1
1YRbAonLvmuUILvQso0gUM,73,73.0,73,73,1,107389514,1.07389514E8,107389514,107389514,1
5ZDKPFRZC6QlJpf8bCIXTs,75,75.0,75,75,1,112918137,1.12918137E8,112918137,112918137,1
1d7Ptw3qYcfpdLNL5REhtJ,69,69.0,69,69,1,26538275,2.6538275E7,26538275,26538275,1
0Tuhlg4CnCCgUBkd4yahfu,23,23.0,23,23,1,174981,174981.0,174981,174981,1
5D27wJnVQwYD7fAKaODHgs,61,61.0,61,61,1,49050008,4.9050008E7,49050008,49050008,1
0C7x2CuGep5Vd90Dvf30M0,28,28.0,28,28,1,26275803,2.6275803E7,26275803,26275803,1
5XgiTDXIMbw4biUJs5BUMl,47,47.0,47,47,1,559539,559539.0,559539,559539,1
42JkixtxgfPZGOd5GrWqqZ,20,20.0,20,20,1,8658,8658.0,8658,8658,1
01QdEx6kFr78ZejhQtWR5m,58,58.0,58,58,1,145443567,1.45443567E8,145443567,145443567,1
0VF7YLIxSQKyNiFL3X6MmN,70,70.0,70,70,1,21598900,2.15989E7,21598900,21598900,1
1JRwTqV7Gc434iacyjeBkt,43,43.0,43,43,1,170130,170130.0,170130,170130,1
0m4owjJfbhz8xgK5CXJwMz,35,35.0,35,35,1,929485,929485.0,929485,929485,1
2wHxzYr79APBJ27xP3dYZd,8,8.0,8,8,1,221,221.0,221,221,1
4pfhgOylRLcBll5JjUsJZj,66,66.0,66,66,1,2356803,2356803.0,2356803,2356803,1
2HZLXBOnaSRhXStMLrq9fD,5,5.0,5,5,1,3770138,3770138.0,3770138,3770138,1
4no0eHn4fEB7tN1yZSXMma,48,48.0,48,48,1,12310527,1.2310527E7,12310527,12310527,1
43oK4OAWUsRZUDVeHtKI4U,46,46.0,46,46,1,46891061,4.6891061E7,46891061,46891061,1
2qT1uLXPVPzGgFOx4jtEuo,79,79.0,79,79,1,107401919,1.07401919E8,107401919,107401919,1
7wBJfHzpfI3032CSD7CE2m,73,73.0,73,73,1,41107596,4.1107596E7,41107596,41107596,1
6VZdHKBI7BQfvLLIA2E4Qg,10,10.0,10,10,1,226,226.0,226,226,1
4NZrZgrRoR4GwR7flWOXRI,71,71.0,71,71,1,2177376,2177376.0,2177376,2177376,1
4Ce37cRWvM1vIGGynKcs22,71,71.0,71,71,1,8862299,8862299.0,8862299,8862299,1
1ZRXjiUrYkXLmOBatgpXDE,35,35.0,35,35,1,37513,37513.0,37513,37513,1
1f8zcJPvJKvxAOjEqM0pyc,72,72.0,72,72,1,85034636,8.5034636E7,85034636,85034636,1
6nUKELHbV6Tdj5OuQbksKH,37,37.0,37,37,1,9407321,9407321.0,9407321,9407321,1
5zT5cMnMKoyruPj13TQXGx,74,74.0,74,74,1,562813,562813.0,562813,562813,1
40EB7ABUO6MoWMUwPKptJ7,65,65.0,65,65,1,4106519,4106519.0,4106519,4106519,1
3nRmDz7qGCvsMS30rGGY0x,52,52.0,52,52,1,145396321,1.45396321E8,145396321,145396321,1
2Kz5qeXifBxE0zmuoVchlM,73,73.0,73,73,1,3737128,3737128.0,3737128,3737128,1
1gL4vMhDV3RgJQmDuY5HK1,45,45.0,45,45,1,145396321,1.45396321E8,145396321,145396321,1
0F2S1QlnMaOfmNHIgmES3k,45,45.0,45,45,1,145396321,1.45396321E8,145396321,145396321,1
5tMNfvZZTSmeterYKXYjdL,42,42.0,42,42,1,7220459,7220459.0,7220459,7220459,1
3Tj1luJyKPQt7WbrqpJ2Az,58,58.0,58,58,1,104517308,1.04517308E8,104517308,104517308,1
1BWgQUimJFzvaxsc8mNaZn,40,40.0,40,40,1,84615,84615.0,84615,84615,1
2f6s0AcBRBE0vIOU0NMdXw,51,51.0,51,51,1,26561582,2.6561582E7,26561582,26561582,1
3NCQXCBVdstcce7BI00HtR,36,36.0,36,36,1,3748353,3748353.0,3748353,3748353,1
7KysI43rsjlhjTeWO6ePUq,65,65.0,65,65,1,3371242,3371242.0,3371242,3371242,1
1E6DYXSxV2mleC4nh4XnKT,28,28.0,28,28,1,23398010,2.339801E7,23398010,23398010,1
08mG3Y1vljYA6bvDt4Wqkj,84,84.0,84,84,1,32291922,3.2291922E7,32291922,32291922,1
6S3JlDAGk3uu3NtZbPnuhS,61,61.0,61,61,1,445170,445170.0,445170,445170,1
6dGnYIeXmHdcikdzNNDMm2,82,82.0,82,82,1,30714318,3.0714318E7,30714318,30714318,1
65vAx13K5AlJ5IEpw2ZcTK,58,58.0,58,58,1,42256604,4.2256604E7,42256604,42256604,1
0SKrbuSuJDqDyAHsWQv0iQ,32,32.0,32,32,1,398642,398642.0,398642,398642,1
7H7SIkUTvK6LTuadr2qmzl,34,34.0,34,34,1,2157,2157.0,2157,2157,1
4tIweg2kPmY8MvchXcrS70,42,42.0,42,42,1,378,378.0,378,378,1
5trH6TjbYDHRFsPk65mhdZ,53,53.0,53,53,1,21782,21782.0,21782,21782,1
22DH8NChecsgPxDjA4pqer,70,70.0,70,70,1,8079123,8079123.0,8079123,8079123,1
1DTRUYVd8rYpla9hhVVwjo,66,66.0,66,66,1,145489371,1.45489371E8,145489371,145489371,1
1De425SCFJULIHbcmeebUw,79,79.0,79,79,1,963679,963679.0,963679,963679,1
2EgFJVXw76TqnoSjwk7htO,40,40.0,40,40,1,4170,4170.0,4170,4170,1
4ibpaJjjg5u3rblFzgavM0,35,35.0,35,35,1,1843,1843.0,1843,1843,1
3wsokSlQMEqbZ955nGiD8t,34,34.0,34,34,1,11030,11030.0,11030,11030,1
7CyPwkp0oE8Ro9Dd5CUDjW,91,91.0,91,91,1,112918137,1.12918137E8,112918137,112918137,1
0wrQDxvQVcpYy0eI4H3lvy,8,8.0,8,8,1,180459,180459.0,180459,180459,1
3azJifCSqg9fRij2yKIbWz,84,84.0,84,84,1,8276031,8276031.0,8276031,8276031,1
03ERnTvSV5fy8WAyvA4uNP,65,65.0,65,65,1,6808651,6808651.0,6808651,6808651,1
3IZRXXbuyjqogpb6pYfNX9,37,37.0,37,37,1,60804949,6.0804949E7,60804949,60804949,1
3AzjbbGTCDMsOsXKYBkWVg,0,0.0,0,0,1,753,753.0,753,753,1
1xGxSCtX96DB7inpF2wKIS,49,49.0,49,49,1,5642365,5642365.0,5642365,5642365,1
3F57PtOdqRpD6euFYqtKXX,60,60.0,60,60,1,21644763,2.1644763E7,21644763,21644763,1
2XSrt1dcuOXPgl3B4bxmBz,63,63.0,63,63,1,8957416,8957416.0,8957416,8957416,1
2gxqozTaq2NYylvS8jd57G,47,47.0,47,47,1,35582423,3.5582423E7,35582423,35582423,1
2yLa0QULdQr0qAIvVwN6B5,79,79.0,79,79,1,145443567,1.45443567E8,145443567,145443567,1
3kxkjirben9RVm9NqYa6rm,69,69.0,69,69,1,967069,967069.0,967069,967069,1
0yc6Gst2xkRu0eMLeRMGCX,15,15.0,15,15,1,17365648,1.7365648E7,17365648,17365648,1
0KKkJNfGyhkQ5aFogxQAPU,87,87.0,87,87,1,75455093,7.5455093E7,75455093,75455093,1
2O2Xy7s2Ou2AvqEZfiOrAe,45,45.0,45,45,1,84044,84044.0,84044,84044,1
2PIvq1pGrUjY007X5y1UpM,72,72.0,72,72,1,112995439,1.12995439E8,112995439,112995439,1
5lvnGiTAH9BVlJLHc0DXZz,61,61.0,61,61,1,107401919,1.07401919E8,107401919,107401919,1
147ximWPJObFNQ4M1AhFox,57,57.0,57,57,1,40270893,4.0270893E7,40270893,40270893,1
4HHZO4ZFpqELKIKMnFV5P4,28,28.0,28,28,1,2804746,2804746.0,2804746,2804746,1
3XHrTm6WE2BOHafLwTT3GR,70,70.0,70,70,1,154658,154658.0,154658,154658,1
5S3EsaEM9kTLuE5rkGc1uh,0,0.0,0,0,1,133348,133348.0,133348,133348,1
0xmjwnQ3FNE6HuWCt2nHdZ,81,81.0,81,81,1,9559647,9559647.0,9559647,9559647,1
2DlHlPMa4M17kufBvI2lEN,85,85.0,85,85,1,13976718,1.3976718E7,13976718,13976718,1
1zUpNXz22EFtljQX3WPDzQ,41,41.0,41,41,1,3706449,3706449.0,3706449,3706449,1
4jDmJ51x1o9NZB5Nxxc7gY,9,9.0,9,9,1,5657083,5657083.0,5657083,5657083,1
5KZ0qobWEFl892YjIC02SE,63,63.0,63,63,1,13822540,1.382254E7,13822540,13822540,1
6HbWoyinLdXPZmk6xONuKw,54,54.0,54,54,1,13831380,1.383138E7,13831380,13831380,1
21Rb7RL0uqx2uinuOKxfTp,22,22.0,22,22,1,23398010,2.339801E7,23398010,23398010,1
4H9fsMhr1wLk3xb2o9BNm7,29,29.0,29,29,1,23398010,2.339801E7,23398010,23398010,1
5VWC7v2dC2K0SIIjT9WTLN,65,65.0,65,65,1,22721546,2.2721546E7,22721546,22721546,1
1ZzeDMKKZCFvghNJIO7uuP,29,29.0,29,29,1,3150,3150.0,3150,3150,1
2G348SqVbsQYYvCsQpLpnY,58,58.0,58,58,1,3134091,3134091.0,3134091,3134091,1
3hBzKgqQKkChH9hyb3MhmT,80,80.0,80,80,1,1261419,1261419.0,1261419,1261419,1
2rtQyuqgXnVWTlkCWKuBNc,54,54.0,54,54,1,19010,19010.0,19010,19010,1
7CpgYXxN83eFYmuMvWKm9R,45,45.0,45,45,1,6371210,6371210.0,6371210,6371210,1
0GahO8wCb34TPeUKbtBJku,43,43.0,43,43,1,10888670,1.088867E7,10888670,10888670,1
6LK3rmeoEfVYtH8B6qbwZg,47,47.0,47,47,1,8771418,8771418.0,8771418,8771418,1
66VuIGcM7fd8NLMoORCqVJ,58,58.0,58,58,1,7761878,7761878.0,7761878,7761878,1
23d8v6tU6lR77pFKsApMtF,71,71.0,71,71,1,102571645,1.02571645E8,102571645,102571645,1
7DSAEUvxU8FajXtRloy8M0,84,84.0,84,84,1,26564677,2.6564677E7,26564677,26564677,1
3TW9Gg4sl2K3Xa9ETyJxhF,51,51.0,51,51,1,6562,6562.0,6562,6562,1
11KHnqxnmOx8W5PyplVGrO,44,44.0,44,44,1,34214,34214.0,34214,34214,1
06fglfpCAtDtmlyfJYgA01,45,45.0,45,45,1,112957721,1.12957721E8,112957721,112957721,1
6pn6lXv8UjpMFAo9znYOUC,37,37.0,37,37,1,46891061,4.6891061E7,46891061,46891061,1
4pvb0WLRcMtbPGmtejJJ6y,80,80.0,80,80,1,145396321,1.45396321E8,145396321,145396321,1
0TrPqhAMoaKUFLR7iYDokf,63,63.0,63,63,1,16943442,1.6943442E7,16943442,16943442,1
41L3O37CECZt3N7ziG2z7l,64,64.0,64,64,1,85008100,8.50081E7,85008100,85008100,1
5K9tfeoiztw94dyWzF39jq,68,68.0,68,68,1,141836,141836.0,141836,141836,1
1ckLp8lCl8LipXI0ypX72m,64,64.0,64,64,1,47716988,4.7716988E7,47716988,47716988,1
4y3OI86AEP6PQoDE6olYhO,2,2.0,2,2,1,7761454,7761454.0,7761454,7761454,1
7GoXK3wa1Bxt9gVUJvv7Cy,63,63.0,63,63,1,211275,211275.0,211275,211275,1
7JoZiEMrwjpD18krCV8Czo,52,52.0,52,52,1,112003,112003.0,112003,112003,1
2nBI3iWLhupR7LyAJ5GGkE,61,61.0,61,61,1,31038851,3.1038851E7,31038851,31038851,1
7gHs73wELdeycvS48JfIos,71,71.0,71,71,1,41264069,4.1264069E7,41264069,41264069,1
0FJGlbhVx6Q0nvIvB4bVK0,32,32.0,32,32,1,21869,21869.0,21869,21869,1
2UTUFGGUPPUO9QNTfEcYN7,59,59.0,59,59,1,7053393,7053393.0,7053393,7053393,1
51QEyJI5M7uyd8DOh9tqQY,77,77.0,77,77,1,10539134,1.0539134E7,10539134,10539134,1
2Za7Yhteh4XcUXnNYxTIHH,60,60.0,60,60,1,51798111,5.1798111E7,51798111,51798111,1
5tXyNhNcsnn7HbcABntOSf,2,2.0,2,2,1,13749886,1.3749886E7,13749886,13749886,1
3Tb4oHMR617zvLANuiV1ok,40,40.0,40,40,1,69030894,6.9030894E7,69030894,69030894,1
6SPD3JwwRejBhCDiQAQ4he,1,1.0,1,1,1,28327351,2.8327351E7,28327351,28327351,1
2VSbEXqs6NbNiZSTcHlIDR,76,76.0,76,76,1,4303697,4303697.0,4303697,4303697,1
0bYg9bo50gSsH3LtXe2SQn,78,78.0,78,78,1,11909137,1.1909137E7,11909137,11909137,1
2S3aGBv6UM6elRwOZJLPFr,35,35.0,35,35,1,23391272,2.3391272E7,23391272,23391272,1
0ykiJTuXdY3ExinGoMDEu9,28,28.0,28,28,1,16045979,1.6045979E7,16045979,16045979,1
4nZi6XNe36Ut4Nij3IQ1yC,80,80.0,80,80,1,13973668,1.3973668E7,13973668,13973668,1
0crOc9YJFkEGOIlRKpvHKL,41,41.0,41,41,1,5159832,5159832.0,5159832,5159832,1
2zLnwikuCxJwMkEI8tqDN4,31,31.0,31,31,1,1693,1693.0,1693,1693,1
4WFfPxJv1KRekG6mxn837K,88,88.0,88,88,1,7282227,7282227.0,7282227,7282227,1
01fzY6YKwKQ3LxCpIP6buB,67,67.0,67,67,1,1364231,1364231.0,1364231,1364231,1
4rhSYWoLaBbkQccjme9UOJ,56,56.0,56,56,1,47722935,4.7722935E7,47722935,47722935,1
7wAkQFShJ27V8362MqevQr,71,71.0,71,71,1,145396321,1.45396321E8,145396321,145396321,1
5UvpdlLfvuaBd4jvmgUa5N,36,36.0,36,36,1,210805,210805.0,210805,210805,1
3CWq0pAKKTWb0K4yiglDc4,74,74.0,74,74,1,145489371,1.45489371E8,145489371,145489371,1
0cVyQfDyRnMJ0V3rjjdlU3,75,75.0,75,75,1,253726,253726.0,253726,253726,1
5AqiaZwhmC6dIbgWrD5SzV,68,68.0,68,68,1,18188680,1.818868E7,18188680,18188680,1
6BePGk3eCan4FqaW2X8Qy3,74,74.0,74,74,1,7980308,7980308.0,7980308,7980308,1
2NMjggapJcXXM7WccGEBUO,76,76.0,76,76,1,102536542,1.02536542E8,102536542,102536542,1
4LRPiXqCikLlN15c3yImP7,13,13.0,13,13,1,34133561,3.4133561E7,34133561,34133561,1
22xZyUMKiPPYshak6ixabl,0,0.0,0,0,1,2379,2379.0,2379,2379,1
7iqQz931tn59mK6IZ3knRx,71,71.0,71,71,1,51821190,5.182119E7,51821190,51821190,1
5BN59BDczcpxstFKILIH0q,65,65.0,65,65,1,3007142,3007142.0,3007142,3007142,1
7toYVidBIpAmM8Ife3LGrP,53,53.0,53,53,1,46886554,4.6886554E7,46886554,46886554,1
0V93bON7wh29gDWYD1AAo5,46,46.0,46,46,1,1643656,1643656.0,1643656,1643656,1
2oejEp50ZzPuQTQ6v54Evp,66,66.0,66,66,1,21357977,2.1357977E7,21357977,21357977,1
2ipqXnu9eUA11VerUdiqjg,49,49.0,49,49,1,5642365,5642365.0,5642365,5642365,1
0azYFpHmf1Hj3BamFyPgxB,38,38.0,38,38,1,84908,84908.0,84908,84908,1
6habFhsOp2NvshLv26DqMb,80,80.0,80,80,1,10981084,1.0981084E7,10981084,10981084,1
1ZemPoaj7LBj1RAQrb89EC,59,59.0,59,59,1,47720209,4.7720209E7,47720209,47720209,1
77G0k1La0c5Dw8bAFANcyp,1,1.0,1,1,1,1856763,1856763.0,1856763,1856763,1
1ysAvOdJgUjc6CqOQxepaz,55,55.0,55,55,1,47716988,4.7716988E7,47716988,47716988,1
44yES5bd4ezm4W6workRfh,40,40.0,40,40,1,1325468,1325468.0,1325468,1325468,1
3aAeD4aD0PdM3gilTQscqj,45,45.0,45,45,1,17023,17023.0,17023,17023,1
4KtIikigbCMxDrYLeiBmLi,23,23.0,23,23,1,3544284,3544284.0,3544284,3544284,1
0iJR8SaVAJhiS3L0ns2wIs,41,41.0,41,41,1,9676780,9676780.0,9676780,9676780,1
55h7vJchibLdUkxdlX3fK7,80,80.0,80,80,1,75474551,7.5474551E7,75474551,75474551,1
58IDjL4DptNh76JOGnopu8,53,53.0,53,53,1,149399,149399.0,149399,149399,1
6tS3XVuOyu10897O3ae7bi,74,74.0,74,74,1,38409786,3.8409786E7,38409786,38409786,1
0jF2AdhsalO1L7KkhK4LE5,78,78.0,78,78,1,103067383,1.03067383E8,103067383,103067383,1
05ZACkzW8YbRq3eFgIfSNB,78,78.0,78,78,1,4140524,4140524.0,4140524,4140524,1
1v54pVfqtSC7KbTu2C2pnM,50,50.0,50,50,1,104517308,1.04517308E8,104517308,104517308,1
3XKbdb9GB6u3hsnUklQTav,59,59.0,59,59,1,2898444,2898444.0,2898444,2898444,1
4IZhw97z41elO6NTumbNEa,0,0.0,0,0,1,3174703,3174703.0,3174703,3174703,1
7IKuGWFY7ABiTPuJiwFXjD,38,38.0,38,38,1,4779199,4779199.0,4779199,4779199,1
0goTpzBVsTQeFc4CeJU5pZ,0,0.0,0,0,1,4780589,4780589.0,4780589,4780589,1
3pD0f7hSJg2XdQ6udw5Tey,78,78.0,78,78,1,15823760,1.582376E7,15823760,15823760,1
3xrn9i8zhNZsTtcoWgQEAd,75,75.0,75,75,1,10960422,1.0960422E7,10960422,10960422,1
5s5t0OFg9lIlBFaCI14K1i,1,1.0,1,1,1,45764832,4.5764832E7,45764832,45764832,1
6b37xrsNCWYIUphFBazqD6,79,79.0,79,79,1,1990666,1990666.0,1990666,1990666,1
5DkITvoj0Xkdq7SePYuWT7,21,21.0,21,21,1,23398010,2.339801E7,23398010,23398010,1
29iva9idM6rFCPUlu7Rhxl,86,86.0,86,86,1,85034636,8.5034636E7,85034636,85034636,1
5673WA8EEUSPx1ir26lhGW,70,70.0,70,70,1,112957721,1.12957721E8,112957721,112957721,1
1qKCO2Tocwg8CbepJ9uDtd,65,65.0,65,65,1,6315216,6315216.0,6315216,6315216,1
47iu7KWKt6Sa6ocHgYmkGx,30,30.0,30,30,1,2657,2657.0,2657,2657,1
2AaO1InfzOtp7lxCa7lRVs,34,34.0,34,34,1,20007,20007.0,20007,20007,1
4zmKGsrXjLmljb5fTaBTot,72,72.0,72,72,1,145396321,1.45396321E8,145396321,145396321,1
5wyx1vOwOlFnUmVWWCAe8n,34,34.0,34,34,1,25557,25557.0,25557,25557,1
1mw0RgNXIpYRyyCdBQbLgA,68,68.0,68,68,1,34133561,3.4133561E7,34133561,34133561,1
1rDQ4oMwGJI7B4tovsBOxc,4,4.0,4,4,1,4349241,4349241.0,4349241,4349241,1
1nH2PkJL1XoUq8oE6tBZoU,70,70.0,70,70,1,112957721,1.12957721E8,112957721,112957721,1
6vLo5eCDESe7LD9X2fonKt,17,17.0,17,17,1,20718,20718.0,20718,20718,1
7HMz8o0m7ASQ3ImFPfhWTY,69,69.0,69,69,1,10636129,1.0636129E7,10636129,10636129,1
5JiH89mHrv9oWHlD0T326z,63,63.0,63,63,1,34130771,3.4130771E7,34130771,34130771,1
6WrI0LAC5M1Rw2MnX2ZvEg,72,72.0,72,72,1,46886554,4.6886554E7,46886554,46886554,1
0e7ipj03S05BNilyu5bRzt,81,81.0,81,81,1,47716988,4.7716988E7,47716988,47716988,1
0MoQI1EZGSHLhd5UBdxPol,68,68.0,68,68,1,548736,548736.0,548736,548736,1
7wGoVu4Dady5GV0Sv4UIsx,3,3.0,3,3,1,47722935,4.7722935E7,47722935,47722935,1
0kM7Geaz7x7r17CPONjpOU,38,38.0,38,38,1,39777995,3.9777995E7,39777995,39777995,1
2HyzvdOcJLmeAMoxx2VoP3,52,52.0,52,52,1,91548,91548.0,91548,91548,1
22VdIZQfgXJea34mQxlt81,83,83.0,83,83,1,112918137,1.12918137E8,112918137,112918137,1
1S8RUeOg94CkUxbcpcWTiq,0,0.0,0,0,1,1436277,1436277.0,1436277,1436277,1
7F5jxmwf1uWVqh6nbYz7rl,56,56.0,56,56,1,1552511,1552511.0,1552511,1552511,1
3s4U7OHV7gnj42VV72eSZ6,73,73.0,73,73,1,5975530,5975530.0,5975530,5975530,1
5Uc37Y6FijZcM538PqqkWd,48,48.0,48,48,1,38400585,3.8400585E7,38400585,38400585,1
0g4qRoQ3Bh6puFzBA7fH3S,44,44.0,44,44,1,1409881,1409881.0,1409881,1409881,1
2V65y3PX4DkRhy1djlxd9p,81,81.0,81,81,1,3948613,3948613.0,3948613,3948613,1
2oNOFOz8Eg0qJ3yHVeefUB,37,37.0,37,37,1,64974,64974.0,64974,64974,1
6ZO79I5ZjCH7jJI89cLo83,31,31.0,31,31,1,92243,92243.0,92243,92243,1
2cY7WSxFIsZQaoDNJe7Fz3,60,60.0,60,60,1,835590,835590.0,835590,835590,1
2FnHMItLWhhPIxXeRC1lCe,50,50.0,50,50,1,55540,55540.0,55540,55540,1
0jHuggE1BEu6e278g8JxbL,36,36.0,36,36,1,1441554,1441554.0,1441554,1441554,1
2kKkl59fY6Cic1CmhvSEZK,73,73.0,73,73,1,4494756,4494756.0,4494756,4494756,1
0CXVjQI9wsqaGeIARkkpYc,76,76.0,76,76,1,6002343,6002343.0,6002343,6002343,1
00f5PRX5IZwqWQUYnHm39U,46,46.0,46,46,1,143332,143332.0,143332,143332,1
1yS65X83tzIA5CV6cbOz3w,0,0.0,0,0,1,691440,691440.0,691440,691440,1
1DSJNBNhGZCigg9ll5VeZv,69,69.0,69,69,1,17766757,1.7766757E7,17766757,17766757,1
7KwZNVEaqikRSBSpyhXK2j,81,81.0,81,81,1,12766717,1.2766717E7,12766717,12766717,1
73OIUNKRi2y24Cu9cOLrzM,63,63.0,63,63,1,22721546,2.2721546E7,22721546,22721546,1
2bLqfJjuC5syrsgDsZfGmn,84,84.0,84,84,1,3469963,3469963.0,3469963,3469963,1
017erFbOyCrdz0yburnVGZ,74,74.0,74,74,1,2201446,2201446.0,2201446,2201446,1
1MRQwPALA1tTvGIV4BKvMZ,42,42.0,42,42,1,6683,6683.0,6683,6683,1
6AX3i1TluzbvpJpKrY7NoD,66,66.0,66,66,1,85022258,8.5022258E7,85022258,85022258,1
4pLmI4PubMo4at4xfVb9jW,48,48.0,48,48,1,498,498.0,498,498,1
0KnZyt15wcngx4oA8VrBua,50,50.0,50,50,1,4569,4569.0,4569,4569,1
09fWQg0g0e5mW7kSjwQWzo,34,34.0,34,34,1,5993,5993.0,5993,5993,1
1LLUoftvmTjVNBHZoQyveF,76,76.0,76,76,1,118692183,1.18692183E8,118692183,118692183,1
6dODwocEuGzHAavXqTbwHv,72,72.0,72,72,1,145489371,1.45489371E8,145489371,145489371,1
0rKWJnmo6Q0ovoPOLoLm0t,63,63.0,63,63,1,6596750,6596750.0,6596750,6596750,1
2sTDlCxmuZCTDKKk9f1qus,70,70.0,70,70,1,102571645,1.02571645E8,102571645,102571645,1
0rMuFOja3DhVSuXQeae25C,58,58.0,58,58,1,26106,26106.0,26106,26106,1
6l8mgVN9Xf1hiDIFGA6CTE,61,61.0,61,61,1,41176723,4.1176723E7,41176723,41176723,1
7qj97WrWb7U4vfw7eDITTs,30,30.0,30,30,1,11026,11026.0,11026,11026,1
4O9SCLct6FPveu0y7cxxKO,21,21.0,21,21,1,6898,6898.0,6898,6898,1
2prnn41CblB8B4yWACDljP,75,75.0,75,75,1,174043,174043.0,174043,174043,1
4nyY8oVjbX2d4qzlpiVM5n,74,74.0,74,74,1,10912927,1.0912927E7,10912927,10912927,1
2GjMaJ7DacMIkgoe8oMXGg,64,64.0,64,64,1,13212719,1.3212719E7,13212719,13212719,1
24ySl2hOPGCDcxBxFIqWBu,68,68.0,68,68,1,42237551,4.2237551E7,42237551,42237551,1
42SOtYBdnfj9zEdZSlAq5k,56,56.0,56,56,1,22396044,2.2396044E7,22396044,22396044,1
1e9oZCCiX42nJl0AcqriVo,2,2.0,2,2,1,34136120,3.413612E7,34136120,34136120,1
11iQs4QuiHrryZckfZpa3J,0,0.0,0,0,1,1563657,1563657.0,1563657,1563657,1
74lnM5V6ecvoTPV0fvptx9,69,69.0,69,69,1,6051989,6051989.0,6051989,6051989,1
2hCKzqwjRjhycKeZJvbloJ,0,0.0,0,0,1,47720209,4.7720209E7,47720209,47720209,1
7uclko4bTRQWUO0eR6PQEH,21,21.0,21,21,1,251044,251044.0,251044,251044,1
7yyRTcZmCiyzzJlNzGC9Ol,58,58.0,58,58,1,885278,885278.0,885278,885278,1
0azC730Exh71aQlOt9Zj3y,78,78.0,78,78,1,23079295,2.3079295E7,23079295,23079295,1
6TaqooOXAEcijL6G1AWS2K,67,67.0,67,67,1,370154,370154.0,370154,370154,1
2Rrb87P16AmsW77weeASBA,44,44.0,44,44,1,25569,25569.0,25569,25569,1
1Yr7ew77WJ6fCOHP34g6h9,36,36.0,36,36,1,3230,3230.0,3230,3230,1
2P61EK6DMGyVyssLWS4fKy,65,65.0,65,65,1,25761380,2.576138E7,25761380,25761380,1
6IFPfV8PNSYOmufzQ95hmm,56,56.0,56,56,1,5588772,5588772.0,5588772,5588772,1
4eTXfpHxhxVofrBUjAhPMg,0,0.0,0,0,1,145443567,1.45443567E8,145443567,145443567,1
0w9LJae3sVlZlH2CnxTInF,61,61.0,61,61,1,7506632,7506632.0,7506632,7506632,1
7Ie9W94M7OjPoZVV216Xus,79,79.0,79,79,1,104517308,1.04517308E8,104517308,104517308,1
1orWJSHmbn7JttLxOYr1R5,45,45.0,45,45,1,42275793,4.2275793E7,42275793,42275793,1
2CvOqDpQIMw69cCzWqr5yr,73,73.0,73,73,1,41176723,4.1176723E7,41176723,41176723,1
5yyRH93h4Pm6tXXYTxt7ea,63,63.0,63,63,1,1136927,1136927.0,1136927,1136927,1
3YuaBvuZqcwN3CEAyyoaei,79,79.0,79,79,1,5146839,5146839.0,5146839,5146839,1
59ZTxQo8rBycIXPLUIKvE2,66,66.0,66,66,1,9247395,9247395.0,9247395,9247395,1
11mwFrKvLXCbcVGNxffGyP,80,80.0,80,80,1,9247395,9247395.0,9247395,9247395,1
3QqONU0GW4byIClquChyf0,62,62.0,62,62,1,7379623,7379623.0,7379623,7379623,1
6W21LNLz9Sw7sUSNWMSHRu,79,79.0,79,79,1,9695205,9695205.0,9695205,9695205,1
2vfvGlqCB7oertO5VLE0sz,68,68.0,68,68,1,3380735,3380735.0,3380735,3380735,1
6PNvv1dmDbOWrAYwEcuKBX,64,64.0,64,64,1,1800092,1800092.0,1800092,1800092,1
2jrMjstPcrgWx9ZUIV8qmW,35,35.0,35,35,1,181,181.0,181,181,1
7ksHySXQO1EMxmecq9k0SF,42,42.0,42,42,1,2956,2956.0,2956,2956,1
5vXPLxljVKyHDHuv3kIuKV,78,78.0,78,78,1,14043382,1.4043382E7,14043382,14043382,1
3RXUgPNIbUgFxsDWuBQEt6,93,93.0,93,93,1,3535849,3535849.0,3535849,3535849,1
3aD33slymVwdEcdbKUBnDu,53,53.0,53,53,1,5642925,5642925.0,5642925,5642925,1
3uUoYhfsp8a9RRQeDkxYaD,31,31.0,31,31,1,17,17.0,17,17,1
5covu2zYjSwPaN7vUAqBtN,12,12.0,12,12,1,10,10.0,10,10,1
21rJwhXiZqOoOREguIIZrV,24,24.0,24,24,1,992,992.0,992,992,1
30TcFxtFyju8isK6Hjo9KY,53,53.0,53,53,1,22688560,2.268856E7,22688560,22688560,1
3QS9ZCtoSCJhmaJ7QNXSAS,70,70.0,70,70,1,669148,669148.0,669148,669148,1
6uTPdRrEDeH8Fyg5L5qmeU,71,71.0,71,71,1,1566996,1566996.0,1566996,1566996,1
1xzi1Jcr7mEi9K2RfzLOqS,73,73.0,73,73,1,41180800,4.11808E7,41180800,41180800,1
7EQ53PDO7z8I2StTUP7BA8,25,25.0,25,25,1,6898,6898.0,6898,6898,1
0IuVhCflrQPMGRrOyoY5RW,4,4.0,4,4,1,9241516,9241516.0,9241516,9241516,1
219slQu3ALbTSAe9P22hvE,72,72.0,72,72,1,1041835,1041835.0,1041835,1041835,1
2lYt2cQkAJRTpQ8BHMBbgz,39,39.0,39,39,1,39279,39279.0,39279,39279,1
2o2sgVJIgFXk8GQjWTgI6U,58,58.0,58,58,1,145489371,1.45489371E8,145489371,145489371,1
3Fj47GNK2kUF0uaEDgXLaD,73,73.0,73,73,1,118692183,1.18692183E8,118692183,118692183,1
2qGfZAgDe1pV2y5xJAhi6R,67,67.0,67,67,1,14936207,1.4936207E7,14936207,14936207,1
7cFFhb9Wz2ZXLSpEk2VDKd,57,57.0,57,57,1,1943829,1943829.0,1943829,1943829,1
72gv4zhNvRVdQA0eOenCal,78,78.0,78,78,1,5973844,5973844.0,5973844,5973844,1
7pT6WSg4PCt4mr5ZFyUfsF,75,75.0,75,75,1,5577631,5577631.0,5577631,5577631,1
2qcG0nZ6S3zZV0UrkY5nFo,55,55.0,55,55,1,25957976,2.5957976E7,25957976,25957976,1
5clmffOxeckeJ2e3GMy6UZ,60,60.0,60,60,1,8654826,8654826.0,8654826,8654826,1
6qXcX5uTDYKCqYuqnf5C7U,0,0.0,0,0,1,916960,916960.0,916960,916960,1
12GEpg2XOPyqk03JZEZnJs,66,66.0,66,66,1,8670063,8670063.0,8670063,8670063,1
5tFep7dXGd7vEJ668wTPux,66,66.0,66,66,1,5985945,5985945.0,5985945,5985945,1
4h90qkbnW1Qq6pBhoPvwko,69,69.0,69,69,1,112957721,1.12957721E8,112957721,112957721,1
2J2Z1SkXYghSajLibnQHOa,79,79.0,79,79,1,30550549,3.0550549E7,30550549,30550549,1
1zWZvrk13cL8Sl3VLeG57F,62,62.0,62,62,1,4983771,4983771.0,4983771,4983771,1
4Tt6GiWS2V9sQjZjS2xjp2,71,71.0,71,71,1,1334303,1334303.0,1334303,1334303,1
2bCQHF9gdG5BNDVuEIEnNk,75,75.0,75,75,1,37446069,3.7446069E7,37446069,37446069,1
3bQ3g7uap3wJyU0Pp02C54,41,41.0,41,41,1,65561,65561.0,65561,65561,1
3I5azi0831uNpYQsfYsW7G,64,64.0,64,64,1,51798111,5.1798111E7,51798111,51798111,1
10VVCjsMTbM39bPzygGSex,56,56.0,56,56,1,149331,149331.0,149331,149331,1
1y47B5SzygeWH9uJU8oxU0,40,40.0,40,40,1,197592,197592.0,197592,197592,1
77RtpoGrwIbNh1E8rRCCX7,47,47.0,47,47,1,51773650,5.177365E7,51773650,51773650,1
3pkzJjJXfdDjhpXx639MIH,71,71.0,71,71,1,4887584,4887584.0,4887584,4887584,1
4GRFzKI7jTZ3kbMfouc7bn,70,70.0,70,70,1,9156883,9156883.0,9156883,9156883,1
6yiSyupeI7KYdBZKJdnIUO,64,64.0,64,64,1,13822540,1.382254E7,13822540,13822540,1
0FLBNqc5oAiTt4J2e3fe3y,67,67.0,67,67,1,2315984,2315984.0,2315984,2315984,1
2m1hi0nfMR9vdGC8UcrnwU,81,81.0,81,81,1,9290142,9290142.0,9290142,9290142,1
6UO72VSXEONxdfLyABihs9,71,71.0,71,71,1,13822540,1.382254E7,13822540,13822540,1
49t1GWE6ZiEoBgN92oMDdM,61,61.0,61,61,1,1440778,1440778.0,1440778,1440778,1
5REt2kiJHspMMJI9ITq135,34,34.0,34,34,1,16043117,1.6043117E7,16043117,16043117,1
4ByEFOBuLXpCqvO1kw8Wdm,79,79.0,79,79,1,525182,525182.0,525182,525182,1
4kLKUg9loAHamNWmSywA4H,53,53.0,53,53,1,2041575,2041575.0,2041575,2041575,1
0lRnxwJeUOxwEvWMw4uQKj,68,68.0,68,68,1,306842,306842.0,306842,306842,1
7xTj6ebYObTgOq8tuu6QwC,31,31.0,31,31,1,1274,1274.0,1274,1274,1
5eFnCUhiO9OjpsarGok0wf,44,44.0,44,44,1,2482067,2482067.0,2482067,2482067,1
3XXm7WLzw3llVqK0aueBSr,53,53.0,53,53,1,72064,72064.0,72064,72064,1
67qycnoZOFJNdziaIJdnDU,40,40.0,40,40,1,8363,8363.0,8363,8363,1
7xP3Sw9JZdKk2tPd7MPUm1,26,26.0,26,26,1,35406,35406.0,35406,35406,1
3XpY6XeVXRPt3b71mtM8wI,48,48.0,48,48,1,754,754.0,754,754,1
74G6GBqKuZcMGZ4xllPwfC,50,50.0,50,50,1,6165678,6165678.0,6165678,6165678,1
64JIAZ0bS7WoARYfWQGCoz,18,18.0,18,18,1,112995439,1.12995439E8,112995439,112995439,1
6PCvgYrBQNGZE7Fys8Dk27,27,27.0,27,27,1,11894,11894.0,11894,11894,1
0OA00aPt3BV10qeMIs3meW,76,76.0,76,76,1,876078,876078.0,876078,876078,1
7aDxQPHQmH5YZGf9yxIRnn,1,1.0,1,1,1,146969,146969.0,146969,146969,1
6eGTqJ4IpQPqPrMMjCbdt2,36,36.0,36,36,1,241502,241502.0,241502,241502,1
4Dvkj6JhhA12EX05fT7y2e,87,87.0,87,87,1,34130771,3.4130771E7,34130771,34130771,1
13CVSGLSFl4UxpDVR6u3dq,59,59.0,59,59,1,66720643,6.6720643E7,66720643,66720643,1
6f5ExP43esnvdKPddwKXJH,69,69.0,69,69,1,190159,190159.0,190159,190159,1
57gJuIuFG7QcCcSObSxQir,0,0.0,0,0,1,15695162,1.5695162E7,15695162,15695162,1
6GFrELGVKBXRcrTNkwjSfF,54,54.0,54,54,1,8771418,8771418.0,8771418,8771418,1
3Dby3p1m6IOZn2gIIqECgK,64,64.0,64,64,1,145489371,1.45489371E8,145489371,145489371,1
5fSZXFOZfPVW9gvnnG4ZVW,59,59.0,59,59,1,15021860,1.502186E7,15021860,15021860,1
1EXa37LpSvi3OQ9UYQ28rD,61,61.0,61,61,1,145443567,1.45443567E8,145443567,145443567,1
6SQLk9HSNketfgs2AyIiMs,66,66.0,66,66,1,34130771,3.4130771E7,34130771,34130771,1
0uFNdjWpogmaJYp2zlNJj5,53,53.0,53,53,1,5643375,5643375.0,5643375,5643375,1
1TEL6MlSSVLSdhOSddidlJ,77,77.0,77,77,1,107418606,1.07418606E8,107418606,107418606,1
4S8d14HvHb70ImctNgVzQQ,67,67.0,67,67,1,31038851,3.1038851E7,31038851,31038851,1
7fuQc3IfjiB1gCqP9c1Xvy,43,43.0,43,43,1,137609,137609.0,137609,137609,1
4V9NuhKQcUFt4cgbynHV79,32,32.0,32,32,1,145396321,1.45396321E8,145396321,145396321,1
40PXEOFLJc7UIpLMrhSfW1,27,27.0,27,27,1,1993973,1993973.0,1993973,1993973,1
3EXetjrGgwIjDRNn6YA8sa,28,28.0,28,28,1,2881528,2881528.0,2881528,2881528,1
44n97yHySt0Z9rqPaXgjCK,1,1.0,1,1,1,22396044,2.2396044E7,22396044,22396044,1
4iLqG9SeJSnt0cSPICSjxv,4,4.0,4,4,1,25301942,2.5301942E7,25301942,25301942,1
1QWmKmqhv5zcsS3v45FNl0,52,52.0,52,52,1,47722935,4.7722935E7,47722935,47722935,1
2ZWlPOoWh0626oTaHrnl2a,82,82.0,82,82,1,20280852,2.0280852E7,20280852,20280852,1
6Uy6K3KdmUdAfelUp0SeXn,66,66.0,66,66,1,1987157,1987157.0,1987157,1987157,1
5VSCgNlSmTV2Yq5lB40Eaw,65,65.0,65,65,1,820966,820966.0,820966,820966,1
01TuObJVd7owWchVRuQbQw,67,67.0,67,67,1,4427758,4427758.0,4427758,4427758,1
4WZZeEjRqC4tV8rFljQzEo,45,45.0,45,45,1,112918137,1.12918137E8,112918137,112918137,1
1CRtJS94Hq3PbBZT9LuF90,72,72.0,72,72,1,66720643,6.6720643E7,66720643,66720643,1
3xkxcbnc7G3XYuZt6eUnI5,50,50.0,50,50,1,10376731,1.0376731E7,10376731,10376731,1
0hwfOlSrYQ36ULiphozHgJ,53,53.0,53,53,1,42298315,4.2298315E7,42298315,42298315,1
7p4oQBhS0Oqx6m2GMQ9FvR,47,47.0,47,47,1,42237551,4.2237551E7,42237551,42237551,1
73qINA7ccO03wxD8nsJalr,61,61.0,61,61,1,104517308,1.04517308E8,104517308,104517308,1
0gTRROuntlrPQ64W3J2Etv,61,61.0,61,61,1,13822540,1.382254E7,13822540,13822540,1
0PV1TFUMTBrDETzW6KQulB,71,71.0,71,71,1,380684,380684.0,380684,380684,1
2YU18JTvxKXCmudnfV5nRQ,21,21.0,21,21,1,23384088,2.3384088E7,23384088,23384088,1
6kvoHl80mfCVTv7XnZkjQn,81,81.0,81,81,1,2853224,2853224.0,2853224,2853224,1
6m4HWTYMRSJkaUuvXTaNmE,52,52.0,52,52,1,1324548,1324548.0,1324548,1324548,1
232XkteimvbgWxIwfDsdMX,40,40.0,40,40,1,49,49.0,49,49,1
1QmMyDmfHyCMsk2CRuyVZb,42,42.0,42,42,1,11860,11860.0,11860,11860,1
2fKPqAXWZmXcWiEVxqIuFD,49,49.0,49,49,1,14005617,1.4005617E7,14005617,14005617,1
52A0oY4u5ufxrHC85JGf4x,22,22.0,22,22,1,45700057,4.5700057E7,45700057,45700057,1
3yg4G1R8SBBlUy0UT4ceyp,30,30.0,30,30,1,1844,1844.0,1844,1844,1
2sfyCks2pCYrutBLaAScGe,29,29.0,29,29,1,41264069,4.1264069E7,41264069,41264069,1
4qtxILwBcAHEHbG7R0xF4r,49,49.0,49,49,1,47722935,4.7722935E7,47722935,47722935,1
1oOamzG57yPWa5PTxXguDt,0,0.0,0,0,1,215447,215447.0,215447,215447,1
4nrPB8O7Y7wsOCJdgXkthe,75,75.0,75,75,1,18190405,1.8190405E7,18190405,18190405,1
35ovElsgyAtQwYPYnZJECg,69,69.0,69,69,1,68997177,6.8997177E7,68997177,68997177,1
5kiZGSxgqPdv6rbqL9THdd,60,60.0,60,60,1,145396321,1.45396321E8,145396321,145396321,1
0QPRDC97rIQB3Jh3hrVJoH,1,1.0,1,1,1,467788,467788.0,467788,467788,1
6v0UJD4a2FtleHeSYVX02A,71,71.0,71,71,1,66734917,6.6734917E7,66734917,66734917,1
3IAfUEeaXRX9s9UdKOJrFI,67,67.0,67,67,1,13246794,1.3246794E7,13246794,13246794,1
3mbsIdjARxCAWHf1rW93sd,35,35.0,35,35,1,9263,9263.0,9263,9263,1
1whfVLMKWqAX3uk97VXsNN,62,62.0,62,62,1,107374593,1.07374593E8,107374593,107374593,1
3HsFSrIsbO54TFDfG66pZm,58,58.0,58,58,1,638664,638664.0,638664,638664,1
3S2aU4rUZXbVOxyVzgzXQ5,44,44.0,44,44,1,2650667,2650667.0,2650667,2650667,1
3FAJ6O0NOHQV8Mc5Ri6ENp,77,77.0,77,77,1,5202457,5202457.0,5202457,5202457,1
1oFAF1hdPOickyHgbuRjyX,83,83.0,83,83,1,112918137,1.12918137E8,112918137,112918137,1
4ejyZ4uJEXUURcgKp1kP8v,1,1.0,1,1,1,112918137,1.12918137E8,112918137,112918137,1
3jjujdWJ72nww5eGnfs2E7,78,78.0,78,78,1,34136120,3.413612E7,34136120,34136120,1
3okk47CKOqAm1TXmVPzNYf,60,60.0,60,60,1,1427660,1427660.0,1427660,1427660,1
6ZiSScoPLyeZyIudUBip1V,42,42.0,42,42,1,8411212,8411212.0,8411212,8411212,1
6NMtzpDQBTOfJwMzgMX0zl,76,76.0,76,76,1,41131037,4.1131037E7,41131037,41131037,1
5wPyd3IQAZft1vmxoIqGrU,62,62.0,62,62,1,15026799,1.5026799E7,15026799,15026799,1
2Y0iGXY6m6immVb2ktbseM,78,78.0,78,78,1,3571100,3571100.0,3571100,3571100,1
3LOgjsW6WCriNupDeGyjPq,0,0.0,0,0,1,90429,90429.0,90429,90429,1
4D4mOnffHVekq1nmSunptq,27,27.0,27,27,1,363,363.0,363,363,1
3yiyZW5sYNg3VvIejh10sK,57,57.0,57,57,1,3771062,3771062.0,3771062,3771062,1
2iZV010Qp6nfKIJSBC9CkZ,11,11.0,11,11,1,55542,55542.0,55542,55542,1
6IbnUaczZBT34DhaD6S18F,78,78.0,78,78,1,6114655,6114655.0,6114655,6114655,1
0YsGMHid6sFq5PcToe3JZE,8,8.0,8,8,1,14561716,1.4561716E7,14561716,14561716,1
2AwHZZUf8QLreMWUrgR4T9,0,0.0,0,0,1,29307,29307.0,29307,29307,1
00NmK2seXpRFNAEsRBe7lc,40,40.0,40,40,1,11933906,1.1933906E7,11933906,11933906,1
1Fx9aiORwv0cx5mFEBasHo,52,52.0,52,52,1,938275,938275.0,938275,938275,1
45MllV1fJos1Ef6Cd13H2E,55,55.0,55,55,1,430076,430076.0,430076,430076,1
1EsSm8qaR9Wtm1OgZXKi2n,49,49.0,49,49,1,3428625,3428625.0,3428625,3428625,1
37Tmv4NnfQeb0ZgUC4fOJj,83,83.0,83,83,1,8845285,8845285.0,8845285,8845285,1
6OTDBDVaK18xlne9rlGQok,52,52.0,52,52,1,146944,146944.0,146944,146944,1
3mJncxEu2NrKYfRvoWiVfm,61,61.0,61,61,1,12004691,1.2004691E7,12004691,12004691,1
64KV9vjChfN2w9vA4j7A2K,59,59.0,59,59,1,587206,587206.0,587206,587206,1
0KR3pUIeWnK7qwf9QhVBRZ,45,45.0,45,45,1,146944,146944.0,146944,146944,1
6MzofobZt2dm0Kf1hTThFz,77,77.0,77,77,1,1364231,1364231.0,1364231,1364231,1
5L3ecxQnQ9qTBmnLQiwf0C,68,68.0,68,68,1,41107596,4.1107596E7,41107596,41107596,1
2gpWyfu7eZ01zzncHpxOtA,5,5.0,5,5,1,3949244,3949244.0,3949244,3949244,1
30UszgTxEuJVG5SUFyBffT,54,54.0,54,54,1,49083617,4.9083617E7,49083617,49083617,1
1m5kZFmm90hPXzXr1Hpsne,39,39.0,39,39,1,112995439,1.12995439E8,112995439,112995439,1
4Y6GIje3GErVRIq1Ff5BJq,62,62.0,62,62,1,4298554,4298554.0,4298554,4298554,1
2vXKRlJBXyOcvZYTdNeckS,80,80.0,80,80,1,1264476,1264476.0,1264476,1264476,1
6jreFSOTUAViWjKyzOC4Kg,62,62.0,62,62,1,4034129,4034129.0,4034129,4034129,1
0d2iYfpKoM0QCKvcLCkBao,71,71.0,71,71,1,1628440,1628440.0,1628440,1628440,1
2BOqDYLOJBiMOXShCV1neZ,80,80.0,80,80,1,6168229,6168229.0,6168229,6168229,1
0WKmVAD4VWk5EdTyCFILi4,1,1.0,1,1,1,265495,265495.0,265495,265495,1
0P6AWOA4LG1XOctzaVu5tt,69,69.0,69,69,1,33068979,3.3068979E7,33068979,33068979,1
5rcHBt2aNcGFWW0jaAUe1L,31,31.0,31,31,1,145396321,1.45396321E8,145396321,145396321,1
0GmfiNHSgkKamYgQEMYOH3,32,32.0,32,32,1,145443567,1.45443567E8,145443567,145443567,1
0SpkyS1Q4MD8GaVcP5YjT4,11,11.0,11,11,1,17365648,1.7365648E7,17365648,17365648,1
2mmJUijVBC18B7SeYb0f5h,54,54.0,54,54,1,30545962,3.0545962E7,30545962,30545962,1
25KybV9BOUlvcnv7nN3Pyo,72,72.0,72,72,1,112995439,1.12995439E8,112995439,112995439,1
5kNe7PE09d6Kvw5pAsx23n,72,72.0,72,72,1,4984665,4984665.0,4984665,4984665,1
4J9mulgiRlkkgdAONNVGQv,43,43.0,43,43,1,1605379,1605379.0,1605379,1605379,1
5FkJHVudUByVjanCqFXRql,63,63.0,63,63,1,837453,837453.0,837453,837453,1
6IfPyMb0Sxptpx6jBUATOS,67,67.0,67,67,1,51821190,5.182119E7,51821190,51821190,1
0XaWb5CkBYex1BeKm8ciP4,0,0.0,0,0,1,218901,218901.0,218901,218901,1
6fVX8mF9ZqS1V8G2ZFCbLQ,50,50.0,50,50,1,430076,430076.0,430076,430076,1
4ZcGNJQU3lNpBgxoWcggMm,0,0.0,0,0,1,9507,9507.0,9507,9507,1
7wMq5n8mYSKlQIGECKUgTX,80,80.0,80,80,1,8809453,8809453.0,8809453,8809453,1
4NTWZqvfQTlOMitlVn6tew,71,71.0,71,71,1,1984424,1984424.0,1984424,1984424,1
4wKRWMaIUGJyrhVGdsmv0h,47,47.0,47,47,1,4777574,4777574.0,4777574,4777574,1
0TyOpxlWwDx98bjkIVHUgY,55,55.0,55,55,1,12460242,1.2460242E7,12460242,12460242,1
0iYebKFUSfF72fUu2OW6ZT,4,4.0,4,4,1,34293318,3.4293318E7,34293318,34293318,1
6c8EgiX8YLkb3dmQHCEbfN,39,39.0,39,39,1,3533200,3533200.0,3533200,3533200,1
1uigwk5hNV84zRd5YQQRTk,79,79.0,79,79,1,1904542,1904542.0,1904542,1904542,1
1YVuJrfHHmD4ilULhAVqPW,56,56.0,56,56,1,4971141,4971141.0,4971141,4971141,1
5xEM5hIgJ1jjgcEBfpkt2F,83,83.0,83,83,1,12004691,1.2004691E7,12004691,12004691,1
5egqKwgK5r5rvGD1LrtR7J,71,71.0,71,71,1,31785695,3.1785695E7,31785695,31785695,1
0R8P9KfGJCDULmlEoBagcO,75,75.0,75,75,1,60830643,6.0830643E7,60830643,60830643,1
4pdLZsxq0y5oJDb6Cxlokw,67,67.0,67,67,1,1494924,1494924.0,1494924,1494924,1
1rJM37Dd4OcSJvzI84yCcP,67,67.0,67,67,1,1660600,1660600.0,1660600,1660600,1
39QBkWKnap8wRSW4WB9OK0,72,72.0,72,72,1,15695279,1.5695279E7,15695279,15695279,1
66a1CYNSAkhmsvkHK3fr8y,20,20.0,20,20,1,23398010,2.339801E7,23398010,23398010,1
7o2CTH4ctstm8TNelqjb51,12,12.0,12,12,1,35196831,3.5196831E7,35196831,35196831,1
1TfqLAPs4K3s2rJMoCokcS,85,85.0,85,85,1,2333723,2333723.0,2333723,2333723,1
2TjdnqlpwOjhijHCwHCP2d,76,76.0,76,76,1,22717804,2.2717804E7,22717804,22717804,1
5jAKEKeNzRbcuKlWGv9cT1,49,49.0,49,49,1,7045,7045.0,7045,7045,1
6YggkCJwokciQdyL9Zbx4H,62,62.0,62,62,1,7761454,7761454.0,7761454,7761454,1
7rzzByujLJIBXpyOCnJhfx,73,73.0,73,73,1,12337033,1.2337033E7,12337033,12337033,1
2exZDvIQ0f6jxiazDRjK1u,48,48.0,48,48,1,2083,2083.0,2083,2083,1
2cUJ6wbyqH8hDZN8VWQ5oC,62,62.0,62,62,1,298654,298654.0,298654,298654,1
1a73gcEg6h6Re6hHXoVltJ,68,68.0,68,68,1,34293318,3.4293318E7,34293318,34293318,1
3r6wuvcMPjtIWlYdkpdMPM,39,39.0,39,39,1,668804,668804.0,668804,668804,1
4cTafvpYaCM3u41plC0eK4,36,36.0,36,36,1,26272346,2.6272346E7,26272346,26272346,1
0eJmsdfbAOM1KD0w50EhlD,67,67.0,67,67,1,10636129,1.0636129E7,10636129,10636129,1
5Xg5bGbWHToIMSsqWxOsej,54,54.0,54,54,1,321082,321082.0,321082,321082,1
7fy6O1FnOQb4rKRFX9DbLy,54,54.0,54,54,1,36322,36322.0,36322,36322,1
6rYgEHuyhO064Lgj48qlIe,63,63.0,63,63,1,8763286,8763286.0,8763286,8763286,1
2lLG56qpLP3UbcLuzMvkWX,68,68.0,68,68,1,15021860,1.502186E7,15021860,15021860,1
75yY1Ghs6E32WC4kSikXRJ,57,57.0,57,57,1,1325652,1325652.0,1325652,1325652,1
0RP1kqoSPkVXsKiQNhMKzV,61,61.0,61,61,1,145443567,1.45443567E8,145443567,145443567,1
6CDzDgIUqeDY5g8ujExx2f,6,6.0,6,6,1,4568917,4568917.0,4568917,4568917,1
7CZyCXKG6d5ALeq41sLzbw,79,79.0,79,79,1,47720209,4.7720209E7,47720209,47720209,1
0F7FA14euOIX8KcbEturGH,72,72.0,72,72,1,12310527,1.2310527E7,12310527,12310527,1
6SRWhUJcD2YKahCwHavz3X,73,73.0,73,73,1,41264069,4.1264069E7,41264069,41264069,1
2qES7NEo0DCDvi707VS3HC,46,46.0,46,46,1,46895665,4.6895665E7,46895665,46895665,1
33SNO8AaciGbNaQFkxvPrW,68,68.0,68,68,1,34136120,3.413612E7,34136120,34136120,1
0LrCKzIFCLwMJtppaN9aVw,32,32.0,32,32,1,644923,644923.0,644923,644923,1
6PCUP3dWmTjcTtXY02oFdT,78,78.0,78,78,1,122789460,1.2278946E8,122789460,122789460,1
2LBqCSwhJGcFQeTHMVGwy3,86,86.0,86,86,1,112957721,1.12957721E8,112957721,112957721,1
7dZ1Odmx9jWIweQSatnRqo,75,75.0,75,75,1,42237551,4.2237551E7,42237551,42237551,1
7fPyCCiXVwbzPQ1MtoUChl,4,4.0,4,4,1,1846218,1846218.0,1846218,1846218,1
1SGlXOc661edija3RJ8OMH,60,60.0,60,60,1,15695162,1.5695162E7,15695162,15695162,1
3j6Vua6G9chRUJ9dTiOh7k,56,56.0,56,56,1,107401919,1.07401919E8,107401919,107401919,1
6dn9ndETOjczUSQO5UhKJa,46,46.0,46,46,1,10379778,1.0379778E7,10379778,10379778,1
3ypXE4brttsQR3OLLZbLZB,48,48.0,48,48,1,21598900,2.15989E7,21598900,21598900,1
0FW5YmQs8eZ9Gs5BisBNnX,37,37.0,37,37,1,4779199,4779199.0,4779199,4779199,1
4aX4Oycsk1fhHIee1zqsDe,0,0.0,0,0,1,17933500,1.79335E7,17933500,17933500,1
14Bljc3pOOG0xQX3wqhLN9,39,39.0,39,39,1,145396321,1.45396321E8,145396321,145396321,1
7I2rc4X8fudMjFkLO91tNB,0,0.0,0,0,1,1604690,1604690.0,1604690,1604690,1
10boOz0yELWLLG3N6KZRNv,32,32.0,32,32,1,9661696,9661696.0,9661696,9661696,1
4RY96Asd9IefaL3X4LOLZ8,74,74.0,74,74,1,18851875,1.8851875E7,18851875,18851875,1
0wmUt85XxtjkgqNtHFGY7s,46,46.0,46,46,1,4969994,4969994.0,4969994,4969994,1
0x60P5taxdI5pcGbqbap6S,71,71.0,71,71,1,104559284,1.04559284E8,104559284,104559284,1
0eRw1thpWDU7tFt6NfVU4C,49,49.0,49,49,1,1800820,1800820.0,1800820,1800820,1
6MrLkXsMmHaYt680fhJUAq,85,85.0,85,85,1,2802094,2802094.0,2802094,2802094,1
1rKQjUhF9zFJmuUotr3VkV,86,86.0,86,86,1,23326731,2.3326731E7,23326731,23326731,1
5NtsUblZLu82BDufXfx20X,52,52.0,52,52,1,22061,22061.0,22061,22061,1
5rzI6Jnlhx8DgVgsOLorfW,71,71.0,71,71,1,112918137,1.12918137E8,112918137,112918137,1
19KlZwqlT3fguP2BeHF1Q1,70,70.0,70,70,1,42275793,4.2275793E7,42275793,42275793,1
6nx4f2nVmFNWquoMtUrdYX,62,62.0,62,62,1,6315216,6315216.0,6315216,6315216,1
6rj53PST8AEw4JRtY5kzab,40,40.0,40,40,1,78423,78423.0,78423,78423,1
6mFkeYFi41yEVH9vOmvjQF,49,49.0,49,49,1,15684530,1.568453E7,15684530,15684530,1
4WGds8JfW57apo2HHLORop,0,0.0,0,0,1,16330,16330.0,16330,16330,1
7utd11pF5xRKn2RviFuRSN,39,39.0,39,39,1,43226,43226.0,43226,43226,1
1dhMTsEZz6ZEquGvmzVoHn,65,65.0,65,65,1,145443567,1.45443567E8,145443567,145443567,1
7E35A3DD14DVoE3rpCBmQj,59,59.0,59,59,1,49050008,4.9050008E7,49050008,49050008,1
2tevNriyzWHKDEIKw5UtAe,42,42.0,42,42,1,141405,141405.0,141405,141405,1
1LAjq3eXl8x0NNc7b9NHDB,46,46.0,46,46,1,15684530,1.568453E7,15684530,15684530,1
4pryE6cN2gFL1FVF5fYINl,69,69.0,69,69,1,75492598,7.5492598E7,75492598,75492598,1
5PjdY0CKGZdEuoNab3yDmX,8,8.0,8,8,1,6596750,6596750.0,6596750,6596750,1
1LmN9SSHISbtp9LoaR5ZVJ,67,67.0,67,67,1,45777722,4.5777722E7,45777722,45777722,1
2JoJrsEV15OzbijS47lids,59,59.0,59,59,1,145489371,1.45489371E8,145489371,145489371,1
7aely3H8kMj9o0gt6vXHE1,58,58.0,58,58,1,85008100,8.50081E7,85008100,85008100,1
7enfaPLtX5sDkToQch7Qzo,0,0.0,0,0,1,127334,127334.0,127334,127334,1
11FvynPeozvRw769iN9kV7,46,46.0,46,46,1,112957721,1.12957721E8,112957721,112957721,1
0F13K9dwYH2zpTWiR8d628,63,63.0,63,63,1,15031490,1.503149E7,15031490,15031490,1
4RTmPGLfkrUJgfFAJOzWil,43,43.0,43,43,1,344334,344334.0,344334,344334,1
4w8niZpiMy6qz1mntFA5uM,71,71.0,71,71,1,9277034,9277034.0,9277034,9277034,1
5SwEgzUFDHwpWHKrbnP32Z,0,0.0,0,0,1,45706269,4.5706269E7,45706269,45706269,1
5yfnAsPrvrjiLOhWFycNP4,57,57.0,57,57,1,106664,106664.0,106664,106664,1
0r3U7SOcoj4DIEyN44Lt5z,24,24.0,24,24,1,145396321,1.45396321E8,145396321,145396321,1
7FCfMXYTIiQ9b4hDYs4Iol,74,74.0,74,74,1,46895665,4.6895665E7,46895665,46895665,1
0eVz3hV2xOXdneGpnWDFpb,60,60.0,60,60,1,1368344,1368344.0,1368344,1368344,1
6hnTnUV98N3qThXJfT1R1f,39,39.0,39,39,1,4699258,4699258.0,4699258,4699258,1
275a9yzwGB6ncAW4SxY7q3,65,65.0,65,65,1,3553104,3553104.0,3553104,3553104,1
3xby7fOyqmeON8jsnom0AT,76,76.0,76,76,1,41119579,4.1119579E7,41119579,41119579,1
53b7YqVw2Vc1oRrYeOm7z7,1,1.0,1,1,1,10961941,1.0961941E7,10961941,10961941,1
285ieonEuLkll3zknYK2TY,61,61.0,61,61,1,394210,394210.0,394210,394210,1
6LW3Z1GqbL78TIjfDyg4zp,65,65.0,65,65,1,304362,304362.0,304362,304362,1
6zKlGJXteHq8KRKaLnUfCs,52,52.0,52,52,1,112918137,1.12918137E8,112918137,112918137,1
3JA9Jsuxr4xgHXEawAdCp4,81,81.0,81,81,1,9556340,9556340.0,9556340,9556340,1
4p2newrzzjPdXIENDqlCCW,50,50.0,50,50,1,69030894,6.9030894E7,69030894,69030894,1
1IaYWv32nFFMdljBIjMY5T,1,1.0,1,1,1,42237551,4.2237551E7,42237551,42237551,1
6wYSc9VhKKMPDiOzTO6NLP,32,32.0,32,32,1,3432,3432.0,3432,3432,1
3z1PqYwMtct2Dm4R9lhWnT,65,65.0,65,65,1,3708746,3708746.0,3708746,3708746,1
6uvT4Di9ZRBw5cbexZJDts,53,53.0,53,53,1,2572589,2572589.0,2572589,2572589,1
3g1mP8c79KbkWDhED5tyKZ,64,64.0,64,64,1,15700135,1.5700135E7,15700135,15700135,1
4vQcqtphmJBR5R44F5iNvl,60,60.0,60,60,1,42256604,4.2256604E7,42256604,42256604,1
5FMyXeZ0reYloRTiCkPprT,83,83.0,83,83,1,103067383,1.03067383E8,103067383,103067383,1
6ouhsRJ7gExB7LCYjITk4Y,82,82.0,82,82,1,1364231,1364231.0,1364231,1364231,1
3Vr3zh0r7ALn8VLqCiRR10,84,84.0,84,84,1,1317349,1317349.0,1317349,1317349,1
1UNEuG9DYOWiikf00ayr52,84,84.0,84,84,1,843345,843345.0,843345,843345,1
4hjoVJVftbKaTr7WcSF5tp,0,0.0,0,0,1,72278,72278.0,72278,72278,1
2fPvQfGQEZOKtJ9qXeL4x8,71,71.0,71,71,1,145396321,1.45396321E8,145396321,145396321,1
4SPTxHzln31EU9u45IjgMU,47,47.0,47,47,1,110333,110333.0,110333,110333,1
1Rweq7vNjK4kZBbGrmxQsl,73,73.0,73,73,1,107401919,1.07401919E8,107401919,107401919,1
4MjDJD8cW7iVeWInc2Bdyj,80,80.0,80,80,1,102536542,1.02536542E8,102536542,102536542,1
3WSOUb3U7tqURbBSgZTrZX,80,80.0,80,80,1,7310428,7310428.0,7310428,7310428,1
3zkyus0njMCL6phZmNNEeN,72,72.0,72,72,1,9666661,9666661.0,9666661,9666661,1
0yQAqMvw9tFOEli7EpFBLT,42,42.0,42,42,1,241512,241512.0,241512,241512,1
2mTi5x0gW64QWPg2weiifi,31,31.0,31,31,1,644838,644838.0,644838,644838,1
1DOgkaR5Gqa8JtPEIbQORC,62,62.0,62,62,1,881274,881274.0,881274,881274,1
6zSpb8dQRaw0M1dK8PBwQz,80,80.0,80,80,1,15545907,1.5545907E7,15545907,15545907,1
0nZkXIhuH183AKwF1LAZUy,51,51.0,51,51,1,49083617,4.9083617E7,49083617,49083617,1
5uYqmEN6TAAE8ss8YmprNV,57,57.0,57,57,1,15026799,1.5026799E7,15026799,15026799,1
3rgH821Aov4K0fAkIcHKos,19,19.0,19,19,1,17023,17023.0,17023,17023,1
5KByGq0JijSSDcy0qzuINs,49,49.0,49,49,1,145396321,1.45396321E8,145396321,145396321,1
6mqyTq948oap5AkyTsd6XF,51,51.0,51,51,1,145443567,1.45443567E8,145443567,145443567,1
4kHHBrUi49P8KWjmpLXJqb,48,48.0,48,48,1,309996,309996.0,309996,309996,1
2Lt3LhlDf1dAKsZfzCZsIF,33,33.0,33,33,1,4308239,4308239.0,4308239,4308239,1
3WvPn9OHnjQzwyN8Zd1xLJ,27,27.0,27,27,1,78550,78550.0,78550,78550,1
6KuqAtoeVzxAYOaMveLNpH,69,69.0,69,69,1,37813429,3.7813429E7,37813429,37813429,1
0V3SNHDka1JSCP71HAzpxw,28,28.0,28,28,1,145396321,1.45396321E8,145396321,145396321,1
3fRJwWQp9g2skjBFsNqHNV,26,26.0,26,26,1,4694955,4694955.0,4694955,4694955,1
42ftjU4cTN5UTRksyqBKZJ,1,1.0,1,1,1,4592239,4592239.0,4592239,4592239,1
5AWoVMvCdczEJhAYje7ysB,3,3.0,3,3,1,480,480.0,480,480,1
30o4hMJ6OC9uv954GT6OZU,0,0.0,0,0,1,6613930,6613930.0,6613930,6613930,1
6dbaa2btsYmsZzzvC37MRA,34,34.0,34,34,1,261123,261123.0,261123,261123,1
1TlIxkDnw0aaxgHNFAx6Vh,34,34.0,34,34,1,510365,510365.0,510365,510365,1
0VMUvsSuYrRYrcNQs6QMmn,29,29.0,29,29,1,447612,447612.0,447612,447612,1
2BSFAQuiYKu4VcMjovRgRQ,45,45.0,45,45,1,38400585,3.8400585E7,38400585,38400585,1
1pzSeZfdQODtB9xmkH0Q91,42,42.0,42,42,1,26564677,2.6564677E7,26564677,26564677,1
2u02eLj96Atd6TBxkH9YvN,55,55.0,55,55,1,69014420,6.901442E7,69014420,69014420,1
3Uqw19tA28XgrOE9Ml5TXP,23,23.0,23,23,1,267614,267614.0,267614,267614,1
2TFXu6QnVW7ZdnOnGCtmvA,0,0.0,0,0,1,9476,9476.0,9476,9476,1
4PFAm88FBkY7IFtvCaGctZ,70,70.0,70,70,1,10960422,1.0960422E7,10960422,10960422,1
4jCio4LNO1eZbl09ed4ZFn,39,39.0,39,39,1,1264189,1264189.0,1264189,1264189,1
30C1FoJzEhNUILsxghioGz,50,50.0,50,50,1,13848580,1.384858E7,13848580,13848580,1
4CeeEOM32jQcH3eN9Q2dGj,84,84.0,84,84,1,23384088,2.3384088E7,23384088,23384088,1
5OYbFnIlfCGFn9Vu84IYfG,22,22.0,22,22,1,23391272,2.3391272E7,23391272,23391272,1
5L3H63sBURBch3bUJ2acIJ,48,48.0,48,48,1,1441132,1441132.0,1441132,1441132,1
0Bd54GygFDwo9GVYsclY60,39,39.0,39,39,1,103691,103691.0,103691,103691,1
4HSUv1HWFxniJhEQWywyfo,48,48.0,48,48,1,507,507.0,507,507,1
0auX6W6oLjO9cHmx4UTaNj,30,30.0,30,30,1,4684957,4684957.0,4684957,4684957,1
2CIXO1jQbrV1hlfI7FUKld,66,66.0,66,66,1,47720209,4.7720209E7,47720209,47720209,1
4PK8w6i17WXWz8pS7CabBQ,49,49.0,49,49,1,55213,55213.0,55213,55213,1
2EyV4tcO9jl9r0tYGeF7EP,0,0.0,0,0,1,11526,11526.0,11526,11526,1
6n0hVfRh3nBTAEFoPMDnGT,43,43.0,43,43,1,414,414.0,414,414,1
2ciUfM94fjrChfHnfw2aOu,41,41.0,41,41,1,2311,2311.0,2311,2311,1
34ZAzO78a5DAVNrYIGWcPm,62,62.0,62,62,1,33029522,3.3029522E7,33029522,33029522,1
4jevNJy9qN3476kh0N3eQT,46,46.0,46,46,1,72172,72172.0,72172,72172,1
1qrpoAMXodY6895hGKoUpA,82,82.0,82,82,1,145396321,1.45396321E8,145396321,145396321,1
5rGUAs7Oamox7PY4P42Qzv,47,47.0,47,47,1,5642925,5642925.0,5642925,5642925,1
7e1wImUVVnqhznANL4usUb,0,0.0,0,0,1,2951,2951.0,2951,2951,1
4CJY3PaMOEGIvWFZ7gIlaD,19,19.0,19,19,1,68676,68676.0,68676,68676,1
3HWzoMvoF3TQfYg4UPszDq,70,70.0,70,70,1,5739313,5739313.0,5739313,5739313,1
1FBi1YWCAxlRmfuUbMINqO,68,68.0,68,68,1,15684530,1.568453E7,15684530,15684530,1
0F4FejjWi3bf5vGOkuQwPS,70,70.0,70,70,1,284847,284847.0,284847,284847,1
77UjLW8j5UAGAGVGhR5oUK,67,67.0,67,67,1,112918137,1.12918137E8,112918137,112918137,1
4m1O87UP5gIFVpHFmB63Xw,38,38.0,38,38,1,4722,4722.0,4722,4722,1
20Z8AmvRE42UdC3t3p9Wwg,34,34.0,34,34,1,10638829,1.0638829E7,10638829,10638829,1
7aOor99o8NNLZYElOXlBG1,69,69.0,69,69,1,2763868,2763868.0,2763868,2763868,1
3879pURCMK6lxsmvmCDE0b,5,5.0,5,5,1,17501,17501.0,17501,17501,1
5b2bu6yyATC1zMXDGScJ2d,61,61.0,61,61,1,27139342,2.7139342E7,27139342,27139342,1
2IWtloZYQDcP8Ashwx8QEF,74,74.0,74,74,1,967620,967620.0,967620,967620,1
6u0dQik0aif7FQlrhycG1L,67,67.0,67,67,1,112957721,1.12957721E8,112957721,112957721,1
1F6oGPF75u9RuHH4BGx9Bf,0,0.0,0,0,1,145489371,1.45489371E8,145489371,145489371,1
0sKlV58cODrjxGFOyf9IXY,70,70.0,70,70,1,37431031,3.7431031E7,37431031,37431031,1
28GUjBGqZVcAV4PHSYzkj2,63,63.0,63,63,1,2265465,2265465.0,2265465,2265465,1
6MAdEUilV2p9RQUqE5bMAK,67,67.0,67,67,1,12192383,1.2192383E7,12192383,12192383,1
6gowYUVBi2MZibmuosT8mh,39,39.0,39,39,1,7528620,7528620.0,7528620,7528620,1
4356Typ82hUiFAynbLYbPn,83,83.0,83,83,1,13749886,1.3749886E7,13749886,13749886,1
02XnQdf7sipaKBBHixz3Zp,80,80.0,80,80,1,42275793,4.2275793E7,42275793,42275793,1
0pmJVAfRvW6bGSa1P1YWWa,0,0.0,0,0,1,4779199,4779199.0,4779199,4779199,1
4bVuIlGQBMWS7vIhcx8Ae4,69,69.0,69,69,1,3672166,3672166.0,3672166,3672166,1
2pYtUiFhiRH5ssLl7wBK4v,45,45.0,45,45,1,97014,97014.0,97014,97014,1
3zwmW1gM4E8FlHXV5nE16u,72,72.0,72,72,1,5146839,5146839.0,5146839,5146839,1
5TpaWJKnuyA4MjzAbFXSTQ,56,56.0,56,56,1,634747,634747.0,634747,634747,1
3dxiWIBVJRlqh9xk144rf4,75,75.0,75,75,1,31796892,3.1796892E7,31796892,31796892,1
646J2jOtUe4Jflrmh6JFjN,3,3.0,3,3,1,6161997,6161997.0,6161997,6161997,1
6kyxQuFD38mo4S3urD2Wkw,60,60.0,60,60,1,8464040,8464040.0,8464040,8464040,1
45HLgh98kxPEMP1gPAEe8X,44,44.0,44,44,1,10371098,1.0371098E7,10371098,10371098,1
7pm8e1QG0XJDZ2nJZTeDBw,58,58.0,58,58,1,5109119,5109119.0,5109119,5109119,1
5mfAZwEr4jAVDnSY0HHuyH,30,30.0,30,30,1,814,814.0,814,814,1
1dosSsKwYF7hoQA2kuu6wI,75,75.0,75,75,1,145443567,1.45443567E8,145443567,145443567,1
3APNT0fEBIJTvq4uiBJLHo,20,20.0,20,20,1,2956,2956.0,2956,2956,1
7bcR42kK7bleFmFhA5H60r,33,33.0,33,33,1,398659,398659.0,398659,398659,1
2qqylaMQ54zfveakMkDULI,61,61.0,61,61,1,85008100,8.50081E7,85008100,85008100,1
6F7bsoqvvIDTJwW4Iuq19O,21,21.0,21,21,1,1978,1978.0,1978,1978,1
0M9Y4X6JsDw1i7rHI4FGdy,47,47.0,47,47,1,72278,72278.0,72278,72278,1
05WVKTdZhlIMX4qqMLuo0f,71,71.0,71,71,1,23973526,2.3973526E7,23973526,23973526,1
4yJ1fD1LvIVtTDOu4NyKLU,0,0.0,0,0,1,1377042,1377042.0,1377042,1377042,1
1kBxioGjH3oHJyihNfaP3r,51,51.0,51,51,1,18834,18834.0,18834,18834,1
0xKMPC2v7aCDZs0PBlIUSe,48,48.0,48,48,1,55232,55232.0,55232,55232,1
3r8RuvgbX9s7ammBn07D3W,79,79.0,79,79,1,11611877,1.1611877E7,11611877,11611877,1
5CM4UuQ9Gnd6K2YyKGPMoK,72,72.0,72,72,1,6429788,6429788.0,6429788,6429788,1
0oKaKOvtog33LDVkPSd8dX,37,37.0,37,37,1,15732,15732.0,15732,15732,1
0HqZX76SFLDz2aW8aiqi7G,76,76.0,76,76,1,58375520,5.837552E7,58375520,58375520,1
78SCmQ8A7KQSMdkem2SwBP,62,62.0,62,62,1,10636129,1.0636129E7,10636129,10636129,1
68HocO7fx9z0MgDU0ZPHro,75,75.0,75,75,1,8642338,8642338.0,8642338,8642338,1
77MdvMx9L4ZQuLhhn3o21h,62,62.0,62,62,1,627551,627551.0,627551,627551,1
67HlBRWRSjAHY2ujn6eOan,48,48.0,48,48,1,112995439,1.12995439E8,112995439,112995439,1
17zEBtrjKKa2hwk9CxWIkX,65,65.0,65,65,1,112550,112550.0,112550,112550,1
2ehRU518I0hYqMGQnk4lDY,63,63.0,63,63,1,145443567,1.45443567E8,145443567,145443567,1
0eFQWVz0qIxDOvhLpZ40P7,65,65.0,65,65,1,145443567,1.45443567E8,145443567,145443567,1
2MqaQfeuanwWhfrJAK8P7K,36,36.0,36,36,1,644838,644838.0,644838,644838,1
5qmq61DAAOUaW8AUo8xKhh,55,55.0,55,55,1,5739313,5739313.0,5739313,5739313,1
5F2AuFzEiuAQD0JVNjVJQz,59,59.0,59,59,1,21939,21939.0,21939,21939,1
1GXABqvCDvQ58wPbkNhhzh,55,55.0,55,55,1,47716988,4.7716988E7,47716988,47716988,1
6n4U3TlzUGhdSFbUUhTvLP,71,71.0,71,71,1,14641094,1.4641094E7,14641094,14641094,1
401MfYscl2EMF4nDbnbG0K,60,60.0,60,60,1,28498,28498.0,28498,28498,1
0hRHs5as4ETlc20LEwzDRE,0,0.0,0,0,1,31,31.0,31,31,1
1oIdcFtf58sZbS7QyZQJ2P,59,59.0,59,59,1,120185,120185.0,120185,120185,1
0rzNMzZsubFcXSEh7dnem7,63,63.0,63,63,1,41172203,4.1172203E7,41172203,41172203,1
30TmLgK0ja5O8q9l4BShIX,78,78.0,78,78,1,107389514,1.07389514E8,107389514,107389514,1
7ELb8yTy4XB6YudgKCApmY,37,37.0,37,37,1,132111,132111.0,132111,132111,1
0EfsDEYaSjGYd66Pr881nq,76,76.0,76,76,1,21591569,2.1591569E7,21591569,21591569,1
6ZANrVuAMp2rpjhfbOuJly,70,70.0,70,70,1,53260584,5.3260584E7,53260584,53260584,1
578Eooad7oUyn4stovZiPg,68,68.0,68,68,1,53267200,5.32672E7,53267200,53267200,1
7KxhSJOYiqCDclXDBNlFSZ,61,61.0,61,61,1,53263844,5.3263844E7,53263844,53263844,1
7x5xYW5W42OGPAdHUyyguy,80,80.0,80,80,1,226373,226373.0,226373,226373,1
4iZPNYqzI2L0uwuUKun7Aa,57,57.0,57,57,1,8670063,8670063.0,8670063,8670063,1
3uAgHKnp9NtuWCRdnpI5U5,56,56.0,56,56,1,6294820,6294820.0,6294820,6294820,1
0o13CIZgE4KIRVn1KdzuCx,22,22.0,22,22,1,39809584,3.9809584E7,39809584,39809584,1
4L560fic5PaTuCFm6CviKa,54,54.0,54,54,1,145396321,1.45396321E8,145396321,145396321,1
2hsLpiKNkWpd4e9QuVdhar,48,48.0,48,48,1,20953,20953.0,20953,20953,1
4bZd0nRuX8HyjeXAUBczvm,72,72.0,72,72,1,8971415,8971415.0,8971415,8971415,1
2lda3NIlkKYkZsU5eai2Ve,48,48.0,48,48,1,153149,153149.0,153149,153149,1
4e8HF8QcD4HlfgRT6TGDlO,53,53.0,53,53,1,12010110,1.201011E7,12010110,12010110,1
46EfzGWwD2qoRygDaUZW8H,31,31.0,31,31,1,13710072,1.3710072E7,13710072,13710072,1
4u9T7zIjixFR27cfDnNC6f,39,39.0,39,39,1,3856287,3856287.0,3856287,3856287,1
39zu6JGd6tvRNsqyK78RLk,56,56.0,56,56,1,145189,145189.0,145189,145189,1
2zzjpwG8wu3skr08m7rM6e,52,52.0,52,52,1,3134186,3134186.0,3134186,3134186,1
5WqA7iqtEMmnN9nkdTSW2p,52,52.0,52,52,1,5813,5813.0,5813,5813,1
7DQotDUGnJkXgNJv363GXF,69,69.0,69,69,1,3204129,3204129.0,3204129,3204129,1
76C8SZk9RpvcO1zmoswZb3,31,31.0,31,31,1,55684,55684.0,55684,55684,1
7bKDrqHNpe2lb2hpcgE8jk,36,36.0,36,36,1,1103,1103.0,1103,1103,1
2ogRXUQqH0yO4Kq6Qy8oui,26,26.0,26,26,1,301532,301532.0,301532,301532,1
4QMgEffJQuKtjCNvqfRZ0m,69,69.0,69,69,1,145396321,1.45396321E8,145396321,145396321,1
1aHy1ipWQRNauI0ee9uYfi,49,49.0,49,49,1,513404,513404.0,513404,513404,1
5qLX1qtb9lJjblp0Uc6ejF,38,38.0,38,38,1,5738825,5738825.0,5738825,5738825,1
1JgknGBbrfmEHeOZH051SS,75,75.0,75,75,1,278024,278024.0,278024,278024,1
0ZClN9JcY9c54uDyWz2CWd,46,46.0,46,46,1,22633,22633.0,22633,22633,1
0awKSn8GziBuAXDeHp2Bm8,0,0.0,0,0,1,120556,120556.0,120556,120556,1
4zXZ5Mq2L6jnsOsTssgRh8,70,70.0,70,70,1,3767285,3767285.0,3767285,3767285,1
4qUijfYU8EoIWiY6oSyrgT,55,55.0,55,55,1,145396321,1.45396321E8,145396321,145396321,1
71dBdx7gW4cX5a6CMDoAmB,43,43.0,43,43,1,1517,1517.0,1517,1517,1
5UY8jf31X2hJkiAualFTyh,62,62.0,62,62,1,8493078,8493078.0,8493078,8493078,1
2iqHcRoOfLl1fXCf1bGO0J,59,59.0,59,59,1,15031490,1.503149E7,15031490,15031490,1
4IHiN5A0ythEPmWIKSc7gc,52,52.0,52,52,1,2177376,2177376.0,2177376,2177376,1
7cS8eqcw4EQraaGYcUAANo,58,58.0,58,58,1,2177376,2177376.0,2177376,2177376,1
4TQkS2ytQlwl2t88aCSCJv,27,27.0,27,27,1,51295,51295.0,51295,51295,1
1I8X8liS0DhuIbxRfBWjDO,32,32.0,32,32,1,100154,100154.0,100154,100154,1
2VvirlkCrKMtmMJyJJSOx8,33,33.0,33,33,1,114709,114709.0,114709,114709,1
3GRSqlALWISqLeNncZMbpX,0,0.0,0,0,1,6815446,6815446.0,6815446,6815446,1
4tViDtaHuSLnh7HVJTrKhs,65,65.0,65,65,1,1668880,1668880.0,1668880,1668880,1
7cyeGclH71MayOuQ7qtLFl,61,61.0,61,61,1,1620367,1620367.0,1620367,1620367,1
0RiRZpuVRbi7oqRdSMwhQY,81,81.0,81,81,1,47716988,4.7716988E7,47716988,47716988,1
4VJI2lzbzxiWakC9P35TZP,20,20.0,20,20,1,837346,837346.0,837346,837346,1
7wvwXi9Z66dcH5t202vVkN,73,73.0,73,73,1,10642618,1.0642618E7,10642618,10642618,1
4PpuH4mxL0rD35mOWaLoKS,59,59.0,59,59,1,935460,935460.0,935460,935460,1
3YLA3NgzFRRa7LiHMtFPby,30,30.0,30,30,1,145443567,1.45443567E8,145443567,145443567,1
1tzj2vY4twkNmZ5K3DUOPp,48,48.0,48,48,1,430168,430168.0,430168,430168,1
5XwMltbUk1QdRmGq5AVsLK,35,35.0,35,35,1,4430,4430.0,4430,4430,1
7KOlJ92bu51cltsD9KU5I7,1,1.0,1,1,1,14639621,1.4639621E7,14639621,14639621,1
35r28RDot7nPE7y9K9H7l0,71,71.0,71,71,1,47720209,4.7720209E7,47720209,47720209,1
4t20umh0eSuYstasrSl2HV,48,48.0,48,48,1,52319,52319.0,52319,52319,1
263KsGZODTZouh3RFGNaLX,69,69.0,69,69,1,12560191,1.2560191E7,12560191,12560191,1
1qOIwyj41749bmOhdD09IS,38,38.0,38,38,1,104559284,1.04559284E8,104559284,104559284,1
4sCYKMatyhazyy6r2N7Hp2,0,0.0,0,0,1,2625505,2625505.0,2625505,2625505,1
07HkevwkwmCXWjQhgBei1V,51,51.0,51,51,1,200421,200421.0,200421,200421,1
4Xr81LWoKa6nAfOKy8eKB3,45,45.0,45,45,1,301146,301146.0,301146,301146,1
7Lf7oSEVdzZqTA0kEDSlS5,77,77.0,77,77,1,15820264,1.5820264E7,15820264,15820264,1
77NNZQSqzLNqh2A9JhLRkg,75,75.0,75,75,1,6510494,6510494.0,6510494,6510494,1
4LrfsgQ5AGouvH3PlxW2PC,55,55.0,55,55,1,13831380,1.383138E7,13831380,13831380,1
5QLLhvfPdnls7G97VfJYiJ,43,43.0,43,43,1,107489,107489.0,107489,107489,1
6VGLTr6kqyOT9sVdMPia1M,19,19.0,19,19,1,4968982,4968982.0,4968982,4968982,1
4xDkJw2YEBX1OqRsYoyFfm,20,20.0,20,20,1,23398010,2.339801E7,23398010,23398010,1
4LFwNJWoj74Yd71fIr1W8x,77,77.0,77,77,1,1544368,1544368.0,1544368,1544368,1
0SpmzpKIlAthaOVXjlnh4p,36,36.0,36,36,1,90,90.0,90,90,1
2TOdZoIvGceoSjlrYkILrX,44,44.0,44,44,1,21748,21748.0,21748,21748,1
4hJNJqTcFptFRWfTjRpr3d,33,33.0,33,33,1,696,696.0,696,696,1
1GxLgrcumcN3TpWnrYQ9pV,68,68.0,68,68,1,2795852,2795852.0,2795852,2795852,1
16h03SmAjgMQacOa7j9bFy,68,68.0,68,68,1,9265406,9265406.0,9265406,9265406,1
541sN2qNfIlllGn9nGOQoC,85,85.0,85,85,1,9241516,9241516.0,9241516,9241516,1
717s9KFmHhyy5t3xkStS56,62,62.0,62,62,1,112918137,1.12918137E8,112918137,112918137,1
1blLiE48uAhJAebV9dnODK,40,40.0,40,40,1,1434,1434.0,1434,1434,1
6vh4S1z08AjGipGAEsV62e,13,13.0,13,13,1,102500980,1.0250098E8,102500980,102500980,1
0OvO2X2Q3i98dc5RcgEN3x,70,70.0,70,70,1,11246962,1.1246962E7,11246962,11246962,1
1w7cgGZR86yWz1pA2puVJD,66,66.0,66,66,1,41172203,4.1172203E7,41172203,41172203,1
1Y3LN4zO1Edc2EluIoSPJN,78,78.0,78,78,1,1873452,1873452.0,1873452,1873452,1
0hs3unYvc0bFG2NgheFdkO,0,0.0,0,0,1,430168,430168.0,430168,430168,1
3rdAz1fbUfZxYgaCviYhRo,78,78.0,78,78,1,31093918,3.1093918E7,31093918,31093918,1
73W5aXorr5vxrySFcoZqIN,66,66.0,66,66,1,299845,299845.0,299845,299845,1
68LpavDZpwmB39dWM3opUq,41,41.0,41,41,1,50139,50139.0,50139,50139,1
7uTrA7T7ZXPonAcLee3Ou9,35,35.0,35,35,1,719812,719812.0,719812,719812,1
6FZDfxM3a3UCqtzo5pxSLZ,83,83.0,83,83,1,22396044,2.2396044E7,22396044,22396044,1
2nJfOivqiAKX6r1gxu6QhT,41,41.0,41,41,1,139067,139067.0,139067,139067,1
6z4tpJQ85mlFXkpeznbF1U,28,28.0,28,28,1,236530,236530.0,236530,236530,1
39jXnbACjiaiTwwhsr5sY5,64,64.0,64,64,1,10237757,1.0237757E7,10237757,10237757,1
2RJfK2pOvGpnxC255YOy5k,64,64.0,64,64,1,9792848,9792848.0,9792848,9792848,1
6HYdqZjxe8apLE4pF551h4,0,0.0,0,0,1,15684530,1.568453E7,15684530,15684530,1
2hgzdQdnfWwtdpZbhZlV72,68,68.0,68,68,1,13708054,1.3708054E7,13708054,13708054,1
76FZM38RC8XaAjJ77CVTNe,82,82.0,82,82,1,107389514,1.07389514E8,107389514,107389514,1
2d8JP84HNLKhmd6IYOoupQ,77,77.0,77,77,1,5124117,5124117.0,5124117,5124117,1
29BwQ7fHY8PMkVH5kj5Htr,0,0.0,0,0,1,3424618,3424618.0,3424618,3424618,1
6qqdFWe7C4LsBjWbXQdsHA,71,71.0,71,71,1,51773650,5.177365E7,51773650,51773650,1
1mea3bSkSGXuIRvnydlB5b,86,86.0,86,86,1,60830643,6.0830643E7,60830643,60830643,1
1YTuMc934yzN1PKjSIaspV,40,40.0,40,40,1,17755451,1.7755451E7,17755451,17755451,1
1ijrMIqQvZNsnoqGukPzFD,58,58.0,58,58,1,327242,327242.0,327242,327242,1
2wOvYLilnDJfuPXGHGFAWZ,51,51.0,51,51,1,13822540,1.382254E7,13822540,13822540,1
1e7ns2XRPahqlObuBvZGr2,20,20.0,20,20,1,23391272,2.3391272E7,23391272,23391272,1
2w5lNPWb8vsCYiwPPGxL4W,52,52.0,52,52,1,12527,12527.0,12527,12527,1
15euJpYK8D9FguuIUwBY2Z,49,49.0,49,49,1,1040028,1040028.0,1040028,1040028,1
4vpeKl0vMGdAXpZiQB2Dtd,68,68.0,68,68,1,1741839,1741839.0,1741839,1741839,1
1aLNpg2kKvUncflV8xE5AA,0,0.0,0,0,1,5401129,5401129.0,5401129,5401129,1
3pbtBomO4Zt5gGiqsYeiBH,70,70.0,70,70,1,2204126,2204126.0,2204126,2204126,1
7AD4wFJjj4o3goO7FHtSW8,54,54.0,54,54,1,6204568,6204568.0,6204568,6204568,1
4lr0gkzww6gsKFilDZF44i,46,46.0,46,46,1,8802,8802.0,8802,8802,1
0EinquS6uL1mPBOTQnKomo,44,44.0,44,44,1,2657,2657.0,2657,2657,1
0qmhTHMVxnXRmT5N92wTD9,79,79.0,79,79,1,2896488,2896488.0,2896488,2896488,1
22G2Yv2dJkEbId6U3grEdF,35,35.0,35,35,1,1586,1586.0,1586,1586,1
4MowZ8sn7K6aghaGRBHa3j,47,47.0,47,47,1,554064,554064.0,554064,554064,1
0io16MKpbeDIdYzmGpQaES,76,76.0,76,76,1,273361,273361.0,273361,273361,1
1SPI4AlK4121PEQPGSpdcY,57,57.0,57,57,1,47720209,4.7720209E7,47720209,47720209,1
2yON4K72dyEULF0rvaRUVH,1,1.0,1,1,1,9570,9570.0,9570,9570,1
4sTlQPMyoFMPdhAJvErBN3,84,84.0,84,84,1,483247,483247.0,483247,483247,1
2qSkIjg1o9h3YT9RAgYN75,84,84.0,84,84,1,26559943,2.6559943E7,26559943,26559943,1
0jt2OEiy9LA6dwsreDlkAc,42,42.0,42,42,1,4171,4171.0,4171,4171,1
6wsqVwoiVH2kde4k4KKAFU,79,79.0,79,79,1,41107596,4.1107596E7,41107596,41107596,1
76NLHv4D8SuERENtBaqrKA,0,0.0,0,0,1,7211,7211.0,7211,7211,1
1khwSRuqim7TyvlCD7WDyy,51,51.0,51,51,1,10637574,1.0637574E7,10637574,10637574,1
6VIYEyjNW71NnIGEduf8D8,54,54.0,54,54,1,613768,613768.0,613768,613768,1
2g1KggY9PKvsoEAOaiz4xx,67,67.0,67,67,1,2613864,2613864.0,2613864,2613864,1
1iJsVkrrId99kTJSZBrwHJ,53,53.0,53,53,1,21591569,2.1591569E7,21591569,21591569,1
6f3Slt0GbA2bPZlz0aIFXN,73,73.0,73,73,1,7979622,7979622.0,7979622,7979622,1
2DQNYMRjisN3KAPj1bEwOI,0,0.0,0,0,1,1035109,1035109.0,1035109,1035109,1
1tkg4EHVoqnhR6iFEXb60y,77,77.0,77,77,1,15614717,1.5614717E7,15614717,15614717,1
09PGubKAMryhOWv1LHpCYz,0,0.0,0,0,1,6816695,6816695.0,6816695,6816695,1
6cSDNYoWlMxzVfJLn6H301,64,64.0,64,64,1,128149,128149.0,128149,128149,1
7FGq80cy8juXBCD2nrqdWU,76,76.0,76,76,1,1626627,1626627.0,1626627,1626627,1
4T7cJdrTRqOBESPYfvfj2x,48,48.0,48,48,1,21656185,2.1656185E7,21656185,21656185,1
72OI2uQwj4pHetYlCplkSi,54,54.0,54,54,1,1581975,1581975.0,1581975,1581975,1
7dt6x5M1jzdTEt8oCbisTK,80,80.0,80,80,1,47722935,4.7722935E7,47722935,47722935,1
2QLoQvSUxFmDmXQP2UutNJ,0,0.0,0,0,1,85930,85930.0,85930,85930,1
1LomCMl5wD3MPVlC6smUHe,68,68.0,68,68,1,858427,858427.0,858427,858427,1
3IgUCMkHS4RgHdngIlporF,69,69.0,69,69,1,22396044,2.2396044E7,22396044,22396044,1
7i2DJ88J7jQ8K7zqFX2fW8,1,1.0,1,1,1,22392682,2.2392682E7,22392682,22392682,1
7pegxVesMmE2qK0o58xoFG,0,0.0,0,0,1,608024,608024.0,608024,608024,1
1CUVN2kn7mW5FjkqXTR2W1,2,2.0,2,2,1,3877733,3877733.0,3877733,3877733,1
32VoLNDXBTeE786Qma2pv8,35,35.0,35,35,1,12274170,1.227417E7,12274170,12274170,1
5OArWvtMxtbwhvF0fh2XEw,29,29.0,29,29,1,10148,10148.0,10148,10148,1
5maiP9UMnTSgoxPX8X3bdz,64,64.0,64,64,1,7745199,7745199.0,7745199,7745199,1
6oIEIdJL9kDbBrGIyLZHIT,1,1.0,1,1,1,342955,342955.0,342955,342955,1
3bC1ahPIYt1btJzSSEyyrF,78,78.0,78,78,1,8971415,8971415.0,8971415,8971415,1
1Lw2xRuW5fcieRPfoskgog,58,58.0,58,58,1,51847587,5.1847587E7,51847587,51847587,1
1dXGsUf7lVXwdoOYJ0fRq7,26,26.0,26,26,1,64675,64675.0,64675,64675,1
5R9a4t5t5O0IsznsrKPVro,67,67.0,67,67,1,41172203,4.1172203E7,41172203,41172203,1
4c13gErxlMG5Spfx4OrzHO,44,44.0,44,44,1,1524123,1524123.0,1524123,1524123,1
2MEvYNn2tRvFDAucAtAKVq,58,58.0,58,58,1,104539036,1.04539036E8,104539036,104539036,1
7MGFhIe9CBI5baTwLMj7iE,0,0.0,0,0,1,350647,350647.0,350647,350647,1
1nNgDKWWX9MU9cp5FrHXRN,31,31.0,31,31,1,200,200.0,200,200,1
47lhEpLcjypXeM6B1chFaY,47,47.0,47,47,1,2649787,2649787.0,2649787,2649787,1
02BcXEH1zJYbXSabPtNlKf,83,83.0,83,83,1,7465428,7465428.0,7465428,7465428,1
6fgIAfNW3pofHWyRQdsL2Q,9,9.0,9,9,1,34822,34822.0,34822,34822,1
6nVcTcGpoa9eqmyWdNcH72,54,54.0,54,54,1,82479,82479.0,82479,82479,1
5kDgJffgJ0lYHTSiaXFWNw,74,74.0,74,74,1,6593079,6593079.0,6593079,6593079,1
3c4eCEHwZpIWeMEMeoijJq,42,42.0,42,42,1,4171,4171.0,4171,4171,1
50GxvQA2KEWNt31EdwIlzY,63,63.0,63,63,1,6318755,6318755.0,6318755,6318755,1
5W26N7nM3mCmlxVCOCFwZZ,0,0.0,0,0,1,63897,63897.0,63897,63897,1
7iabz12vAuVQYyekFIWJxD,73,73.0,73,73,1,9676425,9676425.0,9676425,9676425,1
1ibRwPqwURXytxFCKsAY6p,41,41.0,41,41,1,246,246.0,246,246,1
1kbEbBdEgQdQeLXCJh28pJ,71,71.0,71,71,1,145489371,1.45489371E8,145489371,145489371,1
5CscrLqFBgPfZR8fGtikov,78,78.0,78,78,1,49067177,4.9067177E7,49067177,49067177,1
1EBmjew9K69csBqRxI8BeO,58,58.0,58,58,1,4299545,4299545.0,4299545,4299545,1
5efTda0aHZNWNB5srlwFmK,63,63.0,63,63,1,336779,336779.0,336779,336779,1
5Bae6mOTUD1buSLTI6jJor,0,0.0,0,0,1,17673,17673.0,17673,17673,1
31sSFHIe4NaxltVFOEIcTa,60,60.0,60,60,1,9256589,9256589.0,9256589,9256589,1
5kRkmlTg652iibMYaq7JJo,0,0.0,0,0,1,237,237.0,237,237,1
1diS6nkxMQc3wwC4G1j0bh,67,67.0,67,67,1,46895665,4.6895665E7,46895665,46895665,1
1TSJsPnpjyUFsffwekaUUg,42,42.0,42,42,1,5042529,5042529.0,5042529,5042529,1
3H7ihDc1dqLriiWXwsc2po,72,72.0,72,72,1,318355,318355.0,318355,318355,1
5IgjP7X4th6nMNDh4akUHb,83,83.0,83,83,1,28305692,2.8305692E7,28305692,28305692,1
2C6WXnmZ66tHhHlnvwePiK,69,69.0,69,69,1,47716988,4.7716988E7,47716988,47716988,1
0Ryd8975WihbObpp5cPW1t,79,79.0,79,79,1,107374593,1.07374593E8,107374593,107374593,1
2jRmKc69qzGKzGU9SdH5u7,57,57.0,57,57,1,5642925,5642925.0,5642925,5642925,1
1B62o4CbdL9ckGvwsz2cgn,80,80.0,80,80,1,970736,970736.0,970736,970736,1
2f2hbFjim051DVx0o8o4rU,24,24.0,24,24,1,1677266,1677266.0,1677266,1677266,1
6CTWathupIiDs7U4InHnDA,73,73.0,73,73,1,6192505,6192505.0,6192505,6192505,1
3pRlPYFhFUsLYY5Z5mQVhC,6,6.0,6,6,1,35,35.0,35,35,1
0fNknOiIWtM4KzbtS4Kwa5,17,17.0,17,17,1,313511,313511.0,313511,313511,1
01380RE6UfsPSdiUIwrCoH,69,69.0,69,69,1,81189603,8.1189603E7,81189603,81189603,1
3GJ4hzg4lrGwU51Y3VARbF,67,67.0,67,67,1,3203185,3203185.0,3203185,3203185,1
3Wrjm47oTz2sjIgck11l5e,84,84.0,84,84,1,10637574,1.0637574E7,10637574,10637574,1
4witYWg5gaIbBIk82qzjsY,39,39.0,39,39,1,4969994,4969994.0,4969994,4969994,1
3NgCzSW98SsqBdpYcnm4kv,53,53.0,53,53,1,35582423,3.5582423E7,35582423,35582423,1
1E9kJKv8wKg88KbTWyy22k,27,27.0,27,27,1,20377,20377.0,20377,20377,1
0RE8WWlaCQM6M4XHUK3u7b,56,56.0,56,56,1,9406293,9406293.0,9406293,9406293,1
1qE47wUKG2juJwPoLqg4C9,2,2.0,2,2,1,6301986,6301986.0,6301986,6301986,1
79XrkTOfV1AqySNjVlygpW,69,69.0,69,69,1,103039388,1.03039388E8,103039388,103039388,1
0KBsyEAb5ORTJrGfc3smu4,64,64.0,64,64,1,2547411,2547411.0,2547411,2547411,1
4lIxdJw6W3Fg4vUIYCB0S5,73,73.0,73,73,1,145489371,1.45489371E8,145489371,145489371,1
4X5f3vT8MRuXF68pfjNte5,75,75.0,75,75,1,17330082,1.7330082E7,17330082,17330082,1
3sXWJsqDKROm7E3rdB9r2Y,30,30.0,30,30,1,95952,95952.0,95952,95952,1
0KAiuUOrLTIkzkpfpn9jb9,77,77.0,77,77,1,4516207,4516207.0,4516207,4516207,1
2eS0qIRmqPpu32pligBmo8,48,48.0,48,48,1,42256604,4.2256604E7,42256604,42256604,1
456WNXWhDwYOSf5SpTuqxd,80,80.0,80,80,1,7220459,7220459.0,7220459,7220459,1
70L6nHORQsblY813yNqUR3,78,78.0,78,78,1,7714772,7714772.0,7714772,7714772,1
2cIszZCQrGxjRJTlRcKfHe,45,45.0,45,45,1,9684217,9684217.0,9684217,9684217,1
2302lUwfZ4S4dVyPOCDFnQ,71,71.0,71,71,1,4971141,4971141.0,4971141,4971141,1
11LmqTE2naFULdEP94AUBa,81,81.0,81,81,1,23391272,2.3391272E7,23391272,23391272,1
2MiXC2LfpsoeUP5RvMGEQ3,69,69.0,69,69,1,2223568,2223568.0,2223568,2223568,1
6gQUbFwwdYXlKdmqRoWKJe,68,68.0,68,68,1,16043117,1.6043117E7,16043117,16043117,1
2n3qIOygTL44mYyPIqlH5q,37,37.0,37,37,1,17999,17999.0,17999,17999,1
02sy7FAs8dkDNYsHp4Ul3f,94,94.0,94,94,1,2234812,2234812.0,2234812,2234812,1
4iHYQwgtrY26p2uQG8Nstr,70,70.0,70,70,1,183597,183597.0,183597,183597,1
57lsYy0OZLNb5OQ7fEa3Hs,67,67.0,67,67,1,4787436,4787436.0,4787436,4787436,1
424YUj7cLoflvBvLow3pyf,47,47.0,47,47,1,2899,2899.0,2899,2899,1
1t4G4h7uqANRBY75nsrwtl,26,26.0,26,26,1,26275803,2.6275803E7,26275803,26275803,1
4rPJSqrov3zqGwXlemLBMw,9,9.0,9,9,1,2857629,2857629.0,2857629,2857629,1
5arYSbxUTnHVVxpdn8P4GV,0,0.0,0,0,1,5588772,5588772.0,5588772,5588772,1
3Z7CaxQkqbIs1rewKi6v4W,5,5.0,5,5,1,7979622,7979622.0,7979622,7979622,1
1116IjCqwjydbV6V0twTEQ,28,28.0,28,28,1,111922,111922.0,111922,111922,1
3Ul2bybV4pRlLdSIgNmIri,0,0.0,0,0,1,399854,399854.0,399854,399854,1
7DnAm9FOTWE3cUvso43HhI,82,82.0,82,82,1,7750481,7750481.0,7750481,7750481,1
5u1n1kITHCxxp8twBcZxWy,66,66.0,66,66,1,85008100,8.50081E7,85008100,85008100,1
1385PRUkznPuahQGBjIzAy,41,41.0,41,41,1,2338988,2338988.0,2338988,2338988,1
7f5trao56t7sB7f14QDTmp,68,68.0,68,68,1,34742256,3.4742256E7,34742256,34742256,1
6zZhlOWizcEG1T7zsTdI6N,57,57.0,57,57,1,15684530,1.568453E7,15684530,15684530,1
4QrP9gVlY2cXvdR5RG8nhV,43,43.0,43,43,1,171981,171981.0,171981,171981,1
41T04yafZVrjNq2FqvLtId,54,54.0,54,54,1,145396321,1.45396321E8,145396321,145396321,1
7txpzmA69zyk50K3ZyZSzC,25,25.0,25,25,1,145443567,1.45443567E8,145443567,145443567,1
0CokSRCu5hZgPxcZBaEzVE,75,75.0,75,75,1,2829534,2829534.0,2829534,2829534,1
1louJpMmzEicAn7lzDalPW,65,65.0,65,65,1,2101684,2101684.0,2101684,2101684,1
5vjLSffimiIP26QG5WcN2K,78,78.0,78,78,1,425593,425593.0,425593,425593,1
1Viaum8JtbWNZdt4oyCYtr,50,50.0,50,50,1,15695162,1.5695162E7,15695162,15695162,1
5C8Vwr9o1WtsoDVPFqPCob,43,43.0,43,43,1,623266,623266.0,623266,623266,1
5KNZME6ZAXNA4Ce6iOedU5,56,56.0,56,56,1,313511,313511.0,313511,313511,1
173nvGILRNr0X5YAJhlUIW,31,31.0,31,31,1,15457,15457.0,15457,15457,1
3SPDQfj2UfWq6A2NllZnzn,4,4.0,4,4,1,40273571,4.0273571E7,40273571,40273571,1
6bNB5gxFX6Q87DbQWb8OWZ,68,68.0,68,68,1,39788275,3.9788275E7,39788275,39788275,1
5iHDEI2GIsx3YEa9OXPtRJ,54,54.0,54,54,1,42237551,4.2237551E7,42237551,42237551,1
21pySLskKIKrhDziCX5ojQ,71,71.0,71,71,1,6273404,6273404.0,6273404,6273404,1
0CAfXk7DXMnon4gLudAp7J,83,83.0,83,83,1,8971415,8971415.0,8971415,8971415,1
2lRDMjTOqv4a9mrIrgZYmX,51,51.0,51,51,1,55540,55540.0,55540,55540,1
5PQmSHzWnlgG4EBuIqjac2,69,69.0,69,69,1,4290840,4290840.0,4290840,4290840,1
4EPnXAZxLTyXIQSrMMAKRd,34,34.0,34,34,1,4969994,4969994.0,4969994,4969994,1
5uot82RjuAO4rvj3Ot2EuI,10,10.0,10,10,1,643,643.0,643,643,1
49NDycyt6YzR97HybuSJV9,24,24.0,24,24,1,23384088,2.3384088E7,23384088,23384088,1
0AcgKF7kbSoCkh3n7vlHwK,65,65.0,65,65,1,37446069,3.7446069E7,37446069,37446069,1
4LlENgPKabBMejs6sPFD6z,32,32.0,32,32,1,1099,1099.0,1099,1099,1
1XUZ6DDgCqiPCi5pdFAPKx,48,48.0,48,48,1,505,505.0,505,505,1
1hjRhYpWyqDpPahmSlUTlc,73,73.0,73,73,1,145443567,1.45443567E8,145443567,145443567,1
4e6TmHCC4PRUj75knNplNP,79,79.0,79,79,1,3646136,3646136.0,3646136,3646136,1
4iZ4pt7kvcaH6Yo8UoZ4s2,85,85.0,85,85,1,33029522,3.3029522E7,33029522,33029522,1
6Nl7KyvjkFncGsjB49SxLl,59,59.0,59,59,1,145489371,1.45489371E8,145489371,145489371,1
1PckUlxKqWQs3RlWXVBLw3,8,8.0,8,8,1,5738825,5738825.0,5738825,5738825,1
3YJJjQPAbDT7mGpX3WtQ9A,72,72.0,72,72,1,33055350,3.305535E7,33055350,33055350,1
6ZuahEctZD6w75peme58hm,68,68.0,68,68,1,45700057,4.5700057E7,45700057,45700057,1
5Qsp8mtshe70DX7EYbWZGo,58,58.0,58,58,1,8862427,8862427.0,8862427,8862427,1
2slqvGLwzZZYsT4K4Y1GBC,57,57.0,57,57,1,145489371,1.45489371E8,145489371,145489371,1
1lOe9qE0vR9zwWQAOk6CoO,82,82.0,82,82,1,10163759,1.0163759E7,10163759,10163759,1
0Rx0DJI556Ix5gBny6EWmn,66,66.0,66,66,1,5506553,5506553.0,5506553,5506553,1
2xql0pid3EUwW38AsywxhV,83,83.0,83,83,1,21598900,2.15989E7,21598900,21598900,1
67GJTtb5JKSyesuMDyz3JN,0,0.0,0,0,1,55191,55191.0,55191,55191,1
5YEOzOojehCqxGQCcQiyR4,67,67.0,67,67,1,3553104,3553104.0,3553104,3553104,1
11MyiSGZSYSmhhqwGUTtAq,78,78.0,78,78,1,51798111,5.1798111E7,51798111,51798111,1
03vsm3VN504YT3H9QgQzit,21,21.0,21,21,1,363,363.0,363,363,1
7oJpI879KcC1TTbiS2RjfX,29,29.0,29,29,1,39788275,3.9788275E7,39788275,39788275,1
1r3myKmjWoOqRip99CmSj1,63,63.0,63,63,1,12460618,1.2460618E7,12460618,12460618,1
0PRqWiyOFMHVee81mr1bp6,44,44.0,44,44,1,3468690,3468690.0,3468690,3468690,1
4GJTbB9FNkGkvf6dxl22qW,55,55.0,55,55,1,3291477,3291477.0,3291477,3291477,1
6Fxduoap3jB3u4qD6ICiBL,46,46.0,46,46,1,42237551,4.2237551E7,42237551,42237551,1
0jhukQEMC1yj47NetTlDBJ,39,39.0,39,39,1,7731427,7731427.0,7731427,7731427,1
2n6FX3Jcg4b4Leoz0GOqBF,69,69.0,69,69,1,921078,921078.0,921078,921078,1
407YIDqsL4S3ZJ2BOFg4P0,40,40.0,40,40,1,267614,267614.0,267614,267614,1
7c378mlmubSu7NGkLFa4sN,65,65.0,65,65,1,13822540,1.382254E7,13822540,13822540,1
2PRsh2LNPxoxC9OnErnelg,58,58.0,58,58,1,4290840,4290840.0,4290840,4290840,1
2SSBJhvMsujY94GK5JAtKs,53,53.0,53,53,1,400444,400444.0,400444,400444,1
0PFyckkSXACXWJQaIqn16f,22,22.0,22,22,1,23398010,2.339801E7,23398010,23398010,1
7hc9InDMML0NwWNPoK49AR,0,0.0,0,0,1,1324293,1324293.0,1324293,1324293,1
7Lo6USa0PiDkwSL3SkohSi,70,70.0,70,70,1,9673984,9673984.0,9673984,9673984,1
1MVT5RV5LTO4FQ4bUKjvRr,32,32.0,32,32,1,2381,2381.0,2381,2381,1
0aGIy8kll4HYDnNTDlf2vU,69,69.0,69,69,1,1538992,1538992.0,1538992,1538992,1
4R6EMxsqzFplNAIyig4RX4,38,38.0,38,38,1,30239,30239.0,30239,30239,1
1musbempyJAw5gfSKZHXP9,79,79.0,79,79,1,3227707,3227707.0,3227707,3227707,1
2mRNvQJTxzrsJ110hB2WzY,37,37.0,37,37,1,1009,1009.0,1009,1009,1
3yDRcs0Y4pPzkvMbUfeF9H,71,71.0,71,71,1,13266900,1.32669E7,13266900,13266900,1
6PmW2A6ozKAdU8Ttos11RZ,21,21.0,21,21,1,106,106.0,106,106,1
7Hbou0N0vEhKgEVP24LfIR,41,41.0,41,41,1,6584,6584.0,6584,6584,1
34qaGPDvfWqp3F4iD5nGhf,62,62.0,62,62,1,8763286,8763286.0,8763286,8763286,1
3SAga35lAPYdjj3qyfEsCF,80,80.0,80,80,1,4681304,4681304.0,4681304,4681304,1
7kcApwUclbIw9B6MuVmqPc,48,48.0,48,48,1,25762646,2.5762646E7,25762646,25762646,1
289C9vPHlZczskHeL6K7Hy,50,50.0,50,50,1,297153,297153.0,297153,297153,1
1TZv3bujNaYz646eezRE91,59,59.0,59,59,1,34297934,3.4297934E7,34297934,34297934,1
4r1AqGpB9YrXV2ivcrqfJY,62,62.0,62,62,1,8763286,8763286.0,8763286,8763286,1
1LnKH18FenrRMcNnEKDgv1,14,14.0,14,14,1,41,41.0,41,41,1
096eU6V7NOWbfgIz7r153d,50,50.0,50,50,1,3635756,3635756.0,3635756,3635756,1
48QmG1dfvMuYLxMPt7KSRA,83,83.0,83,83,1,5276981,5276981.0,5276981,5276981,1
16NThvaQeF0xItfMI6XGwn,40,40.0,40,40,1,111922,111922.0,111922,111922,1
3xKsf9qdS1CyvXSMEid6g8,86,86.0,86,86,1,20293960,2.029396E7,20293960,20293960,1
4QJ58lQahpEtD7622moUxS,43,43.0,43,43,1,3315988,3315988.0,3315988,3315988,1
1wYZZtamWTQAoj8B812uKQ,0,0.0,0,0,1,12275134,1.2275134E7,12275134,12275134,1
5rEvuW4YhwobKwGL1HPrXA,64,64.0,64,64,1,3758862,3758862.0,3758862,3758862,1
2sLwPnIP3CUVmIuHranJZU,55,55.0,55,55,1,12460618,1.2460618E7,12460618,12460618,1
2OGvFOMlVEQ1PXMiHnuKwM,33,33.0,33,33,1,338978,338978.0,338978,338978,1
0GO8y8jQk1PkHzS31d699N,77,77.0,77,77,1,1255113,1255113.0,1255113,1255113,1
2R3heksil8zmzSFUwYQIPC,67,67.0,67,67,1,3290296,3290296.0,3290296,3290296,1
4cS2HQ6jK80vqdY9ofpztx,5,5.0,5,5,1,39809584,3.9809584E7,39809584,39809584,1
6nmBZDCnDFHHXLigZ8GyaF,32,32.0,32,32,1,4777574,4777574.0,4777574,4777574,1
5ChkMS8OtdzJeqyybCc9R5,78,78.0,78,78,1,37431031,3.7431031E7,37431031,37431031,1
0JZ4kmO3xOoz7fwOcyGD17,29,29.0,29,29,1,22421,22421.0,22421,22421,1
56sk7jBpZV0CD31G9hEU3b,81,81.0,81,81,1,7297885,7297885.0,7297885,7297885,1
3gY6tiCNsuVi6s8kPV6aQg,64,64.0,64,64,1,4292330,4292330.0,4292330,4292330,1
0gO3C9rlSBYFKxxhI6F48j,20,20.0,20,20,1,23384088,2.3384088E7,23384088,23384088,1
7mdkjzoIYlf1rx9EtBpGmU,4,4.0,4,4,1,193302,193302.0,193302,193302,1
2qtQauWqPaGHrmrXbDa35k,68,68.0,68,68,1,223449,223449.0,223449,223449,1
5YZvDeQOUhItx80C7KJCfX,54,54.0,54,54,1,2752,2752.0,2752,2752,1
1i8OulO4qZquTNtQ0jwmH7,38,38.0,38,38,1,2136,2136.0,2136,2136,1
4mUR5Tv0CvJtpmnUtzeIgd,74,74.0,74,74,1,42256604,4.2256604E7,42256604,42256604,1
3vgFnL1k9NC9oZYdooQoHE,44,44.0,44,44,1,2956534,2956534.0,2956534,2956534,1
5Bedn0svl0ZD7RGmJkmKKw,72,72.0,72,72,1,145443567,1.45443567E8,145443567,145443567,1
2YRLXsjjIO7oj1OIEWnmTT,46,46.0,46,46,1,31796892,3.1796892E7,31796892,31796892,1
17UoqnSRKmsWbhInoFGq4F,39,39.0,39,39,1,112918137,1.12918137E8,112918137,112918137,1
6G5tgXgOJy58YWGCMpkiCa,20,20.0,20,20,1,2595,2595.0,2595,2595,1
5hT3U17QZiP74YN9xF32JG,3,3.0,3,3,1,41264069,4.1264069E7,41264069,41264069,1
6LPi5m37Sv2N7N3ZdzH51T,57,57.0,57,57,1,7430490,7430490.0,7430490,7430490,1
23RoR84KodL5HWvUTneQ1w,75,75.0,75,75,1,1067325,1067325.0,1067325,1067325,1
2NbsBSshscKIPRG3kwBbfo,68,68.0,68,68,1,0,0.0,0,0,1
2LtCEKs68u3RpNh4wybCF8,78,78.0,78,78,1,2131649,2131649.0,2131649,2131649,1
1xwAWUI6Dj0WGC3KiUPN0O,67,67.0,67,67,1,145443567,1.45443567E8,145443567,145443567,1
3foAgkfOvNK13ZImQWdGwp,36,36.0,36,36,1,4294346,4294346.0,4294346,4294346,1
6QVYYSKyGWpTv9zmo9eMJ6,54,54.0,54,54,1,60328,60328.0,60328,60328,1
1LIvdWNdKmHvU0FJvw2diN,67,67.0,67,67,1,169709,169709.0,169709,169709,1
0MyfdGptOUnUnGzJmiyCOG,59,59.0,59,59,1,17374,17374.0,17374,17374,1
1eTdTVIxLlhHwwA50vEzZa,55,55.0,55,55,1,5642925,5642925.0,5642925,5642925,1
4vjpLMyL3ZO6aphdYr8XYw,1,1.0,1,1,1,6816140,6816140.0,6816140,6816140,1
6klLvorLoo1sxvZcjJIY8I,80,80.0,80,80,1,14936207,1.4936207E7,14936207,14936207,1
4evmHXcjt3bTUHD1cvny97,69,69.0,69,69,1,122773292,1.22773292E8,122773292,122773292,1
3smbno1dKL410vC27M5KOS,51,51.0,51,51,1,81181104,8.1181104E7,81181104,81181104,1
5LIX0JWid6ASLhAikVo3Ah,37,37.0,37,37,1,5287445,5287445.0,5287445,5287445,1
2G7V7zsVDxg1yRsu7Ew9RJ,73,73.0,73,73,1,103039388,1.03039388E8,103039388,103039388,1
2v2JwSlTd2vazzWxNvs7sO,0,0.0,0,0,1,369856,369856.0,369856,369856,1
5tz69p7tJuGPeMGwNTxYuV,76,76.0,76,76,1,6141631,6141631.0,6141631,6141631,1
6M0IsaUX4GNyto4niSegfI,63,63.0,63,63,1,47722935,4.7722935E7,47722935,47722935,1
4KW1lqgSr8TKrvBII0Brf8,78,78.0,78,78,1,31038851,3.1038851E7,31038851,31038851,1
2vDT1uU6hZgdp3PbWGr0Xy,0,0.0,0,0,1,2946958,2946958.0,2946958,2946958,1
34rRFl0bz9PocxWuO2ca5J,74,74.0,74,74,1,51821190,5.182119E7,51821190,51821190,1
6wNeKPXF0RDKyvfKfri5hf,72,72.0,72,72,1,22219090,2.221909E7,22219090,22219090,1
2JzZzZUQj3Qff7wapcbKjc,82,82.0,82,82,1,12075691,1.2075691E7,12075691,12075691,1
1XqnxgRn2vFTjDGsm21ojr,27,27.0,27,27,1,772,772.0,772,772,1
1E1LaXgZRkBOljpGXtlR7B,44,44.0,44,44,1,1738248,1738248.0,1738248,1738248,1
2QbUr0n795eyqm9eZ1VRg8,0,0.0,0,0,1,231400,231400.0,231400,231400,1
1sh6lL6cmlcwhqZKGiKBua,65,65.0,65,65,1,23434221,2.3434221E7,23434221,23434221,1
03UrZgTINDqvnUMbbIMhql,75,75.0,75,75,1,1819643,1819643.0,1819643,1819643,1
3PA9dH8cT0wR5UW4XkC44Y,60,60.0,60,60,1,12766717,1.2766717E7,12766717,12766717,1
4JPCdSaqs9dJd7RatFSHww,59,59.0,59,59,1,2133926,2133926.0,2133926,2133926,1
3wzx5bDvhZrKgacxWYAGPT,0,0.0,0,0,1,11134,11134.0,11134,11134,1
0U6lmEhmRVptZAX7HrauqG,52,52.0,52,52,1,490197,490197.0,490197,490197,1
2KVwlelhxKUy8LVV6JypH3,74,74.0,74,74,1,2688999,2688999.0,2688999,2688999,1
0l4seNH8AyE2kvjxFfpWi1,46,46.0,46,46,1,43632,43632.0,43632,43632,1
4O31bgaZWxZkF3uHrdyavg,40,40.0,40,40,1,4401,4401.0,4401,4401,1
7hH6xRAqH9yCkPfRVDGHrt,56,56.0,56,56,1,73003,73003.0,73003,73003,1
7bC8wBzEbugsYjLDBkFnSO,48,48.0,48,48,1,425177,425177.0,425177,425177,1
1u9iHwttLc4aRzBPAXnuHk,55,55.0,55,55,1,4968982,4968982.0,4968982,4968982,1
3Gv3IxTlIuBmMQwuI9TygU,42,42.0,42,42,1,6374933,6374933.0,6374933,6374933,1
4Fo0XKmBaPHms8s8Ie79PQ,23,23.0,23,23,1,2599,2599.0,2599,2599,1
7lG5m4JN0exualOkghSNXq,60,60.0,60,60,1,4780589,4780589.0,4780589,4780589,1
2nS3U5Sl9t1dTKwqpdd6hf,22,22.0,22,22,1,488,488.0,488,488,1
1vYXt7VSjH9JIM5oRRo7vA,80,80.0,80,80,1,46891061,4.6891061E7,46891061,46891061,1
5z6sjOsFlyoyjIt58BozF2,0,0.0,0,0,1,335,335.0,335,335,1
472hXpVZiOiQf9eyzS6B22,27,27.0,27,27,1,24036,24036.0,24036,24036,1
0Sn0hAaE5yQxyduDZuqWoY,51,51.0,51,51,1,77523,77523.0,77523,77523,1
3GVKyOV4r96dYPpNY6uVba,0,0.0,0,0,1,68002,68002.0,68002,68002,1
7rglLriMNBPAyuJOMGwi39,68,68.0,68,68,1,15542286,1.5542286E7,15542286,15542286,1
1RL0s8umQx2Bc7BIBuGFIB,38,38.0,38,38,1,9488,9488.0,9488,9488,1
5Qh2q9g7iP4WXZofuX0WXZ,0,0.0,0,0,1,316112,316112.0,316112,316112,1
5QHnugYt2n8sLiKfAADwJ5,57,57.0,57,57,1,63363,63363.0,63363,63363,1
6WmIyn2fx1PKQ0XDpYj4VR,66,66.0,66,66,1,7959873,7959873.0,7959873,7959873,1
7JVUZYDnD965mTMgMzWcQZ,21,21.0,21,21,1,313511,313511.0,313511,313511,1
1SOClUWhOi8vHZYMz3GluK,78,78.0,78,78,1,1041835,1041835.0,1041835,1041835,1
2BrzlUj1u1CtvaJDGIKpsP,62,62.0,62,62,1,2069532,2069532.0,2069532,2069532,1
2tS4kp5kLCKx1HG6szXuBF,0,0.0,0,0,1,13129,13129.0,13129,13129,1
7B5Npv8NjjTCzk8PLpU66h,73,73.0,73,73,1,66705650,6.670565E7,66705650,66705650,1
1gZADNt16Oh23jWyMYRk4p,65,65.0,65,65,1,112918137,1.12918137E8,112918137,112918137,1
5P3yUXUC9rZPJPNmYGKEAz,62,62.0,62,62,1,25762646,2.5762646E7,25762646,25762646,1
4Y7XAxTANhu3lmnLAzhWJW,79,79.0,79,79,1,11933906,1.1933906E7,11933906,11933906,1
2Dp0QLXSfuGr5XVlLwzXLk,57,57.0,57,57,1,1251973,1251973.0,1251973,1251973,1
0N5zjRnf8AreOm95iSBXF4,50,50.0,50,50,1,122773292,1.22773292E8,122773292,122773292,1
5ZZuiMFxl85qakgTZQapsc,0,0.0,0,0,1,66794,66794.0,66794,66794,1
6jdOi5U5LBzQrc4c1VT983,76,76.0,76,76,1,103094105,1.03094105E8,103094105,103094105,1
7qdfBIElGNUtPijoxJ1mMl,45,45.0,45,45,1,112918137,1.12918137E8,112918137,112918137,1
7uRznL3LcuazKpwCTpDltz,45,45.0,45,45,1,10960422,1.0960422E7,10960422,10960422,1
3e9Q61ay1hi7wgqiw9UP46,29,29.0,29,29,1,13708054,1.3708054E7,13708054,13708054,1
6r2BECwMgEoRb5yLfp0Hca,68,68.0,68,68,1,42237551,4.2237551E7,42237551,42237551,1
0BSmbCIY36iw04azzJ3S0S,44,44.0,44,44,1,145396321,1.45396321E8,145396321,145396321,1
7tEFb2tRo0a900Y9XMW1l6,36,36.0,36,36,1,732101,732101.0,732101,732101,1
1SKPmfSYaPsETbRHaiA18G,86,86.0,86,86,1,3919651,3919651.0,3919651,3919651,1
6RFr65nFzs0jD2XG4hA63y,30,30.0,30,30,1,9684217,9684217.0,9684217,9684217,1
2G490Y2Zpfj3CSiNhBQVqC,43,43.0,43,43,1,9661696,9661696.0,9661696,9661696,1
6kBtuFVssWq2rORvq2ssXS,54,54.0,54,54,1,9769257,9769257.0,9769257,9769257,1
6mw2KpT2jyBsukM4dgnQow,41,41.0,41,41,1,182377,182377.0,182377,182377,1
1ZJwhLQLt2quexYKP2Q3gk,51,51.0,51,51,1,26561582,2.6561582E7,26561582,26561582,1
5Pt5PdAOOXLdYiXAIl68K6,44,44.0,44,44,1,60358474,6.0358474E7,60358474,60358474,1
07kPTchc4mhslGur0QF6lj,0,0.0,0,0,1,246162,246162.0,246162,246162,1
2i2gDpKKWjvnRTOZRhaPh2,74,74.0,74,74,1,9469943,9469943.0,9469943,9469943,1
0heeNYlwOGuUSe7TgUD27B,64,64.0,64,64,1,145443567,1.45443567E8,145443567,145443567,1
6zc1W5CuZER3AbTvRCfLoa,51,51.0,51,51,1,47716988,4.7716988E7,47716988,47716988,1
0mL82sxCRjrs3br407IdJh,81,81.0,81,81,1,112918137,1.12918137E8,112918137,112918137,1
66x45Yh9x397PWpxMX0ZDT,67,67.0,67,67,1,39108338,3.9108338E7,39108338,39108338,1
7ckfO3Cerf6OsNgdHBqf1b,66,66.0,66,66,1,297153,297153.0,297153,297153,1
2xXNLutYAOELYVObYb1C1S,68,68.0,68,68,1,305262,305262.0,305262,305262,1
0TRmtiR9q6XnYDzXmoMpGC,14,14.0,14,14,1,115162,115162.0,115162,115162,1
4LKZw770RZcgXgBnqhvJbU,0,0.0,0,0,1,1952,1952.0,1952,1952,1
7pURIWDHFOnYIS96vZE4vz,32,32.0,32,32,1,49050008,4.9050008E7,49050008,49050008,1
6wMkJ6KmhuN1oe1Kvtz7PN,51,51.0,51,51,1,173413,173413.0,173413,173413,1
5rAUZy2eDdegBxUVYxePK2,69,69.0,69,69,1,351526,351526.0,351526,351526,1
6ocbgoVGwYJhOv1GgI9NsF,84,84.0,84,84,1,107401919,1.07401919E8,107401919,107401919,1
4IhKLu7Vk3j2TLmnFPl6To,71,71.0,71,71,1,5576552,5576552.0,5576552,5576552,1
4OLVK3kktkdLPp8dDgoCtb,66,66.0,66,66,1,30541347,3.0541347E7,30541347,30541347,1
11P551riKTFfC1OT08Lepe,20,20.0,20,20,1,5898725,5898725.0,5898725,5898725,1
7BKLCZ1jbUBVqRi2FVlTVw,86,86.0,86,86,1,21360805,2.1360805E7,21360805,21360805,1
16w8ZGVSjI4TlTLV8VimBY,65,65.0,65,65,1,22394475,2.2394475E7,22394475,22394475,1
1z1x3kI4fRYZSrQ9Rx27fO,0,0.0,0,0,1,1006099,1006099.0,1006099,1006099,1
3by8IfnW9dZ2t4pZw1WVxz,62,62.0,62,62,1,27288825,2.7288825E7,27288825,27288825,1
6BTuZCNIdEE177PzcS9rOH,38,38.0,38,38,1,2473717,2473717.0,2473717,2473717,1
1A8RGlqkdjAfwkXtEgJ7wR,73,73.0,73,73,1,10103479,1.0103479E7,10103479,10103479,1
4qEoqyPbLYnLOii6mKlIjI,63,63.0,63,63,1,52929,52929.0,52929,52929,1
3hlksXnvbKogFdPbpO9vel,78,78.0,78,78,1,34297934,3.4297934E7,34297934,34297934,1
4JHg4nNYUJQ5HULcCmI18R,73,73.0,73,73,1,2546279,2546279.0,2546279,2546279,1
3tQPgwHnR3RXawXPvW8gC9,24,24.0,24,24,1,6112,6112.0,6112,6112,1
2BbeNyHAd79usZe9DWrThY,32,32.0,32,32,1,20233,20233.0,20233,20233,1
5RkSJAILZu4VQH3OJpzxjd,45,45.0,45,45,1,9661696,9661696.0,9661696,9661696,1
17larILaMHwsprsMFnYI77,59,59.0,59,59,1,12762931,1.2762931E7,12762931,12762931,1
0iFOG4Ki9aDmJUYUFHQlPG,66,66.0,66,66,1,5316473,5316473.0,5316473,5316473,1
5efLjPleQQplpOwMvvEE3J,29,29.0,29,29,1,19186,19186.0,19186,19186,1
0snDRsjNRMJhm7SVja8l6J,52,52.0,52,52,1,732543,732543.0,732543,732543,1
4nds6JYKbzMdpXwuINhSEZ,75,75.0,75,75,1,8986062,8986062.0,8986062,8986062,1
0cijIjFIlNWbrFeTv5IBpN,34,34.0,34,34,1,1254,1254.0,1254,1254,1
3h112NNSQNJIIYO019rEZ2,41,41.0,41,41,1,2184,2184.0,2184,2184,1
2jsTgVpKp7xi5LA3nwDxZL,45,45.0,45,45,1,2158,2158.0,2158,2158,1
5rrwj9g1c4kwnPSnsXP7g3,54,54.0,54,54,1,1205664,1205664.0,1205664,1205664,1
0vOwdFs0vGhytOKPz5GmHM,46,46.0,46,46,1,8741,8741.0,8741,8741,1
4HMop4Re0iucehmF7mgV27,63,63.0,63,63,1,668950,668950.0,668950,668950,1
4pcafPzLDSqQktqSpxHL3E,70,70.0,70,70,1,102500980,1.0250098E8,102500980,102500980,1
3MlEryrxCKZkcfX18ZLX96,58,58.0,58,58,1,51773650,5.177365E7,51773650,51773650,1
78dtqFPt7cvYgS2zTXtZKV,58,58.0,58,58,1,51821190,5.182119E7,51821190,51821190,1
5dz3MYiN5LrRpMvSSoF4VW,22,22.0,22,22,1,6940,6940.0,6940,6940,1
72yP0DUlWPyH8P7IoxskwN,71,71.0,71,71,1,15542286,1.5542286E7,15542286,15542286,1
5ff77CZZUpY8Gvu5GuA6vb,61,61.0,61,61,1,2570848,2570848.0,2570848,2570848,1
2tGvwE8GcFKwNdAXMnlbfl,83,83.0,83,83,1,49050008,4.9050008E7,49050008,49050008,1
7lidXGPXPYLNThITAOTlkK,68,68.0,68,68,1,22392682,2.2392682E7,22392682,22392682,1
6Ozh9Ok6h4Oi1wUSLtBseN,73,73.0,73,73,1,12954295,1.2954295E7,12954295,12954295,1
2B45zVmEEmBbpuGdOSwytq,30,30.0,30,30,1,111922,111922.0,111922,111922,1
7vu0JkJh0ldukEYbTVcqd0,73,73.0,73,73,1,5292781,5292781.0,5292781,5292781,1
1C7KSXR2GVxknex6I4ANco,80,80.0,80,80,1,103126025,1.03126025E8,103126025,103126025,1
7K5dzhGda2vRTaAWYI3hrb,67,67.0,67,67,1,18205037,1.8205037E7,18205037,18205037,1
2s1sdSqGcKxpPr5lCl7jAV,70,70.0,70,70,1,30556621,3.0556621E7,30556621,30556621,1
78TTtXnFQPzwqlbtbwqN0y,76,76.0,76,76,1,69030894,6.9030894E7,69030894,69030894,1
5fVl28RgREvxVtGSf9OsbK,77,77.0,77,77,1,10462018,1.0462018E7,10462018,10462018,1
3Tgv4rvWBVwnbmUTlJwzk0,72,72.0,72,72,1,9111905,9111905.0,9111905,9111905,1
0ug5NqcwcFR2xrfTkc7k8e,82,82.0,82,82,1,145396321,1.45396321E8,145396321,145396321,1
4Gjr6RXBUxW4ANx2k157As,39,39.0,39,39,1,218503,218503.0,218503,218503,1
4eDYMhIin1pSLIG96f1aD0,72,72.0,72,72,1,23434221,2.3434221E7,23434221,23434221,1
2dIXo77nRAdRHJM1ETHKE9,0,0.0,0,0,1,3541646,3541646.0,3541646,3541646,1
5bODPM8nTwwTIE4W9fuUcC,59,59.0,59,59,1,40275440,4.027544E7,40275440,40275440,1
4Kz4RdRCceaA9VgTqBhBfa,73,73.0,73,73,1,103039388,1.03039388E8,103039388,103039388,1
0U0ldCRmgCqhVvD6ksG63j,74,74.0,74,74,1,1035527,1035527.0,1035527,1035527,1
3tSlBGMPBJinIGolr8KOv9,42,42.0,42,42,1,23398010,2.339801E7,23398010,23398010,1
4liOrw7OIc5zCxkFJiK2tJ,41,41.0,41,41,1,1605820,1605820.0,1605820,1605820,1
3m6KkYKdnbffMpGd9Pm9FP,6,6.0,6,6,1,3533200,3533200.0,3533200,3533200,1
2PIdD9RN4QeKm9uK4c598V,26,26.0,26,26,1,23398010,2.339801E7,23398010,23398010,1
75FEaRjZTKLhTrFGsfMUXR,8,8.0,8,8,1,2516750,2516750.0,2516750,2516750,1
2zYzyRzz6pRmhPzyfMEC8s,85,85.0,85,85,1,32304988,3.2304988E7,32304988,32304988,1
5NP1iBZqLHZEDmVb2YKor9,37,37.0,37,37,1,178,178.0,178,178,1
1mEQbSq0PCNjyL6oMgHKFQ,75,75.0,75,75,1,85008100,8.50081E7,85008100,85008100,1
3TAisPOILhuLhGAFCu26Ie,44,44.0,44,44,1,2649787,2649787.0,2649787,2649787,1
1j8TmNa6vaFAEAws43kP0Q,70,70.0,70,70,1,85022258,8.5022258E7,85022258,85022258,1
5rChFJpepptiBGIwI21xMX,49,49.0,49,49,1,8741,8741.0,8741,8741,1
2HYFX63wP3otVIvopRS99Z,75,75.0,75,75,1,104517308,1.04517308E8,104517308,104517308,1
5LOTtadWBsGDLMQMC0tl2z,64,64.0,64,64,1,26106,26106.0,26106,26106,1
4Jc7252S1P99DjQ1lNGEOc,71,71.0,71,71,1,102500980,1.0250098E8,102500980,102500980,1
4xdBrk0nFZaP54vvZj0yx7,76,76.0,76,76,1,7299563,7299563.0,7299563,7299563,1
2tQew7pG4IhgNGplOSNIj7,46,46.0,46,46,1,107389514,1.07389514E8,107389514,107389514,1
59NraMJsLaMCVtwXTSia8i,80,80.0,80,80,1,91131,91131.0,91131,91131,1
276MhcYATKs1STKNYPTpBV,26,26.0,26,26,1,82471,82471.0,82471,82471,1
1qEmFfgcLObUfQm0j1W2CK,75,75.0,75,75,1,34130771,3.4130771E7,34130771,34130771,1
3nsfB1vus2qaloUdcBZvDu,72,72.0,72,72,1,145489371,1.45489371E8,145489371,145489371,1
4x5YzxjrF9wvIIXJV7TveC,70,70.0,70,70,1,2556993,2556993.0,2556993,2556993,1
4HffeEF97c6UxNePgbuECW,0,0.0,0,0,1,1544658,1544658.0,1544658,1544658,1
4R2kfaDFhslZEMJqAFNpdd,86,86.0,86,86,1,145396321,1.45396321E8,145396321,145396321,1
2FweCwLyINI1VIfLKybH5c,42,42.0,42,42,1,309996,309996.0,309996,309996,1
7ycWLEP1GsNjVvcjawXz3z,79,79.0,79,79,1,17326256,1.7326256E7,17326256,17326256,1
0uLlFekr8nKMj960xHKPYx,50,50.0,50,50,1,319831,319831.0,319831,319831,1
0Rt2ekFM9bXqeAgR0TLZkz,24,24.0,24,24,1,307529,307529.0,307529,307529,1
5w3NgfV8v1nNZFLUBlGHIL,60,60.0,60,60,1,9406293,9406293.0,9406293,9406293,1
4H3eajPrqV66rXjKXGUliF,24,24.0,24,24,1,1163792,1163792.0,1163792,1163792,1
2uZg4Dg2zshOJTyKa22ixE,49,49.0,49,49,1,4780589,4780589.0,4780589,4780589,1
7wVeIwUxcUddK44joZ3bPO,37,37.0,37,37,1,9406293,9406293.0,9406293,9406293,1
0sQLhT32E9ZG2zn5iYR6nN,58,58.0,58,58,1,226501,226501.0,226501,226501,1
3UWkbO4emEOu9YUeOGq3vU,51,51.0,51,51,1,5067759,5067759.0,5067759,5067759,1
4nBHndk4Hru2sgGH30GCgu,43,43.0,43,43,1,26561582,2.6561582E7,26561582,26561582,1
1dyJpJgwj2BqdwBU8Jo804,59,59.0,59,59,1,487869,487869.0,487869,487869,1
7Kd39JsnLyJLEXNeWUi3T9,48,48.0,48,48,1,112995439,1.12995439E8,112995439,112995439,1
3ztuZHBzHoqv3NeaxnSvxP,34,34.0,34,34,1,38385499,3.8385499E7,38385499,38385499,1
7awrDv0SdQS7H3MQ4MVufr,32,32.0,32,32,1,26142,26142.0,26142,26142,1
2k3MdyqMHmfZubFg3pmtby,63,63.0,63,63,1,38400585,3.8400585E7,38400585,38400585,1
5kKloaKFvAuDNFi8m52hxy,52,52.0,52,52,1,92008,92008.0,92008,92008,1
6JUWHRh6JW3qR56gCl218U,47,47.0,47,47,1,1486975,1486975.0,1486975,1486975,1
3MmRfG64qt04Efx9gK9Ec8,66,66.0,66,66,1,1368344,1368344.0,1368344,1368344,1
2HAcdyY4lM2wv3lTUzry4D,22,22.0,22,22,1,23384088,2.3384088E7,23384088,23384088,1
3yrSvpt2l1xhsV9Em88Pul,55,55.0,55,55,1,3597735,3597735.0,3597735,3597735,1
1JSIWsJfxOji0FrxFcxdCK,60,60.0,60,60,1,1324293,1324293.0,1324293,1324293,1
0GDuL9TCO41PgsrKWBSGlm,51,51.0,51,51,1,13822540,1.382254E7,13822540,13822540,1
20OH7wRKCLelkw3J0bl5Oo,57,57.0,57,57,1,2631,2631.0,2631,2631,1
7bjgHa1cCjMMU9FQw13iti,43,43.0,43,43,1,32105,32105.0,32105,32105,1
4EF6IyONolQy0bIQXm2EmX,67,67.0,67,67,1,145489371,1.45489371E8,145489371,145489371,1
48vIfHaK7by6x0T6ucpODL,81,81.0,81,81,1,8500847,8500847.0,8500847,8500847,1
5mjYQaktjmjcMKcUIcqz4s,75,75.0,75,75,1,578827,578827.0,578827,578827,1
7kXbkpu6QzRdSl15PzjJx3,51,51.0,51,51,1,18834,18834.0,18834,18834,1
4q3MCb3lKLl4zxRyZFjGE2,25,25.0,25,25,1,340022,340022.0,340022,340022,1
5vUnjhBzRJJIAOJPde6zDx,62,62.0,62,62,1,77400,77400.0,77400,77400,1
4S4QJfBGGrC8jRIjJHf1Ka,81,81.0,81,81,1,4763234,4763234.0,4763234,4763234,1
7g3hstCTIsh4yF947tnP0O,5,5.0,5,5,1,5446,5446.0,5446,5446,1
5meVa5klVlJalupZTvv5XX,69,69.0,69,69,1,7412007,7412007.0,7412007,7412007,1
4A0YuzcYuEEP8A3oEZTddL,0,0.0,0,0,1,1417494,1417494.0,1417494,1417494,1
5f04IVo2fdXfCo1asRh84S,20,20.0,20,20,1,2640883,2640883.0,2640883,2640883,1
2JAE25n5JDyb3rp2ti0ql8,51,51.0,51,51,1,49083617,4.9083617E7,49083617,49083617,1
5ZULALImTm80tzUbYQYM9d,67,67.0,67,67,1,3006142,3006142.0,3006142,3006142,1
0fv2KH6hac06J86hBUTcSf,77,77.0,77,77,1,24440038,2.4440038E7,24440038,24440038,1
6TA5aymvVrtiPVbuAwmPIc,63,63.0,63,63,1,21591569,2.1591569E7,21591569,21591569,1
2hl6q70unbviGo3g1R7uFx,59,59.0,59,59,1,10981924,1.0981924E7,10981924,10981924,1
1XLc4irbX7oQSneh6gWv3O,26,26.0,26,26,1,145489371,1.45489371E8,145489371,145489371,1
2xhGZ3WzOa3tir28y7Cb88,66,66.0,66,66,1,236788,236788.0,236788,236788,1
6pezb9EwyygkHnJqkjLphG,48,48.0,48,48,1,53263844,5.3263844E7,53263844,53263844,1
5aAx2yezTd8zXrkmtKl66Z,3,3.0,3,3,1,112957721,1.12957721E8,112957721,112957721,1
3D933aFKdvQoegYQChRwSm,24,24.0,24,24,1,149033,149033.0,149033,149033,1
0PJIbOdMs3bd5AT8liULMQ,76,76.0,76,76,1,7218544,7218544.0,7218544,7218544,1
7nEdCj0MFbGWOxwjlpPesa,46,46.0,46,46,1,5042529,5042529.0,5042529,5042529,1
6ayKgleoMF26lvU1Z7wVm7,62,62.0,62,62,1,51821190,5.182119E7,51821190,51821190,1
0nrRP2bk19rLc0orkWPQk2,85,85.0,85,85,1,23434870,2.343487E7,23434870,23434870,1
1z9kQ14XBSN0r2v6fx4IdG,72,72.0,72,72,1,69014420,6.901442E7,69014420,69014420,1
3mCftPkn17Jyn2j116sWWc,48,48.0,48,48,1,51821190,5.182119E7,51821190,51821190,1
1ptBH8MFuEgtEcjcU6t5t1,42,42.0,42,42,1,64974,64974.0,64974,64974,1
1qjl8UJtWTHrk4SFpwftSN,62,62.0,62,62,1,2918228,2918228.0,2918228,2918228,1
6pL7puHxh1psrLzrAlobxQ,53,53.0,53,53,1,27139342,2.7139342E7,27139342,27139342,1
22L7bfCiAkJo5xGSQgmiIO,79,79.0,79,79,1,31052119,3.1052119E7,31052119,31052119,1
1NhDv99nTtRm37rZpoH7Ix,57,57.0,57,57,1,189122,189122.0,189122,189122,1
1GH5tpvz5g1ZGKNBPBWkTm,55,55.0,55,55,1,6156460,6156460.0,6156460,6156460,1
77loZpT5Y5PRP1S451P9Yz,6,6.0,6,6,1,2742164,2742164.0,2742164,2742164,1
5hviCr3lgg6LY6noG6DPKs,66,66.0,66,66,1,1544335,1544335.0,1544335,1544335,1
45DuBzsgfiterhMTTsewpH,46,46.0,46,46,1,1604690,1604690.0,1604690,1604690,1
2p9sprAX27D6U5cuSE9NsM,61,61.0,61,61,1,1017891,1017891.0,1017891,1017891,1
2RzJwBCXsS1VnjDm2jKKAa,60,60.0,60,60,1,2485444,2485444.0,2485444,2485444,1
2mqaYmF0XmV8egZB6jQOtN,71,71.0,71,71,1,3384370,3384370.0,3384370,3384370,1
7jZEFpKZ7w0RaKjtFcXaaz,39,39.0,39,39,1,3857056,3857056.0,3857056,3857056,1
3ALz2M27Dw27YTh71zNkzU,31,31.0,31,31,1,23391272,2.3391272E7,23391272,23391272,1
6vqyk3mbDBv3npTpctYoka,79,79.0,79,79,1,122773292,1.22773292E8,122773292,122773292,1
4Mbh5ixzAzmnJpEpdRcuZC,33,33.0,33,33,1,398659,398659.0,398659,398659,1
7JnVFO5eZ9Rys19qSDUyMy,65,65.0,65,65,1,5643375,5643375.0,5643375,5643375,1
5cfsQZEFf1IpQr8F9vI9le,67,67.0,67,67,1,85008100,8.50081E7,85008100,85008100,1
5ITV0zqzjOYfFWpW0xBmRa,86,86.0,86,86,1,226566,226566.0,226566,226566,1
3S8F1vuqoL7pxHb395XJ7q,22,22.0,22,22,1,34,34.0,34,34,1
1sqXfPaRD7npnH712RZQAF,56,56.0,56,56,1,47722935,4.7722935E7,47722935,47722935,1
2c7z5oRcPBbqRaBY2mLWcf,81,81.0,81,81,1,7473754,7473754.0,7473754,7473754,1
4ZJ4vzLQekI0WntDbanNC7,83,83.0,83,83,1,7325625,7325625.0,7325625,7325625,1
1CKcs7j0jxdGDCWrntDQil,49,49.0,49,49,1,4569,4569.0,4569,4569,1
0bJAmhSAeMSfsyazOEUVFf,65,65.0,65,65,1,49067177,4.9067177E7,49067177,49067177,1
05EatbIhTjuB6QjSTputWB,25,25.0,25,25,1,43179,43179.0,43179,43179,1
3BUcoSTQjI1tJIKCKynOTt,0,0.0,0,0,1,146894,146894.0,146894,146894,1
5aIVCx5tnk0ntmdiinnYvw,82,82.0,82,82,1,3505794,3505794.0,3505794,3505794,1
6PgZyb7IjK9W1x1y1TEeoR,0,0.0,0,0,1,139303,139303.0,139303,139303,1
2JPLbjOn0wPCngEot2STUS,78,78.0,78,78,1,102500980,1.0250098E8,102500980,102500980,1
6mwKDTLtoNyWc1zw9UH2nM,27,27.0,27,27,1,43886,43886.0,43886,43886,1
4pfrrhvplbJZAIsfosGWQP,66,66.0,66,66,1,145542136,1.45542136E8,145542136,145542136,1
3fGnrtrtL1IHSX9t4DKOYf,57,57.0,57,57,1,145489371,1.45489371E8,145489371,145489371,1
3dcnmfPABxjJbB4VCvUS8f,20,20.0,20,20,1,2543,2543.0,2543,2543,1
6iYMfxznTBlcVOgRHab2W0,65,65.0,65,65,1,34130771,3.4130771E7,34130771,34130771,1
4SSnFejRGlZikf02HLewEF,75,75.0,75,75,1,118728633,1.18728633E8,118728633,118728633,1
7qEKqBCD2vE5vIBsrUitpD,74,74.0,74,74,1,118692183,1.18692183E8,118692183,118692183,1
0Hijswm0F2WNL0vN5e4CyE,50,50.0,50,50,1,8411391,8411391.0,8411391,8411391,1
4K3gM7kzX4POAfrs71HomN,62,62.0,62,62,1,12430671,1.2430671E7,12430671,12430671,1
7JhxHVb2I8VrsPtqRdXvHp,24,24.0,24,24,1,46586,46586.0,46586,46586,1
18aImFRizYHe2MwD5EDWZh,41,41.0,41,41,1,148074,148074.0,148074,148074,1
15uwq9nwVelsisi4bAockR,13,13.0,13,13,1,63294,63294.0,63294,63294,1
3AiXzUyFAFZVBGVAADPN5a,53,53.0,53,53,1,7222118,7222118.0,7222118,7222118,1
5xTtaWoae3wi06K5WfVUUH,71,71.0,71,71,1,145396321,1.45396321E8,145396321,145396321,1
49gE0a0YPRMXRp43QhnHH8,43,43.0,43,43,1,42600,42600.0,42600,42600,1
2ls70nUDfjzm1lSRDuKxmw,59,59.0,59,59,1,145396321,1.45396321E8,145396321,145396321,1
1zVhMuH7agsRe6XkljIY4U,52,52.0,52,52,1,4307803,4307803.0,4307803,4307803,1
4N2ibi4kcH4D5ZYYvMiKsg,0,0.0,0,0,1,11034315,1.1034315E7,11034315,11034315,1
6C0T7QMpmeDoDkke32Ctqb,63,63.0,63,63,1,21606569,2.1606569E7,21606569,21606569,1
60wwxj6Dd9NJlirf84wr2c,78,78.0,78,78,1,6111556,6111556.0,6111556,6111556,1
0FTvaBDtyB5SbbhVfY1xlY,25,25.0,25,25,1,13710072,1.3710072E7,13710072,13710072,1
6SOuH440uMUvB4as5XRFGZ,0,0.0,0,0,1,4780589,4780589.0,4780589,4780589,1
7qxDU2QyH24KHW0OSGotVw,62,62.0,62,62,1,488277,488277.0,488277,488277,1
2NvJ4gxNHy4irhjWGNOP6k,25,25.0,25,25,1,34710,34710.0,34710,34710,1
0zMAvsQmaQ4DGsmXtKixpn,1,1.0,1,1,1,4494273,4494273.0,4494273,4494273,1
4m0MxfIXvKBe3cATug1PUg,39,39.0,39,39,1,113945,113945.0,113945,113945,1
3ZVrB6fVojTnW6ec08cpp8,46,46.0,46,46,1,424793,424793.0,424793,424793,1
266Vb7ItE3o1q8HdJ9QOvn,1,1.0,1,1,1,4494273,4494273.0,4494273,4494273,1
5xZYQAl2oktfGQ20rLOJt6,52,52.0,52,52,1,1680797,1680797.0,1680797,1680797,1
4HGvKfmYjjfjqLfUcCmelY,50,50.0,50,50,1,9676780,9676780.0,9676780,9676780,1
6GG73Jik4jUlQCkKg9JuGO,80,80.0,80,80,1,1798607,1798607.0,1798607,1798607,1
3fYWwJaPHiNVHt5ZgklGS9,32,32.0,32,32,1,793066,793066.0,793066,793066,1
61ny12xki8cVUKP46nXp6Z,42,42.0,42,42,1,1605047,1605047.0,1605047,1605047,1
4sutLmjkVKRN6pOAMo2joC,69,69.0,69,69,1,10819,10819.0,10819,10819,1
0yOf4dgkVq8jbB2zxVK8Zj,77,77.0,77,77,1,127417,127417.0,127417,127417,1
5E0aySFI5GK2NGMrnSFbKu,18,18.0,18,18,1,23398010,2.339801E7,23398010,23398010,1
1HChuZvDKwcl76LvaGExeo,53,53.0,53,53,1,334730,334730.0,334730,334730,1
5fdhThPDe6jQQDqCyWrdAn,72,72.0,72,72,1,2969733,2969733.0,2969733,2969733,1
0wJoRiX5K5BxlqZTolB2LD,67,67.0,67,67,1,7367979,7367979.0,7367979,7367979,1
0Dr8dPVFXuXfs7I5tOR7qh,50,50.0,50,50,1,805,805.0,805,805,1
6jbYpRPTEFl1HFKHk1IC0m,85,85.0,85,85,1,24420596,2.4420596E7,24420596,24420596,1
5vNRhkKd0yEAg8suGBpjeY,88,88.0,88,88,1,13320396,1.3320396E7,13320396,13320396,1
4q7y1JFDBJSBSLqXVgcI51,57,57.0,57,57,1,22675640,2.267564E7,22675640,22675640,1
4GL9GMX9t7Qkprvf1YighZ,65,65.0,65,65,1,41107596,4.1107596E7,41107596,41107596,1
4rXLjWdF2ZZpXCVTfWcshS,78,78.0,78,78,1,10342615,1.0342615E7,10342615,10342615,1
7oUwkHK056PfswC11jK2a6,25,25.0,25,25,1,26278854,2.6278854E7,26278854,26278854,1
4aOOExMBUyxKnEYb39SrTg,68,68.0,68,68,1,51727329,5.1727329E7,51727329,51727329,1
58HvfVOeJY7lUuCqF0m3ly,74,74.0,74,74,1,671778,671778.0,671778,671778,1
45S5WTQEGOB1VHr1Q4FuPl,73,73.0,73,73,1,34130771,3.4130771E7,34130771,34130771,1
3MTk8zTFCHgMei64ycr6GH,0,0.0,0,0,1,1192996,1192996.0,1192996,1192996,1
1Cv1YLb4q0RzL6pybtaMLo,4,4.0,4,4,1,983406,983406.0,983406,983406,1
5aozioXEMgxyttOvxCsckp,57,57.0,57,57,1,1429201,1429201.0,1429201,1429201,1
0FZ4Dmg8jJJAPJnvBIzD9z,77,77.0,77,77,1,12471348,1.2471348E7,12471348,12471348,1
1qp0ptMXNg9hqLH8sk7cc2,60,60.0,60,60,1,1581188,1581188.0,1581188,1581188,1
4HG1YiGBseVKzjyKcmAJen,64,64.0,64,64,1,103067383,1.03067383E8,103067383,103067383,1
0rSJtqCSAkhKORRpJlk7pL,45,45.0,45,45,1,88455,88455.0,88455,88455,1
0mDGNetRxywxqgiXFbagZh,55,55.0,55,55,1,46895665,4.6895665E7,46895665,46895665,1
3RiPr603aXAoi4GHyXx0uy,82,82.0,82,82,1,60804949,6.0804949E7,60804949,60804949,1
4ay0CqpU9LxT58y7d0mnPE,0,0.0,0,0,1,6103,6103.0,6103,6103,1
6TQwgRWmnovDECDrHVOxlY,57,57.0,57,57,1,41107596,4.1107596E7,41107596,41107596,1
5Hroj5K7vLpIG4FNCRIjbP,78,78.0,78,78,1,1646684,1646684.0,1646684,1646684,1
4FoV729rw7IhoKlMZW5K5V,1,1.0,1,1,1,145489371,1.45489371E8,145489371,145489371,1
1qfAWRJXPBq45Z52a8heKp,43,43.0,43,43,1,26561582,2.6561582E7,26561582,26561582,1
4is2lDOSQPmYzvxY33dX40,0,0.0,0,0,1,11039895,1.1039895E7,11039895,11039895,1
3w3y8KPTfNeOKPiqUTakBh,88,88.0,88,88,1,75455093,7.5455093E7,75455093,75455093,1
2kfGoV9a5dbSKCNmUWH2ZF,69,69.0,69,69,1,1555597,1555597.0,1555597,1555597,1
64f5bf2jyAkrsucnG9FXot,51,51.0,51,51,1,6113786,6113786.0,6113786,6113786,1
7yFMhCJOsH7khgpdnyrZAZ,68,68.0,68,68,1,51773650,5.177365E7,51773650,51773650,1
2AFFaiIlripSpcTYZXNL7f,0,0.0,0,0,1,344387,344387.0,344387,344387,1
1CkvWZme3pRgbzaxZnTl5X,4,4.0,4,4,1,66720643,6.6720643E7,66720643,66720643,1
0bTeMs3rokdYUswaoZryCQ,0,0.0,0,0,1,4780589,4780589.0,4780589,4780589,1
1fBl642IhJOE5U319Gy2Go,72,72.0,72,72,1,1284368,1284368.0,1284368,1284368,1
05UMQXFCsa9oPnLgfJHVyF,61,61.0,61,61,1,131979,131979.0,131979,131979,1
3RBXNeUbe3X7ZBch00D2St,50,50.0,50,50,1,17333748,1.7333748E7,17333748,17333748,1
6kYvTlnmv3jPY4vTk4QkqO,33,33.0,33,33,1,412759,412759.0,412759,412759,1
79VG6XhwYMOXWnik0sec1N,26,26.0,26,26,1,23398010,2.339801E7,23398010,23398010,1
22fpETmqgcXJL6AhdJh6iV,46,46.0,46,46,1,6670,6670.0,6670,6670,1
0oMnZAeeSxaqSwzs14I5YW,43,43.0,43,43,1,1693,1693.0,1693,1693,1
27xkOIER6uDLKALIelHylZ,88,88.0,88,88,1,9703374,9703374.0,9703374,9703374,1
6i5fDaCzwxRrZtuvvcqoIf,64,64.0,64,64,1,112918137,1.12918137E8,112918137,112918137,1
60zEl2cvjjtDhzF78snIYr,56,56.0,56,56,1,6371210,6371210.0,6371210,6371210,1
6m8U5FuQ5RTl1CO8KsENYS,48,48.0,48,48,1,771281,771281.0,771281,771281,1
0xGQTpN4ESETtl1Sp6rzd2,12,12.0,12,12,1,112957721,1.12957721E8,112957721,112957721,1
5AJ9hqTS2wcFQCELCFRO7A,82,82.0,82,82,1,937775,937775.0,937775,937775,1
7bywjHOc0wSjGGbj04XbVi,84,84.0,84,84,1,18885687,1.8885687E7,18885687,18885687,1
3DoSolxGSDoV7G7MtcIPiZ,57,57.0,57,57,1,26558356,2.6558356E7,26558356,26558356,1
0QNNd0qMCDbraS1nQPg3aA,63,63.0,63,63,1,8079123,8079123.0,8079123,8079123,1
4d4ZXH4dr5bYfgErHiZCX2,76,76.0,76,76,1,102500980,1.0250098E8,102500980,102500980,1
0k1WUmIRnG3xU6fvvDVfRG,72,72.0,72,72,1,103039388,1.03039388E8,103039388,103039388,1
11hEwcy9LMEvzAlOYAFhkK,79,79.0,79,79,1,1456368,1456368.0,1456368,1456368,1
7ytR5pFWmSjzHJIeQkgog4,73,73.0,73,73,1,12955951,1.2955951E7,12955951,12955951,1
2qAeePocTLxtiEzVQJAmO9,27,27.0,27,27,1,5446,5446.0,5446,5446,1
0nbXyq5TXYPCO7pr3N8S4I,81,81.0,81,81,1,11846410,1.184641E7,11846410,11846410,1
7kuXNqy7yXiXhGzBcceCEG,47,47.0,47,47,1,5158411,5158411.0,5158411,5158411,1
7qEHsqek33rTcFNT9PFqLf,86,86.0,86,86,1,14039018,1.4039018E7,14039018,14039018,1
5WoaF1B5XIEnWfmb5NZikf,75,75.0,75,75,1,6129109,6129109.0,6129109,6129109,1
4svZDCRz4cJoneBpjpx8DJ,73,73.0,73,73,1,145443567,1.45443567E8,145443567,145443567,1
500mvzh7TRZ0YdnVeHhj8b,2,2.0,2,2,1,6301808,6301808.0,6301808,6301808,1
2u0CelO5c81XS7z3dGpHbS,76,76.0,76,76,1,21591569,2.1591569E7,21591569,21591569,1
45pI8224KKX9Gx5fiyvEAh,67,67.0,67,67,1,51821190,5.182119E7,51821190,51821190,1
5M4yti0QxgqJieUYaEXcpw,77,77.0,77,77,1,9523590,9523590.0,9523590,9523590,1
7oGZAicScQt96OAW4AruYy,76,76.0,76,76,1,12460618,1.2460618E7,12460618,12460618,1
0vza2CsUtpjydQVV2E4TOm,60,60.0,60,60,1,7228235,7228235.0,7228235,7228235,1
5jE48hhRu8E6zBDPRSkEq7,69,69.0,69,69,1,15743681,1.5743681E7,15743681,15743681,1
6sWMSG9A1MsdZj1OfEYo2A,56,56.0,56,56,1,146628,146628.0,146628,146628,1
5JI613NrQgVdglOwKVKT48,9,9.0,9,9,1,20833,20833.0,20833,20833,1
3OZVqx1YsqDDkxQ6TnmHtn,62,62.0,62,62,1,2565032,2565032.0,2565032,2565032,1
6lOS1dPkjHlAzRCMplJupN,38,38.0,38,38,1,38385499,3.8385499E7,38385499,38385499,1
3OltGkhsrsLbTdb4u1I6iJ,25,25.0,25,25,1,21606569,2.1606569E7,21606569,21606569,1
0wrWxW18WK2MkrfDpRHkyh,78,78.0,78,78,1,261492,261492.0,261492,261492,1
1z9JX28wuVnQ0KDN1jdDVP,44,44.0,44,44,1,9779,9779.0,9779,9779,1
7ueP5u2qkdZbIPN2YA6LR0,74,74.0,74,74,1,2060915,2060915.0,2060915,2060915,1
1zrwUYtyak3uAiLx8PWn5C,24,24.0,24,24,1,24209,24209.0,24209,24209,1
6ZFbXIJkuI1dVNWvzJzown,73,73.0,73,73,1,4780589,4780589.0,4780589,4780589,1
7jk7gqyEonmVVYahZN5zhW,78,78.0,78,78,1,17766757,1.7766757E7,17766757,17766757,1
6MF6ZR5nTWFWii3eBlkS8b,47,47.0,47,47,1,2354296,2354296.0,2354296,2354296,1
5YaLFRpqpUzgLLDcukNn0H,67,67.0,67,67,1,6158071,6158071.0,6158071,6158071,1
6NP6RvpByeHLZEHCwh7UqP,0,0.0,0,0,1,12757,12757.0,12757,12757,1
4bJygwUKrRgq1stlNXcgMg,80,80.0,80,80,1,1098389,1098389.0,1098389,1098389,1
3HsrcX8pSr7NCxYhfrtczZ,23,23.0,23,23,1,13708054,1.3708054E7,13708054,13708054,1
4LwU4Vp6od3Sb08CsP99GC,79,79.0,79,79,1,15085473,1.5085473E7,15085473,15085473,1
6wnmRxEbwUK7WLyUtiRuT7,57,57.0,57,57,1,13822540,1.382254E7,13822540,13822540,1
2IY559smG7SXYk229NA2Vl,70,70.0,70,70,1,3371242,3371242.0,3371242,3371242,1
76HKOVWqsEg26SECtmw7Rz,77,77.0,77,77,1,37431031,3.7431031E7,37431031,37431031,1
70C4NyhjD5OZUMzvWZ3njJ,83,83.0,83,83,1,7402824,7402824.0,7402824,7402824,1
0vFOzaXqZHahrZp6enQwQb,75,75.0,75,75,1,22729968,2.2729968E7,22729968,22729968,1
4pZ949nFW5SurwzE0TSe7I,16,16.0,16,16,1,475,475.0,475,475,1
6wkYQMrFfb0huLB5Qn19Iv,82,82.0,82,82,1,26559943,2.6559943E7,26559943,26559943,1
6NFYeAeCn56i1LmRe2jN2U,39,39.0,39,39,1,11588,11588.0,11588,11588,1
2fKnX8RINrl4eOG5klOhcZ,67,67.0,67,67,1,1300663,1300663.0,1300663,1300663,1
4il87YHqSV9UqbBkXM7z7m,66,66.0,66,66,1,9256589,9256589.0,9256589,9256589,1
4l1CACK2hyaPhBItF52svI,58,58.0,58,58,1,46395,46395.0,46395,46395,1
2rYllInztQMtHyuVFUyci5,39,39.0,39,39,1,301499,301499.0,301499,301499,1
246q6t2twFFwNbNJt4cBgC,22,22.0,22,22,1,8657,8657.0,8657,8657,1
4D7BCuvgdJlYvlX5WlN54t,79,79.0,79,79,1,145396321,1.45396321E8,145396321,145396321,1
2mPXui72mlIYR5sQUPZXwP,45,45.0,45,45,1,3736388,3736388.0,3736388,3736388,1
3Y2MvObZdPakD1X71KOxCD,0,0.0,0,0,1,198872,198872.0,198872,198872,1
6wTNs055Zhho6ngtbxFS2O,20,20.0,20,20,1,4723,4723.0,4723,4723,1
7B7ntJ0B84LVY1CljRSB0o,32,32.0,32,32,1,41372,41372.0,41372,41372,1
1vuUbnY82fCNjfzqjLmblw,56,56.0,56,56,1,5642365,5642365.0,5642365,5642365,1
0NsG1b9koK74vTJ2VJUJQU,50,50.0,50,50,1,394210,394210.0,394210,394210,1
4Il330n53GprIcAO2GzwTN,27,27.0,27,27,1,6315216,6315216.0,6315216,6315216,1
02dRkCEc8Q5ch4TTcnLxOn,74,74.0,74,74,1,1294030,1294030.0,1294030,1294030,1
0VpEX8ib3wE7u8NOw4szU6,67,67.0,67,67,1,1261169,1261169.0,1261169,1261169,1
5TTXEcfsYLh6fTarLaevTi,2,2.0,2,2,1,8642338,8642338.0,8642338,8642338,1
100eDEmpWV5YGVCqHI0leU,60,60.0,60,60,1,30541347,3.0541347E7,30541347,30541347,1
4XzkS1hmMdenBmmbLbjorO,51,51.0,51,51,1,4308713,4308713.0,4308713,4308713,1
4B4CQ84BBpHK5d02cWKUb0,24,24.0,24,24,1,837063,837063.0,837063,837063,1
6kPJZM97LwdG9QIsT7khp6,68,68.0,68,68,1,5973844,5973844.0,5973844,5973844,1
5PjdC2gMATetx5xdnwGUu7,74,74.0,74,74,1,8763286,8763286.0,8763286,8763286,1
4uciFGeTnftmqe5RK9LDUE,31,31.0,31,31,1,111969,111969.0,111969,111969,1
6R6wY6SsjYZOBFrpYEHUa3,48,48.0,48,48,1,99058,99058.0,99058,99058,1
1mxaufUe16G9wOoG9ptUqr,46,46.0,46,46,1,46895665,4.6895665E7,46895665,46895665,1
4PA16FAl8LPmFmOhARawdV,66,66.0,66,66,1,103039388,1.03039388E8,103039388,103039388,1
39IOkz6LpC1qc5Wnt0T07r,53,53.0,53,53,1,241502,241502.0,241502,241502,1
5fJD7wh9yoSTpl9d5rgl7l,58,58.0,58,58,1,313454,313454.0,313454,313454,1
59HjlYCeBsxdI0fcm3zglw,66,66.0,66,66,1,145443567,1.45443567E8,145443567,145443567,1
0p1HtkrNYxv0iDfEKwXSTp,65,65.0,65,65,1,7507062,7507062.0,7507062,7507062,1
5yIiXdLRE85OBiQmCaUenq,56,56.0,56,56,1,7506632,7506632.0,7506632,7506632,1
1nInOsHbtotAmEOQhtvnzP,74,74.0,74,74,1,10961941,1.0961941E7,10961941,10961941,1
5IWmdl33NNTLsKlLT6WSlh,51,51.0,51,51,1,92242,92242.0,92242,92242,1
1OXfWI3FQMdsKKC6lkvzSx,1,1.0,1,1,1,2444287,2444287.0,2444287,2444287,1
2akmHxuzNewpvDhbZRmxgm,44,44.0,44,44,1,301316,301316.0,301316,301316,1
6jBUP2KCe821yqf1hiBqPR,69,69.0,69,69,1,1561325,1561325.0,1561325,1561325,1
3AjyOYxBv8bByfBtG5o9dP,68,68.0,68,68,1,26561582,2.6561582E7,26561582,26561582,1
2T3jgoAMbBXiMMD8pSc6QL,77,77.0,77,77,1,538408,538408.0,538408,538408,1
2v3Ezj7MnwBe3s1VRaUcDt,49,49.0,49,49,1,490560,490560.0,490560,490560,1
4H2TRR9FjnnIwxGnIt9stO,53,53.0,53,53,1,1195876,1195876.0,1195876,1195876,1
6Z1Q31m2SQt7uLfyqce6ot,52,52.0,52,52,1,581061,581061.0,581061,581061,1
6PBRIuDoxpIdzMWCtXW1uV,41,41.0,41,41,1,4968982,4968982.0,4968982,4968982,1
1p80AptLonBW0VilSi6xFj,42,42.0,42,42,1,732410,732410.0,732410,732410,1
0L0LgwFZ7UtBnRNQvSBty6,33,33.0,33,33,1,154802,154802.0,154802,154802,1
4IkFCv3PASUNvPVuwMnjnu,35,35.0,35,35,1,1855,1855.0,1855,1855,1
7Faw7cTX2PdZOTDCpQLgEc,30,30.0,30,30,1,27,27.0,27,27,1
7B3BwNecBhKvNwSMOOl7Gk,80,80.0,80,80,1,1364231,1364231.0,1364231,1364231,1
1HUxOG84RhpxdYghIs1BXx,5,5.0,5,5,1,0,0.0,0,0,1
5xHgo5JN0wfsV41HnRaos5,73,73.0,73,73,1,7305071,7305071.0,7305071,7305071,1
3sK8wGT43QFpWrvNQsrQya,91,91.0,91,91,1,102500980,1.0250098E8,102500980,102500980,1
3mvy6MevlZe9rSUrW1bhqv,13,13.0,13,13,1,32968,32968.0,32968,32968,1
7tI8dRuH2Yc6RuoTjxo4dU,86,86.0,86,86,1,10841227,1.0841227E7,10841227,10841227,1
5N3hjp1WNayUPZrA8kJmJP,79,79.0,79,79,1,26516295,2.6516295E7,26516295,26516295,1
55ikcenXPbQdzCnO1sOuYg,76,76.0,76,76,1,3204129,3204129.0,3204129,3204129,1
7p04fmSm1Gz8cNS4ep1rWE,27,27.0,27,27,1,1843,1843.0,1843,1843,1
3fXy7UkU64qm5ezMBf0CTh,58,58.0,58,58,1,318020,318020.0,318020,318020,1
3rmo8F54jFF8OgYsqTxm5d,82,82.0,82,82,1,122802777,1.22802777E8,122802777,122802777,1
0W6I02J9xcqK8MtSeosEXb,71,71.0,71,71,1,34748949,3.4748949E7,34748949,34748949,1
5W8jRrZ6tWrTrqnKRtIQBf,67,67.0,67,67,1,27077429,2.7077429E7,27077429,27077429,1
11ZulcYY4lowvcQm4oe3VJ,71,71.0,71,71,1,2613864,2613864.0,2613864,2613864,1
1lw4FrPr3Y8R7Q1Mro2TMe,64,64.0,64,64,1,9504357,9504357.0,9504357,9504357,1
7zx1i0jGcFwMBurajgKlO7,54,54.0,54,54,1,21223,21223.0,21223,21223,1
4v8jmsVox8VwU5js3JHOJZ,54,54.0,54,54,1,26564677,2.6564677E7,26564677,26564677,1
0sci7ppTZFm4mjcH3nu8yO,67,67.0,67,67,1,107374593,1.07374593E8,107374593,107374593,1
7MW0vSCN9g2T5eConVGEsO,0,0.0,0,0,1,122639,122639.0,122639,122639,1
6roFHBn0kFsj0H0ud7gSTn,30,30.0,30,30,1,6438,6438.0,6438,6438,1
3xUsaaH6oCG1w8kD1oGhGW,51,51.0,51,51,1,1105908,1105908.0,1105908,1105908,1
0u2P5u6lvoDfwTYjAADbn4,87,87.0,87,87,1,118692183,1.18692183E8,118692183,118692183,1
6osKPJp6kQwZcgUqBteJFN,61,61.0,61,61,1,176530,176530.0,176530,176530,1
5VD3oQilL00HfIEW6ICSQq,43,43.0,43,43,1,39788275,3.9788275E7,39788275,39788275,1
7DbbEaULNuEe95sxVJFwXQ,0,0.0,0,0,1,718358,718358.0,718358,718358,1
4MInKYmt6vnJAH8NQeaZMN,52,52.0,52,52,1,558388,558388.0,558388,558388,1
4mCf3vQf7z0Yseo0RxAi3V,69,69.0,69,69,1,68997177,6.8997177E7,68997177,68997177,1
7g3htkaLz4ETFn0cifwM3y,68,68.0,68,68,1,51773650,5.177365E7,51773650,51773650,1
0Vh5LDK9inNgF6TBZyIq1P,0,0.0,0,0,1,241463,241463.0,241463,241463,1
2EpTKW1O5Zmok99BzQOi9D,55,55.0,55,55,1,40270893,4.0270893E7,40270893,40270893,1
4K0M12PIWJjA4H0NAP142y,58,58.0,58,58,1,40273571,4.0273571E7,40273571,40273571,1
3lR8QudTs761oiGqnK0uU1,16,16.0,16,16,1,2246627,2246627.0,2246627,2246627,1
48eYARVnT9vxX4Il9Ln7Ul,37,37.0,37,37,1,104539036,1.04539036E8,104539036,104539036,1
2GYHyAoLWpkxLVa4oYTVko,78,78.0,78,78,1,3860463,3860463.0,3860463,3860463,1
4u26EevCNXMhlvE1xFBJwX,67,67.0,67,67,1,1615133,1615133.0,1615133,1615133,1
1g3Bc80hioYOSitxntNQYi,58,58.0,58,58,1,301146,301146.0,301146,301146,1
5fVZC9GiM4e8vu99W0Xf6J,84,84.0,84,84,1,4290197,4290197.0,4290197,4290197,1
0MsrWnxQZxPAcov7c74sSo,71,71.0,71,71,1,17327094,1.7327094E7,17327094,17327094,1
7fFCnttacpotkyhTOxKv14,52,52.0,52,52,1,13708054,1.3708054E7,13708054,13708054,1
5FR54UnizyI8pE5E9Zb0Dt,64,64.0,64,64,1,2811233,2811233.0,2811233,2811233,1
6MdqqkQ8sSC0WB4i8PyRuQ,78,78.0,78,78,1,997137,997137.0,997137,997137,1
38QnxZJMktnt96bxalqgEl,59,59.0,59,59,1,5106570,5106570.0,5106570,5106570,1
6KIS5YIZAyeiFNx1aE1OhY,71,71.0,71,71,1,5111573,5111573.0,5111573,5111573,1
6LUGvXEAK8WxIBYK43uoTb,82,82.0,82,82,1,7728723,7728723.0,7728723,7728723,1
2GFawZaMjG8QLxiR4OD3db,69,69.0,69,69,1,11683338,1.1683338E7,11683338,11683338,1
7so0lgd0zP2Sbgs2d7a1SZ,86,86.0,86,86,1,42275793,4.2275793E7,42275793,42275793,1
1iRIdATb1I276VdKK7JVAB,63,63.0,63,63,1,12320084,1.2320084E7,12320084,12320084,1
1KVIsj8vut4tYOxPFbKUeu,23,23.0,23,23,1,9639,9639.0,9639,9639,1
4XkKtFSuLnP8iXktwjxguR,48,48.0,48,48,1,6374933,6374933.0,6374933,6374933,1
19WADqdL5dt6UmSiM6IUZt,21,21.0,21,21,1,554173,554173.0,554173,554173,1
2Up3fZI91JNl6p8KE0wduN,12,12.0,12,12,1,6622,6622.0,6622,6622,1
3IX0yuEVvDbnqUwMBB3ouC,76,76.0,76,76,1,49083617,4.9083617E7,49083617,49083617,1
3k79jB4aGmMDUQzEwa46Rz,5,5.0,5,5,1,49050008,4.9050008E7,49050008,49050008,1
0JZ1ABjN8q7TNwMP39NjvU,70,70.0,70,70,1,84858,84858.0,84858,84858,1
7F96KtKIOWDuK7ElvMLlne,56,56.0,56,56,1,26095,26095.0,26095,26095,1
4v5wIF908EDFp556SNDOfz,19,19.0,19,19,1,86563,86563.0,86563,86563,1
32FhTAAjKZaBein150o3Px,78,78.0,78,78,1,26559943,2.6559943E7,26559943,26559943,1
10ImcQk9tihY1EKMDIbvXJ,64,64.0,64,64,1,66751662,6.6751662E7,66751662,66751662,1
1eMNW1HQjF1dbb4GtnmpaX,61,61.0,61,61,1,15031490,1.503149E7,15031490,15031490,1
08Nnk6KXrcIS8vZOGbPUby,35,35.0,35,35,1,134059,134059.0,134059,134059,1
2QpGZOhTCHHiKmpSO9FW4h,71,71.0,71,71,1,31045858,3.1045858E7,31045858,31045858,1
4squZv12LD9M8ooJfoVgZS,65,65.0,65,65,1,6191529,6191529.0,6191529,6191529,1
2xLMifQCjDGFmkHkpNLD9h,82,82.0,82,82,1,41119579,4.1119579E7,41119579,41119579,1
0STK94RxUulYqWzwFlyAb5,58,58.0,58,58,1,27289523,2.7289523E7,27289523,27289523,1
4kOlyvj9WiPrI4zpmzKAeA,46,46.0,46,46,1,29207,29207.0,29207,29207,1
7GaEsZH7fFDayN1GsDeybZ,0,0.0,0,0,1,70341,70341.0,70341,70341,1
5hTpBe8h35rJ67eAWHQsJx,68,68.0,68,68,1,2022794,2022794.0,2022794,2022794,1
1zB4vmk8tFRmM9UULNzbLB,84,84.0,84,84,1,58364373,5.8364373E7,58364373,58364373,1
1WkMMavIMc4JZ8cfMmxHkI,71,71.0,71,71,1,15830822,1.5830822E7,15830822,15830822,1
4k3xDpAdBuM17mNNHhOZkK,85,85.0,85,85,1,15684530,1.568453E7,15684530,15684530,1
6gj08XDlv9Duc2fPOxUmVD,64,64.0,64,64,1,15744271,1.5744271E7,15744271,15744271,1
18z7tK7u9DcDw85LYRR5Fe,0,0.0,0,0,1,4779199,4779199.0,4779199,4779199,1
2NLAQ5IHQbMzTa0nCK0mkU,0,0.0,0,0,1,3154,3154.0,3154,3154,1
7tGlzXJv6GD5e5qlu5YmDg,1,1.0,1,1,1,17933500,1.79335E7,17933500,17933500,1
0UfKjLR2ky4AJBF1ksmAQ8,36,36.0,36,36,1,4969994,4969994.0,4969994,4969994,1
1kPy5k5zGDwvqZtnV4i5ga,44,44.0,44,44,1,9786,9786.0,9786,9786,1
62zFEHfAYl5kdHYOivj4BC,81,81.0,81,81,1,11939612,1.1939612E7,11939612,11939612,1
5uEXxA4AG9N1ja5MvMlqDs,36,36.0,36,36,1,1248,1248.0,1248,1248,1
09ZcYBGFX16X8GMDrvqQwt,62,62.0,62,62,1,8810761,8810761.0,8810761,8810761,1
7AqISujIaWcY3h5zrOqt5v,59,59.0,59,59,1,721160,721160.0,721160,721160,1
2QvHNNP2qKQn7mzqf5vDH3,47,47.0,47,47,1,301316,301316.0,301316,301316,1
41pOIT2t1rvr2Trg1HQChZ,71,71.0,71,71,1,13976718,1.3976718E7,13976718,13976718,1
6sbXGUn9V9ZaLwLdOfpKRE,73,73.0,73,73,1,6711194,6711194.0,6711194,6711194,1
5ByAIlEEnxYdvpnezg7HTX,73,73.0,73,73,1,12762931,1.2762931E7,12762931,12762931,1
05oETzWbd4SI33qK2gbJfR,78,78.0,78,78,1,13966197,1.3966197E7,13966197,13966197,1
4nwKdZID1ht0lDBJ5h2p87,56,56.0,56,56,1,30718195,3.0718195E7,30718195,30718195,1
3oKtvkoervQjzXyh1OMHHq,35,35.0,35,35,1,290,290.0,290,290,1
4GAqLL3l5bM2VyTlZ1Lub0,43,43.0,43,43,1,1874,1874.0,1874,1874,1
55lijDD6OAjLFFUHU9tcDm,92,92.0,92,92,1,2853248,2853248.0,2853248,2853248,1
7CHzHT86zvEkeZpVPr6IgL,27,27.0,27,27,1,34,34.0,34,34,1
4TJmVTYlpp2fC80bKgVBGw,48,48.0,48,48,1,491,491.0,491,491,1
3NPIlytbRwEF9qDEtd47pU,5,5.0,5,5,1,0,0.0,0,0,1
7JqH46zlr7XV7vMBt4slE6,69,69.0,69,69,1,49067177,4.9067177E7,49067177,49067177,1
727x6SZXGF0LfU2vi3rjaH,69,69.0,69,69,1,468383,468383.0,468383,468383,1
5uAm7m2aWAUeIGTAIgv36S,43,43.0,43,43,1,3680,3680.0,3680,3680,1
3xIMkM5LgbVDkpO74O3Np3,26,26.0,26,26,1,9463490,9463490.0,9463490,9463490,1
3iHzKA9HlXf5wsGdsrsnSA,72,72.0,72,72,1,14043382,1.4043382E7,14043382,14043382,1
3XOmSRuEEq7rK4XNzWQdyT,71,71.0,71,71,1,308503,308503.0,308503,308503,1
7oDd86yk8itslrA9HRP2ki,72,72.0,72,72,1,112957721,1.12957721E8,112957721,112957721,1
1Hohk6AufHZOrrhMXZppax,67,67.0,67,67,1,41176723,4.1176723E7,41176723,41176723,1
0b18g3G5spr4ZCkz7Y6Q0Q,78,78.0,78,78,1,99150,99150.0,99150,99150,1
78YTl0P96kBCBXUSzKoqAm,62,62.0,62,62,1,15021860,1.502186E7,15021860,15021860,1
5GK1GYXH16RdfmltogHhAk,65,65.0,65,65,1,26561582,2.6561582E7,26561582,26561582,1
32JsaB5xXJxJCTg0vWlGTj,36,36.0,36,36,1,30694,30694.0,30694,30694,1
2bT1PH7Cw3J9p3t7nlXCdh,74,74.0,74,74,1,45700057,4.5700057E7,45700057,45700057,1
1i4oNDGl8ur1kHZsHQ3XQ1,21,21.0,21,21,1,21333,21333.0,21333,21333,1
39LmTF9RgyakzSYX8txrow,69,69.0,69,69,1,107401919,1.07401919E8,107401919,107401919,1
1oNcc2isuz7d3hc1fMoHqj,63,63.0,63,63,1,15021860,1.502186E7,15021860,15021860,1
3V8UKqhEK5zBkBb6d6ub8i,74,74.0,74,74,1,5576392,5576392.0,5576392,5576392,1
3qGHAKgjQruzj6doKkyEb5,63,63.0,63,63,1,6318755,6318755.0,6318755,6318755,1
2eAvDnpXP5W0cVtiI0PUxV,84,84.0,84,84,1,4468964,4468964.0,4468964,4468964,1
53SfB4huCgiRGmwzJdEo1u,62,62.0,62,62,1,107418606,1.07418606E8,107418606,107418606,1
4KHnHCB3KVJeQRHt9PM8uz,62,62.0,62,62,1,12544566,1.2544566E7,12544566,12544566,1
7EyTP9nFCr4rxZTdtsQevI,39,39.0,39,39,1,2918550,2918550.0,2918550,2918550,1
1ze9WxnqqYD81CjLOkHIo4,40,40.0,40,40,1,12274759,1.2274759E7,12274759,12274759,1
0puf9yIluy9W0vpMEUoAnN,81,81.0,81,81,1,12190846,1.2190846E7,12190846,12190846,1
1almCHdsfikRPfVB9VrEdT,69,69.0,69,69,1,1235269,1235269.0,1235269,1235269,1
5sF7hdYvhrcgNq8NZjfK8L,70,70.0,70,70,1,3737128,3737128.0,3737128,3737128,1
5jrdCoLpJSvHHorevXBATy,74,74.0,74,74,1,38385499,3.8385499E7,38385499,38385499,1
3rHUpjfq9JjrfaTsEAmQBC,37,37.0,37,37,1,38385499,3.8385499E7,38385499,38385499,1
7dPLFIBvafAXkJF7eDRcIs,46,46.0,46,46,1,264691,264691.0,264691,264691,1
58rFzMvW9kxNwMtGTgBQoP,64,64.0,64,64,1,58364373,5.8364373E7,58364373,58364373,1
1kPpge9JDLpcj15qgrPbYX,76,76.0,76,76,1,2503055,2503055.0,2503055,2503055,1
4SEXGgEvOxeSc7J6oAJ8Xj,31,31.0,31,31,1,4968982,4968982.0,4968982,4968982,1
7rGMKCgeYXpBecQ1FPb3oc,45,45.0,45,45,1,27139342,2.7139342E7,27139342,27139342,1
4QNpBfC0zvjKqPJcyqBy9W,87,87.0,87,87,1,11939612,1.1939612E7,11939612,11939612,1
0qeKzbUsW0V4ZWRJrHNiD3,2,2.0,2,2,1,497497,497497.0,497497,497497,1
3RtvE0TGV51sssspQbkWil,40,40.0,40,40,1,3833,3833.0,3833,3833,1
2M9ULmQwTaTGmAdXaXpfz5,70,70.0,70,70,1,489247,489247.0,489247,489247,1
5lP1kCqAj1fh9pgJWOKyJa,42,42.0,42,42,1,69014420,6.901442E7,69014420,69014420,1
5Gqx8YhQeB1crgtFS0wNUm,42,42.0,42,42,1,42256604,4.2256604E7,42256604,42256604,1
3gZGpsx5pyv2kvVwSqy6mS,44,44.0,44,44,1,65353,65353.0,65353,65353,1
5Qv2Nby1xTr9pQyjkrc94J,82,82.0,82,82,1,13831380,1.383138E7,13831380,13831380,1
7zY46aSULMG2pDG2fMlaI7,54,54.0,54,54,1,153209,153209.0,153209,153209,1
59Djq0zGIu8HDZ8QXs2oiz,50,50.0,50,50,1,430400,430400.0,430400,430400,1
0tWEB6BxbI48XN79QE1JbT,71,71.0,71,71,1,6161997,6161997.0,6161997,6161997,1
2kRFrWaLWiKq48YYVdGcm8,75,75.0,75,75,1,13822540,1.382254E7,13822540,13822540,1
0QnGI4OgY8ReggLWvEXdgD,55,55.0,55,55,1,4292330,4292330.0,4292330,4292330,1
7chyYGHEsEbpImc26NjhXt,30,30.0,30,30,1,23391272,2.3391272E7,23391272,23391272,1
01q4ccXbvPlCwZ1fPiFaeM,59,59.0,59,59,1,7733966,7733966.0,7733966,7733966,1
44gePNWC4UPBR1VZmJTD0o,55,55.0,55,55,1,72278,72278.0,72278,72278,1
5urzAWsnWOGUb6n9wC1mSj,56,56.0,56,56,1,26095,26095.0,26095,26095,1
5KVot2VLi0sFVv7zyOCn0q,65,65.0,65,65,1,9249502,9249502.0,9249502,9249502,1
6Nuzq0dw2uEqDBZBFQbuFs,25,25.0,25,25,1,1310,1310.0,1310,1310,1
6zuPQl2RVqQ4y5nAH61CFC,53,53.0,53,53,1,41172203,4.1172203E7,41172203,41172203,1
1bJRd2ey6ER7neSxZwYdAG,23,23.0,23,23,1,52913,52913.0,52913,52913,1
5YbGrhQCpOT4aOTlFgACke,50,50.0,50,50,1,8862622,8862622.0,8862622,8862622,1
1joXqptvn9OgoDbXA1S3p7,58,58.0,58,58,1,72278,72278.0,72278,72278,1
7GXY8BJNXf2fK4aATVswz8,39,39.0,39,39,1,241502,241502.0,241502,241502,1
2JxPgHghyuG0SKNy8htBWg,63,63.0,63,63,1,2131649,2131649.0,2131649,2131649,1
4DByEumlGTZKSzuVEZ35eo,64,64.0,64,64,1,41180800,4.11808E7,41180800,41180800,1
4qtdkdTY1t3RmlmSbWykzR,55,55.0,55,55,1,1581138,1581138.0,1581138,1581138,1
7sMBvZCSUl99bJLXZaLa0b,0,0.0,0,0,1,75474551,7.5474551E7,75474551,75474551,1
34V9RiEPe8MNdU32qJsJa1,56,56.0,56,56,1,145396321,1.45396321E8,145396321,145396321,1
2nqio0SfWg6gh2eCtfuMa5,62,62.0,62,62,1,145396321,1.45396321E8,145396321,145396321,1
6huNf4dutXRjJyGn7f5BPS,76,76.0,76,76,1,113039308,1.13039308E8,113039308,113039308,1
0BV0AYGLVlu2SdjN3J9twp,62,62.0,62,62,1,216,216.0,216,216,1
36iEamAz0VOJaFJjwraUyr,0,0.0,0,0,1,156667,156667.0,156667,156667,1
0jHWM2GRtH258HIsmBlznw,0,0.0,0,0,1,72172,72172.0,72172,72172,1
0rvgGiIKX9EqH85S6RD83o,32,32.0,32,32,1,15288,15288.0,15288,15288,1
1TMWcbxL5YF8rKsFHv5hAP,70,70.0,70,70,1,34748949,3.4748949E7,34748949,34748949,1
05mDaV9Vb3wrzjF6OPZnhq,65,65.0,65,65,1,47716988,4.7716988E7,47716988,47716988,1
3s4mrPrEFFPF0LmAfutW0n,70,70.0,70,70,1,12418681,1.2418681E7,12418681,12418681,1
3BUT32qmBXmlqp3EJkgRfp,52,52.0,52,52,1,4777574,4777574.0,4777574,4777574,1
3HVWdVOQ0ZA45FuZGSfvns,74,74.0,74,74,1,122773292,1.22773292E8,122773292,122773292,1
14PWHDV87nXiSuClZDsEYC,61,61.0,61,61,1,10342615,1.0342615E7,10342615,10342615,1
6v3b2lQADc1ugsXvrqYZIB,44,44.0,44,44,1,1685958,1685958.0,1685958,1685958,1
27a1mYSG5tYg7dmEjWBcmL,77,77.0,77,77,1,41119579,4.1119579E7,41119579,41119579,1
5PxFv9yJEg9dxvbZggykro,67,67.0,67,67,1,145489371,1.45489371E8,145489371,145489371,1
3L3G4XFQqtFe9a3azMacZ5,0,0.0,0,0,1,1394134,1394134.0,1394134,1394134,1
2qM9TCbNQcHvGtwmh5nulc,40,40.0,40,40,1,640544,640544.0,640544,640544,1
650OeHTLxZAQmb4aEbGmaA,59,59.0,59,59,1,31819030,3.181903E7,31819030,31819030,1
15k2nBQJ0teDmPZHrOXL2N,61,61.0,61,61,1,112918137,1.12918137E8,112918137,112918137,1
2YWjW3wwQIBLNhxWKBQd16,69,69.0,69,69,1,6301986,6301986.0,6301986,6301986,1
2QF6zppCfQQndqElgg6SM8,39,39.0,39,39,1,12274170,1.227417E7,12274170,12274170,1
0wI7QkCcs8FUQE1OkXUIqd,78,78.0,78,78,1,12275134,1.2275134E7,12275134,12275134,1
5cIDi1hmgkpikBlhBQhCiP,38,38.0,38,38,1,340030,340030.0,340030,340030,1
3lBRNqXjPp2j3JMTCXDTNO,67,67.0,67,67,1,41172203,4.1172203E7,41172203,41172203,1
6SFAshmB8xVQZMIPrJ1qqY,44,44.0,44,44,1,132037,132037.0,132037,132037,1
2CPnPnfbCMESaNpBQbeA0X,59,59.0,59,59,1,490560,490560.0,490560,490560,1
2Qz4OOuEphy8XRRt1nuh0p,37,37.0,37,37,1,24209,24209.0,24209,24209,1
4R8j6vRnGT0AtW8GpgVE5T,35,35.0,35,35,1,9661696,9661696.0,9661696,9661696,1
4tKGFmENO69tZR9ahgZu48,79,79.0,79,79,1,570428,570428.0,570428,570428,1
7Bj4wIqRzM6vx278EFYoBh,66,66.0,66,66,1,164398,164398.0,164398,164398,1
1EYTOP6cIzADbgxCFG87ML,47,47.0,47,47,1,4969994,4969994.0,4969994,4969994,1
14XWXWv5FoCbFzLksawpEe,72,72.0,72,72,1,8852274,8852274.0,8852274,8852274,1
0o9g90ucYD4Quisfnm9uyE,49,49.0,49,49,1,2649787,2649787.0,2649787,2649787,1
01p5urrGw5fuFCcfT7PBgc,75,75.0,75,75,1,85034636,8.5034636E7,85034636,85034636,1
2TAhdTIonAtbaTSeOKI2Df,52,52.0,52,52,1,68408,68408.0,68408,68408,1
7u7IqryLFAygWFz6bsEB7y,74,74.0,74,74,1,1626341,1626341.0,1626341,1626341,1
0K0N6C3YIxFa2s5zqdzvDx,2,2.0,2,2,1,12471,12471.0,12471,12471,1
2GbDHdc9ubNBtcBADoiRPq,33,33.0,33,33,1,9382,9382.0,9382,9382,1
41krZZovstMJKeJZJtbL78,67,67.0,67,67,1,6318755,6318755.0,6318755,6318755,1
5bi0gh89wRuH2OgjdAKFsb,74,74.0,74,74,1,2726605,2726605.0,2726605,2726605,1
6HLPgLz6goPAg4kjp6knQb,21,21.0,21,21,1,3312,3312.0,3312,3312,1
0nYVpZvDHwkalBG2cLfQ6A,37,37.0,37,37,1,5251,5251.0,5251,5251,1
3hU9W3drI6DjpQnvx53osT,56,56.0,56,56,1,2133043,2133043.0,2133043,2133043,1
3qhlB30KknSejmIvZZLjOD,89,89.0,89,89,1,2322081,2322081.0,2322081,2322081,1
3GYlZ7tbxLOxe6ewMNVTkw,83,83.0,83,83,1,118797451,1.18797451E8,118797451,118797451,1
3o9kpgkIcffx0iSwxhuNI2,69,69.0,69,69,1,676095,676095.0,676095,676095,1
4chCYhp95erqgHFXRfBR24,55,55.0,55,55,1,26887,26887.0,26887,26887,1
5W8HXMOMLtXLz0RGKUtnlZ,62,62.0,62,62,1,672618,672618.0,672618,672618,1
3Uo7WG0vmLQ07WB4BDwy7D,67,67.0,67,67,1,145489371,1.45489371E8,145489371,145489371,1
15og0pCEcTFWEXOFKdcJlU,78,78.0,78,78,1,13209377,1.3209377E7,13209377,13209377,1
0jT8Nl0shPS8115is0wD2Q,70,70.0,70,70,1,20454854,2.0454854E7,20454854,20454854,1
2gTdDMpNxIRFSiu7HutMCg,72,72.0,72,72,1,5642925,5642925.0,5642925,5642925,1
5u6vkDnOyaf8LsteDAj2ub,66,66.0,66,66,1,23806936,2.3806936E7,23806936,23806936,1
51ChrwmUPDJvedPQnIU8Ls,78,78.0,78,78,1,122773292,1.22773292E8,122773292,122773292,1
2dfHh7ECGxfNqZTQno09Vk,59,59.0,59,59,1,122773292,1.22773292E8,122773292,122773292,1
09EA4enOk1gBwSEgsxaGkn,52,52.0,52,52,1,368641,368641.0,368641,368641,1
6Hff5w3Kwaa6G2Rd847eQf,21,21.0,21,21,1,5716963,5716963.0,5716963,5716963,1
1glFzU55j6ji6xYEMlvEUx,26,26.0,26,26,1,49050008,4.9050008E7,49050008,49050008,1
62b8d8SQJUtfXUWu2tD4d1,52,52.0,52,52,1,17431,17431.0,17431,17431,1
46lFttIf5hnUZMGvjK0Wxo,76,76.0,76,76,1,3469806,3469806.0,3469806,3469806,1
0y60itmpH0aPKsFiGxmtnh,79,79.0,79,79,1,2980061,2980061.0,2980061,2980061,1
46qPfZshPjoitCKdKVD6k7,56,56.0,56,56,1,40270893,4.0270893E7,40270893,40270893,1
0HZhYMZOcUzZKSFwPOti6m,74,74.0,74,74,1,4308239,4308239.0,4308239,4308239,1
3kv6omImmKEfOVJWjstusF,68,68.0,68,68,1,9407321,9407321.0,9407321,9407321,1
7BAuEd5WLrd4gHKyInRk4B,27,27.0,27,27,1,38393243,3.8393243E7,38393243,38393243,1
12oxsGACfwMozi4nK9noGQ,71,71.0,71,71,1,3290296,3290296.0,3290296,3290296,1
1jUkHIMc7UaJQuzWe5Iop2,74,74.0,74,74,1,773244,773244.0,773244,773244,1
3oDFtOhcN08qeDPAK6MEQG,70,70.0,70,70,1,9553224,9553224.0,9553224,9553224,1
37IZHbmUmuhZITM4SW6PtV,38,38.0,38,38,1,202732,202732.0,202732,202732,1
3l9CW99AHtExIRV4hW2N5m,75,75.0,75,75,1,9795296,9795296.0,9795296,9795296,1
1ndGB6rvxKYN9seCYO1dTF,76,76.0,76,76,1,23223067,2.3223067E7,23223067,23223067,1
2GrOq1y5gksYrqkc8Jzl9T,70,70.0,70,70,1,11064671,1.1064671E7,11064671,11064671,1
57h06SZNL6LJ3YKZ1UGCeu,62,62.0,62,62,1,1093832,1093832.0,1093832,1093832,1
1gAaRSN57UYVRI4eWRyAvP,68,68.0,68,68,1,31785695,3.1785695E7,31785695,31785695,1
7H6ev70Weq6DdpZyyTmUXk,79,79.0,79,79,1,8144782,8144782.0,8144782,8144782,1
7rDcULv8vV16vetBjPJhuE,68,68.0,68,68,1,3012654,3012654.0,3012654,3012654,1
2PDQReEXBViVwkrbQ34vd7,64,64.0,64,64,1,13831380,1.383138E7,13831380,13831380,1
6iy4PoAuZBMvtrlDX4VxC7,72,72.0,72,72,1,5161216,5161216.0,5161216,5161216,1
432cZXiWQjsN8GJgVBFemM,45,45.0,45,45,1,1348123,1348123.0,1348123,1348123,1
05uGBKRCuePsf43Hfm0JwX,70,70.0,70,70,1,22717804,2.2717804E7,22717804,22717804,1
42VUCXerQ5qTr4Qp6PhKo4,92,92.0,92,92,1,26538275,2.6538275E7,26538275,26538275,1
4OVK8oaLIhx9Xu0P8D3SA7,52,52.0,52,52,1,2571784,2571784.0,2571784,2571784,1
7zFio8WT0tTBqLs1pXYKqy,80,80.0,80,80,1,340502,340502.0,340502,340502,1
0g0qfC3nAaIsfbxS29ksJx,62,62.0,62,62,1,2614697,2614697.0,2614697,2614697,1
0lJNSfWnwJMIh94Dv9jQUt,66,66.0,66,66,1,47720209,4.7720209E7,47720209,47720209,1
3iOSOAFB0Rv1cNZM5Jwy4P,35,35.0,35,35,1,1010217,1010217.0,1010217,1010217,1
6aJn7Cst74cj4lNIiPRgav,86,86.0,86,86,1,5285995,5285995.0,5285995,5285995,1
7BRD7x5pt8Lqa1eGYC4dzj,86,86.0,86,86,1,118728633,1.18728633E8,118728633,118728633,1
7221xIgOnuakPdLqT0F3nP,80,80.0,80,80,1,47716988,4.7716988E7,47716988,47716988,1
2F3N9tdombb64aW6VtZOdo,73,73.0,73,73,1,145396321,1.45396321E8,145396321,145396321,1
7C8RxsVy6MsOef3B5lk7TI,49,49.0,49,49,1,15684530,1.568453E7,15684530,15684530,1
2U64TRs9DKbGzs2fPxSGdx,43,43.0,43,43,1,4952,4952.0,4952,4952,1
3vkCueOmm7xQDoJ17W1Pm3,86,86.0,86,86,1,11034315,1.1034315E7,11034315,11034315,1
6WzRpISELf3YglGAh7TXcG,81,81.0,81,81,1,112957721,1.12957721E8,112957721,112957721,1
6BQrmjAgPfPTwILoFEK3Hd,54,54.0,54,54,1,9469943,9469943.0,9469943,9469943,1
2iiJOgkKOCyb7ZPeqUNpud,0,0.0,0,0,1,12225,12225.0,12225,12225,1
2uflssWlCaJ6CbTMOsUpNI,75,75.0,75,75,1,102571645,1.02571645E8,102571645,102571645,1
7dSZ6zGTQx66c2GF91xCrb,71,71.0,71,71,1,60377470,6.037747E7,60377470,60377470,1
0VnKOTCpqOzTG8BXkiyQEe,38,38.0,38,38,1,31684,31684.0,31684,31684,1
2B88kyD8JVMOHXdja0mFvx,48,48.0,48,48,1,112995439,1.12995439E8,112995439,112995439,1
5P2bHCDM2tsgIaYWsZMhu5,65,65.0,65,65,1,145489371,1.45489371E8,145489371,145489371,1
2YpeDb67231RjR0MgVLzsG,76,76.0,76,76,1,12310527,1.2310527E7,12310527,12310527,1
0TXNKTzawI6VgLoA9UauRp,67,67.0,67,67,1,1368895,1368895.0,1368895,1368895,1
6Hj9jySrnFppAI0sEMCZpJ,3,3.0,3,3,1,42565036,4.2565036E7,42565036,42565036,1
0AluA5RNsa4Cx6XRhf2hWZ,71,71.0,71,71,1,11679132,1.1679132E7,11679132,11679132,1
2wXioTynVwrEWYRv6R6vEj,69,69.0,69,69,1,21598900,2.15989E7,21598900,21598900,1
4ymD0FxX1fnWszSu9rMAtD,46,46.0,46,46,1,21598900,2.15989E7,21598900,21598900,1
6G8kHiVZ1jW7vHMPVRNZU0,71,71.0,71,71,1,103126025,1.03126025E8,103126025,103126025,1
16XiTUC2rQvb5lmtOm3FYY,70,70.0,70,70,1,4106519,4106519.0,4106519,4106519,1
475jSz0H6U3duJyNiDS0tT,64,64.0,64,64,1,15031490,1.503149E7,15031490,15031490,1
0syXbGoFZbTMXm8hGCEvW0,61,61.0,61,61,1,15031490,1.503149E7,15031490,15031490,1
21dpBHPTV7ythCHBI6Slcw,60,60.0,60,60,1,4465726,4465726.0,4465726,4465726,1
6TLGmbTgp7hJ7jsDTTHRzw,62,62.0,62,62,1,1785857,1785857.0,1785857,1785857,1
5zCunX8URvLoBHlg1Fnjv6,67,67.0,67,67,1,1555597,1555597.0,1555597,1555597,1
7GgWAITsYJaRM3r50rfh5w,72,72.0,72,72,1,66705650,6.670565E7,66705650,66705650,1
773n5N7v7ZFhqpIc6vy7Wz,45,45.0,45,45,1,64582,64582.0,64582,64582,1
3OMM9tp7kv99wMf7tmwHJn,39,39.0,39,39,1,301384,301384.0,301384,301384,1
75ItBl3UWXmc6ehfVIillw,34,34.0,34,34,1,104559284,1.04559284E8,104559284,104559284,1
2o0V0AATmWmCmMOAFWDuEV,55,55.0,55,55,1,12008159,1.2008159E7,12008159,12008159,1
0NlGoUyOJSuSHmngoibVAs,79,79.0,79,79,1,3183968,3183968.0,3183968,3183968,1
2iJuuzV8P9Yz0VSurttIV5,79,79.0,79,79,1,4428244,4428244.0,4428244,4428244,1
2laEnnWXQmXSXaoD3ak5Ve,47,47.0,47,47,1,112918137,1.12918137E8,112918137,112918137,1
1Lw8az0pvHNLIhOT2DWQ9W,50,50.0,50,50,1,55550,55550.0,55550,55550,1
1I93YiKgu2P5pwprWmziPI,62,62.0,62,62,1,40270893,4.0270893E7,40270893,40270893,1
3DK6m7It6Pw857FcQftMds,82,82.0,82,82,1,31038851,3.1038851E7,31038851,31038851,1
7mz0Kny1ywIshGtLOjgcCi,0,0.0,0,0,1,4947,4947.0,4947,4947,1
3QjpO5xOB9ErJ95AxT0h0r,56,56.0,56,56,1,6613930,6613930.0,6613930,6613930,1
1AM8QdDFZMq6SrrqUnuQ9P,74,74.0,74,74,1,6893010,6893010.0,6893010,6893010,1
1raWfcURBd1Q3W3K0ojDCM,54,54.0,54,54,1,4782404,4782404.0,4782404,4782404,1
2ANdErfLOdUAy6flPeMrsR,0,0.0,0,0,1,4679,4679.0,4679,4679,1
1OefsOF4JwGjOeLiWuUKTI,62,62.0,62,62,1,5111573,5111573.0,5111573,5111573,1
3vqsIHlQxjGsZPuJKsMOaw,40,40.0,40,40,1,3857056,3857056.0,3857056,3857056,1
3K7Q9PHUWPTaknlbFPThn2,70,70.0,70,70,1,2812855,2812855.0,2812855,2812855,1
7DmGjrkQml1VCIgvrdNW3G,15,15.0,15,15,1,1022,1022.0,1022,1022,1
1qyw5wSUkEvH8DtaCdx7Lg,85,85.0,85,85,1,26516295,2.6516295E7,26516295,26516295,1
2pQoErkcTbLdQLnUtMYvuZ,76,76.0,76,76,1,2802094,2802094.0,2802094,2802094,1
3eh51r6rFWAlGQRlHx9QnQ,70,70.0,70,70,1,103067383,1.03067383E8,103067383,103067383,1
7Ey8DZuMBbeiqMk8s8XpHA,62,62.0,62,62,1,318012,318012.0,318012,318012,1
0q8TNCQhwnDwnzq38IVV4l,62,62.0,62,62,1,7305071,7305071.0,7305071,7305071,1
4PuyRfHs2CeC5O45QOOG1v,36,36.0,36,36,1,963,963.0,963,963,1
6ab8aFARxn63vq6KiTGnSz,55,55.0,55,55,1,10637574,1.0637574E7,10637574,10637574,1
1il2TGB3AX2hHxmJNcKtMj,0,0.0,0,0,1,647,647.0,647,647,1
7gRFDGEzF9UkBV233yv2dc,72,72.0,72,72,1,56178946,5.6178946E7,56178946,56178946,1
6bQfNiqyCX7UaQSvVVGo4I,6,6.0,6,6,1,122773292,1.22773292E8,122773292,122773292,1
7fA9qOYwh3KXAMK1Eb27DC,24,24.0,24,24,1,149030,149030.0,149030,149030,1
3UoULw70kMsiVXxW0L3A33,75,75.0,75,75,1,107374593,1.07374593E8,107374593,107374593,1
2ygvZOXrIeVL4xZmAWJT2C,67,67.0,67,67,1,118692183,1.18692183E8,118692183,118692183,1
127QTOFJsJQp5LbJbu3A1y,69,69.0,69,69,1,103094105,1.03094105E8,103094105,103094105,1
1DWZUa5Mzf2BwzpHtgbHPY,69,69.0,69,69,1,12177441,1.2177441E7,12177441,12177441,1
3H3r2nKWa3Yk5gt8xgmsEt,66,66.0,66,66,1,340651,340651.0,340651,340651,1
6lLDL0dGG00wcyo1yQTnUY,36,36.0,36,36,1,15684530,1.568453E7,15684530,15684530,1
3vWzyGTu6Ovo1GdrcJqH6e,70,70.0,70,70,1,17928214,1.7928214E7,17928214,17928214,1
56ZH56Epw9peEHJvE1rFxu,25,25.0,25,25,1,313511,313511.0,313511,313511,1
01TyFEZu6mHbffsVfxgrFn,3,3.0,3,3,1,2325598,2325598.0,2325598,2325598,1
3WxmlTZ85sCYFnuIXmUAEe,66,66.0,66,66,1,118692183,1.18692183E8,118692183,118692183,1
66rznC5oKL5eAmwj9Wzipc,42,42.0,42,42,1,111922,111922.0,111922,111922,1
7zFXmv6vqI4qOt4yGf3jYZ,13,13.0,13,13,1,11125697,1.1125697E7,11125697,11125697,1
3ZKRAzNAsiJrBGUM2BX9av,60,60.0,60,60,1,51821190,5.182119E7,51821190,51821190,1
5DLTuH4A5VZB2HKpqHQR6t,59,59.0,59,59,1,47716988,4.7716988E7,47716988,47716988,1
5sjIhQzNljMVrDklI91ezp,61,61.0,61,61,1,7507062,7507062.0,7507062,7507062,1
5H3TCfiw0CQTX1XU7A9TXM,71,71.0,71,71,1,22219090,2.221909E7,22219090,22219090,1
2MaUwANhrU6KF8AK71ezsX,56,56.0,56,56,1,218503,218503.0,218503,218503,1
24YOXjKUYehjyIz66uhXqv,22,22.0,22,22,1,39788275,3.9788275E7,39788275,39788275,1
2LEF1A8DOZ9wRYikWgVlZ8,79,79.0,79,79,1,8972549,8972549.0,8972549,8972549,1
0TFQMPTInaZ5IcYw7EVcEB,50,50.0,50,50,1,42275793,4.2275793E7,42275793,42275793,1
30XvfCUPHSK2rzxmPlJGFf,69,69.0,69,69,1,39777995,3.9777995E7,39777995,39777995,1
4JKwW0A2OQeAUpYZd99Lfo,57,57.0,57,57,1,5199185,5199185.0,5199185,5199185,1
6y20BV5L33R8YXM0YuI38N,72,72.0,72,72,1,3837190,3837190.0,3837190,3837190,1
69j0KoPJuwpnbGWrfn7Yll,67,67.0,67,67,1,2994436,2994436.0,2994436,2994436,1
08o75xMKmGrKny6GsXrNJW,67,67.0,67,67,1,13966197,1.3966197E7,13966197,13966197,1
1wAXODAAL6hY64ZdhrnjBO,0,0.0,0,0,1,4516207,4516207.0,4516207,4516207,1
4Km9FSF9iaQiTLnFPdbPom,76,76.0,76,76,1,1163610,1163610.0,1163610,1163610,1
4Iu73sdCNxZXZUIyClMoPZ,80,80.0,80,80,1,694838,694838.0,694838,694838,1
2YuUy4hBCVm4L5IRHu0iVl,67,67.0,67,67,1,1460038,1460038.0,1460038,1460038,1
1tuNqJOtRQVHvONR8Lg3MZ,69,69.0,69,69,1,145443567,1.45443567E8,145443567,145443567,1
142PiXzA84lmEw2RstFHFa,82,82.0,82,82,1,107374593,1.07374593E8,107374593,107374593,1
65V63VSXdLbBlU2v7mF6Wk,46,46.0,46,46,1,85781,85781.0,85781,85781,1
7ABLbnD53cQK00mhcaOUVG,78,78.0,78,78,1,21958567,2.1958567E7,21958567,21958567,1
2wSTnntOPRi7aQneobFtU4,68,68.0,68,68,1,33029522,3.3029522E7,33029522,33029522,1
0EF1EE8zusg3Y869e56JFd,79,79.0,79,79,1,673909,673909.0,673909,673909,1
2xZ0zfuDTv5LxLhEgD82PG,71,71.0,71,71,1,33029522,3.3029522E7,33029522,33029522,1
4ZWjY5RhT2C23v06YNyICs,42,42.0,42,42,1,19307,19307.0,19307,19307,1
0j1Ia2lQWrcXrQZI4AdJlk,68,68.0,68,68,1,514896,514896.0,514896,514896,1
3LHcAmB9JJ1pVsfTLersFD,60,60.0,60,60,1,1206228,1206228.0,1206228,1206228,1
64lsIF5pw0sJY0gV5kz0RN,2,2.0,2,2,1,1066852,1066852.0,1066852,1066852,1
22vgEDb5hykfaTwLuskFGD,79,79.0,79,79,1,7761454,7761454.0,7761454,7761454,1
7jEyX4bqaCSdMN4D4JNnVj,71,71.0,71,71,1,3877638,3877638.0,3877638,3877638,1
7HYJqAMbKDJYRyEfUGOCBB,64,64.0,64,64,1,81181104,8.1181104E7,81181104,81181104,1
50mAmwzJAE4ruhXSctRyo5,21,21.0,21,21,1,8405,8405.0,8405,8405,1
2QWP8NYYplOqEFBYGCcq0S,56,56.0,56,56,1,8809453,8809453.0,8809453,8809453,1
2EEeOnHehOozLq4aS0n6SL,66,66.0,66,66,1,1119800,1119800.0,1119800,1119800,1
5poOKpYEoQFVltwAXi8yaE,36,36.0,36,36,1,4699258,4699258.0,4699258,4699258,1
2RQAG0wQt35UzAPEyVJFWN,66,66.0,66,66,1,41176723,4.1176723E7,41176723,41176723,1
6WikCGNUbXFmXoLre7vjeW,63,63.0,63,63,1,107389514,1.07389514E8,107389514,107389514,1
4shsCsVxXiTryOQFiSmkMR,28,28.0,28,28,1,5980,5980.0,5980,5980,1
5nPYaT4wNHiokYyL7eOjsl,29,29.0,29,29,1,190,190.0,190,190,1
5UqCQaDshqbIk3pkhy4Pjg,74,74.0,74,74,1,23434999,2.3434999E7,23434999,23434999,1
16Of7eeW44kt0a1M0nitHM,72,72.0,72,72,1,520711,520711.0,520711,520711,1
1zv3WFUbZ5vPxFq9I2jAU1,61,61.0,61,61,1,68997177,6.8997177E7,68997177,68997177,1
7ySUcLPVX7KudhnmNcgY2D,84,84.0,84,84,1,68997177,6.8997177E7,68997177,68997177,1
3F9ByoUqu31xU0I3G5xfVg,80,80.0,80,80,1,9553224,9553224.0,9553224,9553224,1
5mMjkxGijQB4JZallYrkOW,62,62.0,62,62,1,41172203,4.1172203E7,41172203,41172203,1
5r5cp9IpziiIsR6b93vcnQ,84,84.0,84,84,1,2012791,2012791.0,2012791,2012791,1
3V45D1XTTyVZFN3liYuik6,58,58.0,58,58,1,88260,88260.0,88260,88260,1
0M7mWKqwTIaVjYyxfZmtTa,71,71.0,71,71,1,3013521,3013521.0,3013521,3013521,1
5fPiWCdaoQHFTWWyrKB4CH,38,38.0,38,38,1,4971141,4971141.0,4971141,4971141,1
57BrRMwf9LrcmuOsyGilwr,81,81.0,81,81,1,31806929,3.1806929E7,31806929,31806929,1
1Eb90nmqTrxylKFhcUzW8P,77,77.0,77,77,1,4781161,4781161.0,4781161,4781161,1
4PJEK76V3A1S0XzZJuTWh7,66,66.0,66,66,1,2969744,2969744.0,2969744,2969744,1
5DVK3a3p37V9cLjzNa32Xo,58,58.0,58,58,1,37446069,3.7446069E7,37446069,37446069,1
61GEP8lryEfcuEgBMbRmNi,45,45.0,45,45,1,1067339,1067339.0,1067339,1067339,1
5BY0EwNXOC6k38oArRtiic,36,36.0,36,36,1,342955,342955.0,342955,342955,1
5G6fY8QYk5azqSRGI9FMpa,50,50.0,50,50,1,107401919,1.07401919E8,107401919,107401919,1
1z5ebC9238uGoBgzYyvGpQ,79,79.0,79,79,1,13313690,1.331369E7,13313690,13313690,1
1Dsee91MSgdtDmO4UNXiJo,30,30.0,30,30,1,78478,78478.0,78478,78478,1
3Hvb0wNQK06MPt1x51PnWW,0,0.0,0,0,1,25025,25025.0,25025,25025,1
6TURPlJoVlJBtTwFZo0RUr,64,64.0,64,64,1,755880,755880.0,755880,755880,1
4HgxrKTxCQUSR9qcuLycUN,32,32.0,32,32,1,26272346,2.6272346E7,26272346,26272346,1
3rWDp9tBPQR9z6U5YyRSK4,73,73.0,73,73,1,145396321,1.45396321E8,145396321,145396321,1
0rzaRSujxA0bKyjJl6vHYq,72,72.0,72,72,1,34136120,3.413612E7,34136120,34136120,1
4PYfFHKfjYz6dwAtZhBy1z,60,60.0,60,60,1,9666661,9666661.0,9666661,9666661,1
1gcyHQpBQ1lfXGdhZmWrHP,66,66.0,66,66,1,145396321,1.45396321E8,145396321,145396321,1
2MUKw7zEirXqdZZ3xC4hOf,50,50.0,50,50,1,46886554,4.6886554E7,46886554,46886554,1
2kJwzbxV2ppxnQoYw4GLBZ,73,73.0,73,73,1,627551,627551.0,627551,627551,1
72geHhNU5UA2hU1QgUzXdE,8,8.0,8,8,1,1144333,1144333.0,1144333,1144333,1
2Xr1dTzJee307rmrkt8c0g,75,75.0,75,75,1,1686077,1686077.0,1686077,1686077,1
1SBuYdJK3a3NU55nGomgAe,53,53.0,53,53,1,4908790,4908790.0,4908790,4908790,1
7Feaw9WAEREY0DUOSXJLOM,69,69.0,69,69,1,15121684,1.5121684E7,15121684,15121684,1
0E9ZjEAyAwOXZ7wJC0PD33,77,77.0,77,77,1,315473,315473.0,315473,315473,1
3lWzVNe1yFZlkeBBzUuZYu,69,69.0,69,69,1,58333,58333.0,58333,58333,1
1GO9vCm5Cra5uWGSWQ5mGK,48,48.0,48,48,1,35582423,3.5582423E7,35582423,35582423,1
7csbTLwGOaaFllmk9EFsAO,26,26.0,26,26,1,112003,112003.0,112003,112003,1
4Jm9RwZ2C46J06ARRllUs5,41,41.0,41,41,1,41178,41178.0,41178,41178,1
64PgpLHuQK3UJ5qZ875Vei,1,1.0,1,1,1,15695162,1.5695162E7,15695162,15695162,1
578xAStoVewIgAs3Mmgerv,0,0.0,0,0,1,90429,90429.0,90429,90429,1
37y7iDayfwm3WXn5BiAoRk,4,4.0,4,4,1,6429788,6429788.0,6429788,6429788,1
44ONERBHALxftQNWq6dmyd,81,81.0,81,81,1,107389514,1.07389514E8,107389514,107389514,1
5NQbUaeTEOGdD6hHcre0dZ,75,75.0,75,75,1,5124577,5124577.0,5124577,5124577,1
6wfugRLamFsTRbPcCpNnP7,55,55.0,55,55,1,145443567,1.45443567E8,145443567,145443567,1
1i0zBh7TE6qcvy6dVXQ20c,26,26.0,26,26,1,39777995,3.9777995E7,39777995,39777995,1
1auxYwYrFRqZP7t3s7w4um,81,81.0,81,81,1,10376731,1.0376731E7,10376731,10376731,1
1qDrWA6lyx8cLECdZE7TV7,81,81.0,81,81,1,2256813,2256813.0,2256813,2256813,1
7Hv89f7Dpm5Hce1XkBbjQZ,2,2.0,2,2,1,13708054,1.3708054E7,13708054,13708054,1
0C4ejWmOTMv8vuYj85mf8m,72,72.0,72,72,1,69030894,6.9030894E7,69030894,69030894,1
3ZdJffjzJWFimSQyxgGIxN,78,78.0,78,78,1,3745509,3745509.0,3745509,3745509,1
1HHeOs6zRdF8Ck58easiAY,70,70.0,70,70,1,42275793,4.2275793E7,42275793,42275793,1
3zEN0ii6s4DHHBpnTp3RP7,85,85.0,85,85,1,2012116,2012116.0,2012116,2012116,1
0815caqt2Lytro5EIzMufT,75,75.0,75,75,1,2146238,2146238.0,2146238,2146238,1
4i1kYaFE3j26xfoaKXrJLT,32,32.0,32,32,1,5273567,5273567.0,5273567,5273567,1
42qNWdLKCI41S4uzfamhFM,84,84.0,84,84,1,1188508,1188508.0,1188508,1188508,1
5Sm1X46tna50RstHZvw072,63,63.0,63,63,1,15689568,1.5689568E7,15689568,15689568,1
4DPdJvSMB6hmrjgC5eC85d,63,63.0,63,63,1,3491229,3491229.0,3491229,3491229,1
1lMNcFJjUcrhRSEMzeDZqQ,20,20.0,20,20,1,167670,167670.0,167670,167670,1
0TI8TP4FitVPoEHPTySx48,6,6.0,6,6,1,9772591,9772591.0,9772591,9772591,1
6ydeJnOboT0MCGX16NjDBB,50,50.0,50,50,1,7437933,7437933.0,7437933,7437933,1
1LzZQqP7rgemZw2JCZvo4N,63,63.0,63,63,1,2398201,2398201.0,2398201,2398201,1
6nc8SOccYJq6wiaYaXscTv,12,12.0,12,12,1,10,10.0,10,10,1
7gaA3wERFkFkgivjwbSvkG,71,71.0,71,71,1,107374593,1.07374593E8,107374593,107374593,1
5uSFGgIfHMT3osrAd9n9ym,2,2.0,2,2,1,14039018,1.4039018E7,14039018,14039018,1
2rmwqU7yzTvzkiaRV53DpT,64,64.0,64,64,1,5739313,5739313.0,5739313,5739313,1
337205OvZD52eTGmSxbjWJ,53,53.0,53,53,1,72064,72064.0,72064,72064,1
5YL553x8sHderRBDlm3NM3,68,68.0,68,68,1,145396321,1.45396321E8,145396321,145396321,1
2tB9OFgAHjAds3cqquLlvp,64,64.0,64,64,1,85008100,8.50081E7,85008100,85008100,1
15JRvf02KKGHKgC31jrpuh,63,63.0,63,63,1,15026799,1.5026799E7,15026799,15026799,1
1EvFahLuLZ0vSVZo8YR3G9,37,37.0,37,37,1,149030,149030.0,149030,149030,1
29f11nLUcMYQ2Ndbnb7N0o,55,55.0,55,55,1,26272346,2.6272346E7,26272346,26272346,1
2rPE9A1vEgShuZxxzR2tZH,22,22.0,22,22,1,107401919,1.07401919E8,107401919,107401919,1
3mvYQKm8h6M5K5h0nVPY9S,57,57.0,57,57,1,103039388,1.03039388E8,103039388,103039388,1
0oWpxdUO7zU5PhrHQDqN8h,49,49.0,49,49,1,34667,34667.0,34667,34667,1
6QgjcU0zLnzq5OrUoSZ3OK,83,83.0,83,83,1,1525079,1525079.0,1525079,1525079,1
5RIVoVdkDLEygELLCniZFr,65,65.0,65,65,1,221937,221937.0,221937,221937,1
7IzN1BfaQ8fmTHYPRPhNws,1,1.0,1,1,1,1134449,1134449.0,1134449,1134449,1
3yx6eryOZgO54bt3B671cn,58,58.0,58,58,1,6619312,6619312.0,6619312,6619312,1
0Nu6VwhkyJAHnQHsoARJOO,37,37.0,37,37,1,20220,20220.0,20220,20220,1
53Lp7OESwvZmD9D4b4fMG6,42,42.0,42,42,1,9476,9476.0,9476,9476,1
7bHT9osSq1rwT2yaImzqCi,69,69.0,69,69,1,104517308,1.04517308E8,104517308,104517308,1
11WZidSaRJXSMvAvXLd7po,24,24.0,24,24,1,3745808,3745808.0,3745808,3745808,1
4aR9bPMAOFySBuQSbVWF3d,66,66.0,66,66,1,2223643,2223643.0,2223643,2223643,1
1vjIHlmc4WfIaEl74YAvX0,49,49.0,49,49,1,12004691,1.2004691E7,12004691,12004691,1
5ZxX55HFfi4aofGTxMp58x,47,47.0,47,47,1,104517308,1.04517308E8,104517308,104517308,1
6x4tKaOzfNJpEJHySoiJcs,77,77.0,77,77,1,177919,177919.0,177919,177919,1
1abNE7hvyT9RtkslEiERhh,46,46.0,46,46,1,1312426,1312426.0,1312426,1312426,1
2DnJjbjNTV9Nd5NOa1KGba,76,76.0,76,76,1,1287167,1287167.0,1287167,1287167,1
2iXVdZjeUTUEIZ2ce6i5G4,33,33.0,33,33,1,36891,36891.0,36891,36891,1
0IVkP59yJ9GFF6B7IrvrxA,66,66.0,66,66,1,1800820,1800820.0,1800820,1800820,1
6t62npoUwUGjrwIawdgwA5,33,33.0,33,33,1,1263,1263.0,1263,1263,1
0P3GQuGbDqVP9ZMs19RcUa,55,55.0,55,55,1,8741,8741.0,8741,8741,1
397hsxcaOhCa69abUaSMZO,46,46.0,46,46,1,321,321.0,321,321,1
1Gg5pL7dEApcVrWbannKOt,29,29.0,29,29,1,687,687.0,687,687,1
2913xXOVAIDAqxzV2g4VcU,69,69.0,69,69,1,145396321,1.45396321E8,145396321,145396321,1
79AHPJd8upvNxyK2qQcY8J,61,61.0,61,61,1,10888670,1.088867E7,10888670,10888670,1
2Zd38uTIQaI3LSuJhNtRA9,41,41.0,41,41,1,4170,4170.0,4170,4170,1
3mRF0YNsDdFKFnxwg16hSz,69,69.0,69,69,1,102500980,1.0250098E8,102500980,102500980,1
3TYOH7ta0101NYssoH5GlU,71,71.0,71,71,1,102500980,1.0250098E8,102500980,102500980,1
2dRfUOeTVpr4V4PmmqGkpm,2,2.0,2,2,1,3263,3263.0,3263,3263,1
00E0Z2jrF7reoHps4zcbWQ,66,66.0,66,66,1,11246962,1.1246962E7,11246962,11246962,1
4ewazQLXFTDC8XvCbhvtXs,5,5.0,5,5,1,10645550,1.064555E7,10645550,10645550,1
1au2UduxcvHfa0fZS3Szci,73,73.0,73,73,1,8276031,8276031.0,8276031,8276031,1
7brBeAX3RT0CMh3qbTBrIP,55,55.0,55,55,1,6606632,6606632.0,6606632,6606632,1
0CsR9Y9SnC6ZWmekmVqSHz,60,60.0,60,60,1,34742256,3.4742256E7,34742256,34742256,1
1jR9XTpUeT6a82Yz4GNCCo,57,57.0,57,57,1,2614326,2614326.0,2614326,2614326,1
5tiZBnx5IvETA0Pj3gELjn,58,58.0,58,58,1,5067774,5067774.0,5067774,5067774,1
4NCsrTzgVfsDo8nWyP8PPc,48,48.0,48,48,1,9559647,9559647.0,9559647,9559647,1
6A25J9As7towpxovYryAWr,19,19.0,19,19,1,108906,108906.0,108906,108906,1
5Xhqh4lwJPtMUTsdBztN1a,65,65.0,65,65,1,39777995,3.9777995E7,39777995,39777995,1
2UVrIJBJVRPN9UgzShCJ5c,52,52.0,52,52,1,49050008,4.9050008E7,49050008,49050008,1
6zegtH6XXd2PDPLvy1Y0n2,66,66.0,66,66,1,107401919,1.07401919E8,107401919,107401919,1
6EtKlIQmGPB9SX8UjDJG5s,75,75.0,75,75,1,3634221,3634221.0,3634221,3634221,1
6iAoT64hoTLHjznFRa7C7p,0,0.0,0,0,1,170828,170828.0,170828,170828,1
2Y9v6F9vFK9Z8KAoFwAj9Z,39,39.0,39,39,1,430076,430076.0,430076,430076,1
2lh1oweF854DdpfZMJc2UI,0,0.0,0,0,1,24501,24501.0,24501,24501,1
1MhXdlCQPnO56T57MfmaRm,70,70.0,70,70,1,10246594,1.0246594E7,10246594,10246594,1
5JOnQCQ9OGn7hY23aCkdlL,40,40.0,40,40,1,124259,124259.0,124259,124259,1
4eWQlBRaTjPPUlzacqEeoQ,77,77.0,77,77,1,35579266,3.5579266E7,35579266,35579266,1
4EBqxBv4U2qro1UoBXtGhG,37,37.0,37,37,1,7528253,7528253.0,7528253,7528253,1
69zxj1EFDfAouZu9JDmQld,57,57.0,57,57,1,7978695,7978695.0,7978695,7978695,1
70eDxAyAraNTiD6lx2ZEnH,75,75.0,75,75,1,670530,670530.0,670530,670530,1
1EwAtq0FtbqmzYCLV9K0h2,36,36.0,36,36,1,9668759,9668759.0,9668759,9668759,1
63Lg0ZiNxedzbub29hv6VT,60,60.0,60,60,1,51773650,5.177365E7,51773650,51773650,1
2ve1HouBhfDbqROVQm2IBd,40,40.0,40,40,1,38400585,3.8400585E7,38400585,38400585,1
13P5rwmk2EsoFRIz9UCeh9,72,72.0,72,72,1,606152,606152.0,606152,606152,1
1mUG7ftwIxuq5fhMPkyM02,61,61.0,61,61,1,4779199,4779199.0,4779199,4779199,1
5L79aNYCTKiZq7vaOElXYj,1,1.0,1,1,1,1139141,1139141.0,1139141,1139141,1
6QFCMUUq1T2Vf5sFUXcuQ7,83,83.0,83,83,1,85008100,8.50081E7,85008100,85008100,1
5HQVUIKwCEXpe7JIHyY734,74,74.0,74,74,1,15695279,1.5695279E7,15695279,15695279,1
0Tel1fmuCxEFV6wBLXsEdk,65,65.0,65,65,1,122802777,1.22802777E8,122802777,122802777,1
5sUCU4eiyf0pplIJ7OGEoc,67,67.0,67,67,1,7714772,7714772.0,7714772,7714772,1
2LfWRXYCr1jM3RkEDOY8Dj,42,42.0,42,42,1,4779199,4779199.0,4779199,4779199,1
1vxw6aYJls2oq3gW0DujAo,80,80.0,80,80,1,603323,603323.0,603323,603323,1
7hS3i9y9gi81OOFT1rCfSU,49,49.0,49,49,1,412983,412983.0,412983,412983,1
1qPbGZqppFwLwcBC1JQ6Vr,74,74.0,74,74,1,12399445,1.2399445E7,12399445,12399445,1
5wj4E6IsrVtn8IBJQOd0Cl,2,2.0,2,2,1,12392899,1.2392899E7,12392899,12392899,1
0bCyBMW0G8LInlvwHdH2OX,27,27.0,27,27,1,23384088,2.3384088E7,23384088,23384088,1
63T7DJ1AFDD6Bn8VzG6JE8,82,82.0,82,82,1,15709632,1.5709632E7,15709632,15709632,1
2aMZEJZwWouRzOw2aSfKV9,35,35.0,35,35,1,729,729.0,729,729,1
1rRQbz1Co1QxxRq4852AgI,50,50.0,50,50,1,27570,27570.0,27570,27570,1
2bqLj0NvdtGbPCl9PdBtP2,67,67.0,67,67,1,9249502,9249502.0,9249502,9249502,1
6V9FSNT1V3LceWw9TjlXRg,52,52.0,52,52,1,2131649,2131649.0,2131649,2131649,1
6mwwXTI3DeGvR9N0Fw7N7O,60,60.0,60,60,1,41420,41420.0,41420,41420,1
6dhWwPex5g1B1hg7ezGj2b,62,62.0,62,62,1,49083617,4.9083617E7,49083617,49083617,1
27Cne97mFE21Ob0ScMewrV,61,61.0,61,61,1,49050008,4.9050008E7,49050008,49050008,1
1ymVJxxBnFgNM9ocMzVqSg,41,41.0,41,41,1,3963,3963.0,3963,3963,1
1Iq8oo9XkmmvCQiGOfORiz,72,72.0,72,72,1,145443567,1.45443567E8,145443567,145443567,1
7jvtmQ3onpWeUm7dyFSSSc,58,58.0,58,58,1,47716988,4.7716988E7,47716988,47716988,1
3BKD1PwArikchz2Zrlp1qi,78,78.0,78,78,1,27141717,2.7141717E7,27141717,27141717,1
4R7m6ZnA6GpuVikRKj2DGY,53,53.0,53,53,1,532995,532995.0,532995,532995,1
58VTP6KnZs12PcAj5rMJ4W,65,65.0,65,65,1,786890,786890.0,786890,786890,1
5RIRHXgn989GJETIkTGUKi,23,23.0,23,23,1,1866,1866.0,1866,1866,1
4ZtFanR9U6ndgddUvNcjcG,81,81.0,81,81,1,49083617,4.9083617E7,49083617,49083617,1
4X3Br7EVc8oy44zUwU1z5w,63,63.0,63,63,1,9256589,9256589.0,9256589,9256589,1
4dnmtQPnXU993aEUGp0bY8,19,19.0,19,19,1,49083617,4.9083617E7,49083617,49083617,1
0M11MdOLbUyEVJkK20JhBz,51,51.0,51,51,1,126719,126719.0,126719,126719,1
37PJvlIfYWqEX6fgjHlnTf,54,54.0,54,54,1,26564677,2.6564677E7,26564677,26564677,1
33cYcQm6naYAywTtdnrdxP,54,54.0,54,54,1,229153,229153.0,229153,229153,1
7KhHA3mzt7A3LFlOJEAKpI,41,41.0,41,41,1,41264069,4.1264069E7,41264069,41264069,1
75iJMOH4oBobiRiBJVdw2m,55,55.0,55,55,1,21606569,2.1606569E7,21606569,21606569,1
0sXvAOmXgjR2QUqLK1MltU,64,64.0,64,64,1,6795970,6795970.0,6795970,6795970,1
7GncL3nyKUjsEm8Z5gvTpW,53,53.0,53,53,1,39788275,3.9788275E7,39788275,39788275,1
1IF5UcqRO42D12vYwceOY6,69,69.0,69,69,1,34136120,3.413612E7,34136120,34136120,1
00NAQYOP4AmWR549nnYJZu,64,64.0,64,64,1,112995439,1.12995439E8,112995439,112995439,1
04MXA4FdQO8vFpYF75XYug,0,0.0,0,0,1,231471,231471.0,231471,231471,1
7fx3FT8eMbK6N0eMRbFNx7,42,42.0,42,42,1,2918550,2918550.0,2918550,2918550,1
22mek4IiqubGD9ctzxc69s,76,76.0,76,76,1,23078238,2.3078238E7,23078238,23078238,1
6Ox1rvlwEpB49drasQm6RF,4,4.0,4,4,1,15695162,1.5695162E7,15695162,15695162,1
32OlwWuMpZ6b0aN2RZOeMS,83,83.0,83,83,1,1294408,1294408.0,1294408,1294408,1
0o1mu1oO3DsZ1Jtcov6gDC,0,0.0,0,0,1,2957,2957.0,2957,2957,1
7Kf8CcbJN35u82V9a4SIxD,37,37.0,37,37,1,4968982,4968982.0,4968982,4968982,1
3uUCgL0cbSd0isnqhHCm1f,61,61.0,61,61,1,51847587,5.1847587E7,51847587,51847587,1
5nWbbQ0sIEabqPxAdqmh66,45,45.0,45,45,1,772924,772924.0,772924,772924,1
4Dm32oO01YpIubCHaAtKkN,66,66.0,66,66,1,10961941,1.0961941E7,10961941,10961941,1
7DjTfU6kIcoXaAO02f5EOz,48,48.0,48,48,1,2354141,2354141.0,2354141,2354141,1
4Hff1IjRbLGeLgFgxvHflk,83,83.0,83,83,1,14505359,1.4505359E7,14505359,14505359,1
2ClPvZuY65OaFxuSLDHKtt,32,32.0,32,32,1,9668759,9668759.0,9668759,9668759,1
7kzKAuUzOITUauHAhoMoxA,72,72.0,72,72,1,6444988,6444988.0,6444988,6444988,1
3feW8LT1KZoYkBYHBdYuYk,25,25.0,25,25,1,23398010,2.339801E7,23398010,23398010,1
4npgZHPUKjWn6ipv6wl66Q,0,0.0,0,0,1,704275,704275.0,704275,704275,1
6r4DKBIre2t3kU3FYMhhbN,29,29.0,29,29,1,13179,13179.0,13179,13179,1
3EMfeKtNK4q4k3sVjwg5Yy,85,85.0,85,85,1,26559943,2.6559943E7,26559943,26559943,1
6PrisFKZoazVPV5LfdLtGo,35,35.0,35,35,1,13839,13839.0,13839,13839,1
0dNCLogvNVqkVH6yaNR2ok,55,55.0,55,55,1,27568,27568.0,27568,27568,1
6IPoqshpM69WfQ5gNnMp8Y,19,19.0,19,19,1,1329,1329.0,1329,1329,1
1XHDV6SXCnyKKlp2KM8vHo,42,42.0,42,42,1,4170,4170.0,4170,4170,1
1Fav4xZn60uGM3XmiHJmvT,60,60.0,60,60,1,9462835,9462835.0,9462835,9462835,1
2GWCZJWundoYi5IloWIgTX,76,76.0,76,76,1,2570848,2570848.0,2570848,2570848,1
1Ukxccao1BlWrPhYkcXbwZ,75,75.0,75,75,1,8489170,8489170.0,8489170,8489170,1
4uUG5RXrOk84mYEfFvj3cK,84,84.0,84,84,1,27141717,2.7141717E7,27141717,27141717,1
4icnlpI5IbZcRO9mpixVVW,55,55.0,55,55,1,4759233,4759233.0,4759233,4759233,1
1mWdTewIgB3gtBM3TOSFhB,66,66.0,66,66,1,81181104,8.1181104E7,81181104,81181104,1
68HyvTUsmlpH1UJo9tn5v3,0,0.0,0,0,1,5401129,5401129.0,5401129,5401129,1
33kxP9sQOzB3fRL8zl17uK,53,53.0,53,53,1,113039308,1.13039308E8,113039308,113039308,1
7oTE1KmtU2ml9zBhv9Reao,64,64.0,64,64,1,51773650,5.177365E7,51773650,51773650,1
5ry2OE6R2zPQFDO85XkgRb,73,73.0,73,73,1,103039388,1.03039388E8,103039388,103039388,1
7HvFEJxUMSKnfcZVJcRtur,33,33.0,33,33,1,241463,241463.0,241463,241463,1
4TWflhgevIGo448fWc6mQq,59,59.0,59,59,1,5608618,5608618.0,5608618,5608618,1
2t8yVaLvJ0RenpXUIAC52d,78,78.0,78,78,1,23799771,2.3799771E7,23799771,23799771,1
33zcmmElV1YbRZe57biUjg,69,69.0,69,69,1,1734183,1734183.0,1734183,1734183,1
1qFMIjTe9esCDiytqUY19t,51,51.0,51,51,1,3072874,3072874.0,3072874,3072874,1
0zMzyHAeMvwq5CRstru1Fp,69,69.0,69,69,1,4465726,4465726.0,4465726,4465726,1
1vvNmPOiUuyCbgWmtc6yfm,73,73.0,73,73,1,23078931,2.3078931E7,23078931,23078931,1
1UujO43qVZnWObydH4MLT5,60,60.0,60,60,1,107389514,1.07389514E8,107389514,107389514,1
2Ar1p6aaOIlEaUgKlUpMNq,53,53.0,53,53,1,558728,558728.0,558728,558728,1
5qfZRNjt2TkHEL12r3sDEU,72,72.0,72,72,1,60830643,6.0830643E7,60830643,60830643,1
3qtZwBkPpK2Q8fcYRHm4AX,45,45.0,45,45,1,352409,352409.0,352409,352409,1
07VBqWH6NG8L2ad3l84UKk,64,64.0,64,64,1,21591569,2.1591569E7,21591569,21591569,1
7g5H7rvDNnb6VAaLxjCgW5,37,37.0,37,37,1,241502,241502.0,241502,241502,1
34gCuhDGsG4bRPIf9bb02f,84,84.0,84,84,1,122802777,1.22802777E8,122802777,122802777,1
4ngypPwfcqpHBxQjJIOgvr,44,44.0,44,44,1,1819643,1819643.0,1819643,1819643,1
2RtAelBaTWKHOCVmoDQUfT,22,22.0,22,22,1,39777995,3.9777995E7,39777995,39777995,1
086myS9r57YsLbJpU0TgK9,84,84.0,84,84,1,32059138,3.2059138E7,32059138,32059138,1
6NPVjNh8Jhru9xOmyQigds,6,6.0,6,6,1,5315301,5315301.0,5315301,5315301,1
63LAR8TGAGvpfLLM8Z1weo,54,54.0,54,54,1,42256604,4.2256604E7,42256604,42256604,1
6tl8Ghkzp7e5xQuwI7AhEH,0,0.0,0,0,1,68997177,6.8997177E7,68997177,68997177,1
6VFpuI0DDmbC5UyWZQ4IRY,44,44.0,44,44,1,145443567,1.45443567E8,145443567,145443567,1
0HnaqUxvHP5LaWdmWwJpiS,63,63.0,63,63,1,45771951,4.5771951E7,45771951,45771951,1
2ub6QpT59Ho6dqQWpp30I2,40,40.0,40,40,1,92242,92242.0,92242,92242,1
6jAsmDJI8iPhGWtS27kZ67,56,56.0,56,56,1,68997177,6.8997177E7,68997177,68997177,1
1EryAkZ0VHstC6haIxVBiE,80,80.0,80,80,1,7710363,7710363.0,7710363,7710363,1
4iYQUKxKwOOm6X2R7ALPix,65,65.0,65,65,1,2758888,2758888.0,2758888,2758888,1
2XbfY2O2v3xwedUJ0J2kkr,69,69.0,69,69,1,10220440,1.022044E7,10220440,10220440,1
0HewdQ1l9bckQXPfIO3CYH,55,55.0,55,55,1,4777574,4777574.0,4777574,4777574,1
5l6hpyTGBK0LAAxgPnqTQL,82,82.0,82,82,1,4290197,4290197.0,4290197,4290197,1
6YTGeOilUBLvOGrpPBZ1OR,56,56.0,56,56,1,2723614,2723614.0,2723614,2723614,1
36YJWsgSCEMFsv9Y2jxI4U,39,39.0,39,39,1,1200822,1200822.0,1200822,1200822,1
0aWHb6ujnlXkmmOI1ltStc,72,72.0,72,72,1,1180085,1180085.0,1180085,1180085,1
52cMgUC7UqXo022H06yUKR,50,50.0,50,50,1,1855,1855.0,1855,1855,1
6GAWfZ3BbreuuQ8U7TZNc8,24,24.0,24,24,1,301499,301499.0,301499,301499,1
6eJb9m30LLBzZvelR6yPGj,26,26.0,26,26,1,700,700.0,700,700,1
5Jh1i0no3vJ9u4deXkb4aV,73,73.0,73,73,1,49083617,4.9083617E7,49083617,49083617,1
3wy4se12ucUNAfRwZpmDuz,60,60.0,60,60,1,10636129,1.0636129E7,10636129,10636129,1
19kHhX6f6EfLU7rcO3RqjO,79,79.0,79,79,1,1744522,1744522.0,1744522,1744522,1
1Q98DdOmQlFrIaldR4MOVl,55,55.0,55,55,1,281826,281826.0,281826,281826,1
19ItuvrZfTudwC6S5lkDH3,74,74.0,74,74,1,99854,99854.0,99854,99854,1
7KokYm8cMIXCsGVmUvKtqf,75,75.0,75,75,1,145489371,1.45489371E8,145489371,145489371,1
5eZin4PL4EZpemG7Vi6Qvq,39,39.0,39,39,1,145396321,1.45396321E8,145396321,145396321,1
6GD1eomgaGT1Epto6Q5eAo,1,1.0,1,1,1,5812926,5812926.0,5812926,5812926,1
4axSuOg3BqsowKjRpj59RU,60,60.0,60,60,1,145542136,1.45542136E8,145542136,145542136,1
5KbTBSGUvgDg75gIVhUaAW,1,1.0,1,1,1,2740220,2740220.0,2740220,2740220,1
7aGyRfJWtLqgJaZoG9lJhE,0,0.0,0,0,1,404261,404261.0,404261,404261,1
2p8IUWQDrpjuFltbdgLOag,81,81.0,81,81,1,112957721,1.12957721E8,112957721,112957721,1
10eXsD5sfI2xBPLz4elMlB,33,33.0,33,33,1,24104,24104.0,24104,24104,1
7JBAbcTwUmIdvFOAsx0D4t,32,32.0,32,32,1,132370,132370.0,132370,132370,1
7IL3UOlcJ6nmcCMwpnlfcA,54,54.0,54,54,1,35582423,3.5582423E7,35582423,35582423,1
2H881m3JRA8lpuuwaQL6zy,66,66.0,66,66,1,2048212,2048212.0,2048212,2048212,1
5yuShbu70mtHXY0yLzCQLQ,73,73.0,73,73,1,47720209,4.7720209E7,47720209,47720209,1
0H8XeaJunhvpBdBFIYi6Sh,65,65.0,65,65,1,47720209,4.7720209E7,47720209,47720209,1
6xsEAm6w9oMQYYg3jkEkMT,65,65.0,65,65,1,145396321,1.45396321E8,145396321,145396321,1
77vdkjZCPZRECcDfZsdPmy,46,46.0,46,46,1,241463,241463.0,241463,241463,1
3fMtbatIC3Gl9rfZ1Y6trw,36,36.0,36,36,1,218834,218834.0,218834,218834,1
0GNI8K3VATWBABQFAzBAYe,75,75.0,75,75,1,69030894,6.9030894E7,69030894,69030894,1
5SIAjne84H7QzKh1BQ5rnO,37,37.0,37,37,1,350647,350647.0,350647,350647,1
4z0N1RwTisc6d8hUaAmfsv,24,24.0,24,24,1,97548,97548.0,97548,97548,1
2qPUnoasNe4Ep43emVXEig,73,73.0,73,73,1,489247,489247.0,489247,489247,1
6SKwQghsR8AISlxhcwyA9R,80,80.0,80,80,1,75492598,7.5492598E7,75492598,75492598,1
1uT2b9tByCtdjL4PN3xbRs,55,55.0,55,55,1,585934,585934.0,585934,585934,1
12LDPGVv7KpIIefOofYETx,49,49.0,49,49,1,42256604,4.2256604E7,42256604,42256604,1
5PZ2cqh9Yem2g6cTSOLllz,71,71.0,71,71,1,7297885,7297885.0,7297885,7297885,1
3PkvYP6223QO3xlW2THd1x,67,67.0,67,67,1,41369,41369.0,41369,41369,1
02STI1rCM6IhG9p9Yw99Rr,17,17.0,17,17,1,23391272,2.3391272E7,23391272,23391272,1
15BQ7vEDv2LJuh8TxWIhtd,72,72.0,72,72,1,1785619,1785619.0,1785619,1785619,1
5UDCl2GNB6gT4ataiXTIGH,48,48.0,48,48,1,1161,1161.0,1161,1161,1
03AhbPoniP5uqqJKYGWgZE,68,68.0,68,68,1,354095,354095.0,354095,354095,1
2cf8mtws6a6Rf3hPaRRHvU,45,45.0,45,45,1,78423,78423.0,78423,78423,1
5DIZg9QqSdzgHmkZ2k2F1a,62,62.0,62,62,1,12320084,1.2320084E7,12320084,12320084,1
0fK7ie6XwGxQTIkpFoWkd1,87,87.0,87,87,1,12320084,1.2320084E7,12320084,12320084,1
531apW6WGFUIKgTA1FhMPO,54,54.0,54,54,1,1874,1874.0,1874,1874,1
3SUlw7sPD01NdIEX2NwUtk,40,40.0,40,40,1,78423,78423.0,78423,78423,1
19RybK6XDbAVpcdxSbZL1o,76,76.0,76,76,1,6322030,6322030.0,6322030,6322030,1
7IuvNtlf93wUbr004N0wf1,29,29.0,29,29,1,3925,3925.0,3925,3925,1
3NhstUmrlhaN1M6hP8zMbb,71,71.0,71,71,1,102500980,1.0250098E8,102500980,102500980,1
75c2zaSdDBSX0A8Jyvm4fO,77,77.0,77,77,1,2569728,2569728.0,2569728,2569728,1
0bmVH05tjN9jVh3kB1TfpR,78,78.0,78,78,1,458855,458855.0,458855,458855,1
7M5JS9e946uHG6XZ8nMeyw,24,24.0,24,24,1,340022,340022.0,340022,340022,1
1BSMpVGWs3v5BZKnAQziAc,2,2.0,2,2,1,25306511,2.5306511E7,25306511,25306511,1
6Sjl4KtCBxaJza3BTTXJE6,43,43.0,43,43,1,53245,53245.0,53245,53245,1
73SpzrcaHk0RQPFP73vqVR,76,76.0,76,76,1,118692183,1.18692183E8,118692183,118692183,1
2gMXnyrvIjhVBUZwvLZDMP,83,83.0,83,83,1,14043382,1.4043382E7,14043382,14043382,1
4wuCQX7JvAZLlrcmH4AeZF,60,60.0,60,60,1,122789460,1.2278946E8,122789460,122789460,1
7ESVUmmcGp2EmYEdEcLPsd,40,40.0,40,40,1,888564,888564.0,888564,888564,1
65JsZjtcpCGHddnu5Em7ie,23,23.0,23,23,1,2785,2785.0,2785,2785,1
116H0KvKr2Zl4RPuVBruDO,6,6.0,6,6,1,102536542,1.02536542E8,102536542,102536542,1
26XaOsDMbl0e1cVKYfkz6w,67,67.0,67,67,1,927530,927530.0,927530,927530,1
474uVhyGgK5MtY9gMcDgGl,79,79.0,79,79,1,1371355,1371355.0,1371355,1371355,1
1TIiWomS4i0Ikaf9EKdcLn,57,57.0,57,57,1,3676957,3676957.0,3676957,3676957,1
71BWZa1liIRyUiuJ3MB66o,77,77.0,77,77,1,2166403,2166403.0,2166403,2166403,1
3QGsuHI8jO1Rx4JWLUh9jd,85,85.0,85,85,1,45700057,4.5700057E7,45700057,45700057,1
1boXOL0ua7N2iCOUVI1p9F,10,10.0,10,10,1,11137714,1.1137714E7,11137714,11137714,1
4rXsapBjwYiYffFPW7G4zr,57,57.0,57,57,1,4696577,4696577.0,4696577,4696577,1
1MkFj1ThZZxjYMNkczx9mk,61,61.0,61,61,1,107401919,1.07401919E8,107401919,107401919,1
0GCXZmk0Uf74BdgWl0GaX2,50,50.0,50,50,1,58370582,5.8370582E7,58370582,58370582,1
3GiE1hcocpQIEf1gC7fv2o,48,48.0,48,48,1,344387,344387.0,344387,344387,1
5E94g8D71y3dh1PH1G6jZo,50,50.0,50,50,1,9661696,9661696.0,9661696,9661696,1
3gQHtZ82TP9oCSLn2PqB4n,33,33.0,33,33,1,104539036,1.04539036E8,104539036,104539036,1
6Z8R6UsFuGXGtiIxiD8ISb,13,13.0,13,13,1,996785,996785.0,996785,996785,1
7j3nbSiaWphYU2cFgyQXd9,63,63.0,63,63,1,640612,640612.0,640612,640612,1
3ShTaJBCOclymogQNzPde7,0,0.0,0,0,1,10541250,1.054125E7,10541250,10541250,1
1tAutlhI9FwnKn7fVgmd5P,69,69.0,69,69,1,27141717,2.7141717E7,27141717,27141717,1
4htjXtjySdVDU6QRPOGgg9,44,44.0,44,44,1,13708054,1.3708054E7,13708054,13708054,1
0Oe49j06Bjrxs8PltuVeaW,73,73.0,73,73,1,13709065,1.3709065E7,13709065,13709065,1
0ConttVd0Ebk3dLNquOmh0,0,0.0,0,0,1,34295707,3.4295707E7,34295707,34295707,1
4qgvbMlhmRtwp3gki8JMnS,29,29.0,29,29,1,640655,640655.0,640655,640655,1
411Hvulc0PrGQLOHljTYed,63,63.0,63,63,1,6113786,6113786.0,6113786,6113786,1
12OfhDq4NNJnV1LKSRaQOD,32,32.0,32,32,1,1013775,1013775.0,1013775,1013775,1
3cJ1d7X6UYMBHHPpM0ZKNQ,27,27.0,27,27,1,6505444,6505444.0,6505444,6505444,1
6etwirSInfuJrSOlogS6Sh,80,80.0,80,80,1,386136,386136.0,386136,386136,1
0aJrYfARfCKzv6gXjhs4SZ,75,75.0,75,75,1,4044863,4044863.0,4044863,4044863,1
2mpFm3f7QmdsVtSAIICEB7,1,1.0,1,1,1,18860205,1.8860205E7,18860205,18860205,1
6IC6VhpV7D8T1t037Atqpu,67,67.0,67,67,1,862404,862404.0,862404,862404,1
0gJvqi9QyASOCtJu99tytc,74,74.0,74,74,1,10961237,1.0961237E7,10961237,10961237,1
2IiNA0s5eQBSjwK4iNeUvW,0,0.0,0,0,1,12008159,1.2008159E7,12008159,12008159,1
54hwiT0ua1TIVO9r6o33Jo,29,29.0,29,29,1,4969994,4969994.0,4969994,4969994,1
51uGoXB3PbXLyeH0aPGo7H,62,62.0,62,62,1,3336633,3336633.0,3336633,3336633,1
36yUCSB9OaMz0RMUQDOSpT,61,61.0,61,61,1,15085473,1.5085473E7,15085473,15085473,1
7s2NbKcFIJuEQumhvtHTAD,58,58.0,58,58,1,669174,669174.0,669174,669174,1
3YBZIN3rekqsKxbJc9FZko,9,9.0,9,9,1,35214496,3.5214496E7,35214496,35214496,1
2KCJYwlBWxdlwyIYckIf6V,61,61.0,61,61,1,16040003,1.6040003E7,16040003,16040003,1
67rW0Zl7oB3qEpD5YWWE5w,30,30.0,30,30,1,2813710,2813710.0,2813710,2813710,1
2MbsC60IxeyJNVRRgeqH4w,22,22.0,22,22,1,543,543.0,543,543,1
7rIKx69tPHqAsS8LHlWGhM,36,36.0,36,36,1,398659,398659.0,398659,398659,1
609ouDQ0nUbC68l3qeVNX4,47,47.0,47,47,1,146969,146969.0,146969,146969,1
4byDLWWkpfuSBBiAWbkVdl,24,24.0,24,24,1,2482,2482.0,2482,2482,1
20hTkA9oKKuxghkRptRczS,59,59.0,59,59,1,47720209,4.7720209E7,47720209,47720209,1
1Zai5UJ2di3qEuR2HeT2s8,67,67.0,67,67,1,145396321,1.45396321E8,145396321,145396321,1
1kcwpPDQnqEqmezzXdJTCP,72,72.0,72,72,1,145396321,1.45396321E8,145396321,145396321,1
7hPBYRCHcBUMT7I5V9Go2s,48,48.0,48,48,1,31785695,3.1785695E7,31785695,31785695,1
7pBcryEKcUEaWHwAu1wUyP,58,58.0,58,58,1,22688560,2.268856E7,22688560,22688560,1
1APXWw9eO8Ude1penQhcaj,29,29.0,29,29,1,224595,224595.0,224595,224595,1
7EVuNG4h95DzSFUcrl5h9A,38,38.0,38,38,1,31871,31871.0,31871,31871,1
1CiUBoCGZ30QPqlh2RlSmr,34,34.0,34,34,1,60814,60814.0,60814,60814,1
4HtKg96D9ya97kDEnfKiuV,27,27.0,27,27,1,26278854,2.6278854E7,26278854,26278854,1
4qG7hWhljsqqENL5PaLA2z,77,77.0,77,77,1,51798111,5.1798111E7,51798111,51798111,1
3PcpJD8HqRaCDZrEtKdH9h,0,0.0,0,0,1,4952,4952.0,4952,4952,1
2GfQhXyoUXYTkMHDXJhCU5,12,12.0,12,12,1,1319943,1319943.0,1319943,1319943,1
6w8ZPYdnGajyfPddTWdthN,65,65.0,65,65,1,66734917,6.6734917E7,66734917,66734917,1
3z6XUommYDWPHeFhmhhT6j,71,71.0,71,71,1,145489371,1.45489371E8,145489371,145489371,1
40iJIUlhi6renaREYGeIDS,79,79.0,79,79,1,103039388,1.03039388E8,103039388,103039388,1
4fouWK6XVHhzl78KzQ1UjL,72,72.0,72,72,1,668804,668804.0,668804,668804,1
1iBljl6IFBU6OkUMJVKMbn,0,0.0,0,0,1,907483,907483.0,907483,907483,1
4xqIYGwwZTEem9U8A42SPF,71,71.0,71,71,1,8272511,8272511.0,8272511,8272511,1
2F5nK70URbVjwao6lRwX0P,45,45.0,45,45,1,46891061,4.6891061E7,46891061,46891061,1
0LJTfmgOMvlLd0u4HU9twm,72,72.0,72,72,1,554509,554509.0,554509,554509,1
4iddJAOsc6U0hJ3krSJAKn,55,55.0,55,55,1,3634221,3634221.0,3634221,3634221,1
3tbwvC8nj6ZjRSHWeDfBdK,37,37.0,37,37,1,395259,395259.0,395259,395259,1
6PfI6EeLNiNGVAVg11nv7D,48,48.0,48,48,1,10348240,1.034824E7,10348240,10348240,1
14SaZBTjxlorHJQxXh01Hu,78,78.0,78,78,1,8013600,8013600.0,8013600,8013600,1
5Z19ylxppfnfdP4JH0u8oj,59,59.0,59,59,1,2565642,2565642.0,2565642,2565642,1
2WP8G2pdddDmnh1xbfKBOI,74,74.0,74,74,1,103067383,1.03067383E8,103067383,103067383,1
5N0VazKxOrBZhmJoGcZMbS,38,38.0,38,38,1,7287,7287.0,7287,7287,1
7J6bnDDitOwfelaJNixHhL,55,55.0,55,55,1,1200041,1200041.0,1200041,1200041,1
5QMYMJtTxjk4MxM4P0Z2IK,39,39.0,39,39,1,315612,315612.0,315612,315612,1
6DNtNfH8hXkqOX1sjqmI7p,2,2.0,2,2,1,6302021,6302021.0,6302021,6302021,1
72TFWvU3wUYdUuxejTTIzt,79,79.0,79,79,1,68997177,6.8997177E7,68997177,68997177,1
6RtPijgfPKROxEzTHNRiDp,83,83.0,83,83,1,1609417,1609417.0,1609417,1609417,1
5cct9ToyRPLyfELg3JfWqx,61,61.0,61,61,1,12544566,1.2544566E7,12544566,12544566,1
027EHYg4QyKzJsl7XyaUH9,26,26.0,26,26,1,39163,39163.0,39163,39163,1
4e6QU4gpfZj9xxcK856RgG,0,0.0,0,0,1,145443567,1.45443567E8,145443567,145443567,1
10WswZVDTu9dkEzChThMLV,40,40.0,40,40,1,104539036,1.04539036E8,104539036,104539036,1
645S2wCpQAhHGfJ6QSbGT6,18,18.0,18,18,1,21591569,2.1591569E7,21591569,21591569,1
0lIDOHnoe4RJgm6rzowj6x,56,56.0,56,56,1,189178,189178.0,189178,189178,1
5IhBtdSKf8gGdiCUtgruA3,32,32.0,32,32,1,97044,97044.0,97044,97044,1
04OjLvOApQve45B0ISx4XN,66,66.0,66,66,1,3832095,3832095.0,3832095,3832095,1
1oHClQEgDmmbcEx12Kc5nZ,76,76.0,76,76,1,8794984,8794984.0,8794984,8794984,1
6S9G7J3EB1ZY0rrZPwsBg5,40,40.0,40,40,1,145489371,1.45489371E8,145489371,145489371,1
1u3nu8fNWFua6mQjw4ReEt,52,52.0,52,52,1,1605379,1605379.0,1605379,1605379,1
0eqH0ALoDQevq59YcQ53KE,71,71.0,71,71,1,7067574,7067574.0,7067574,7067574,1
3NLrRZoMF0Lx6zTlYqeIo4,79,79.0,79,79,1,4909653,4909653.0,4909653,4909653,1
2djdKPx2iriJ4Ey4QvS0JF,33,33.0,33,33,1,412759,412759.0,412759,412759,1
6RxsExIM2y163Iy1Qst36S,52,52.0,52,52,1,1487314,1487314.0,1487314,1487314,1
0N979cmYBbE2TyhrW6KZu0,52,52.0,52,52,1,1081,1081.0,1081,1081,1
5hPPXcfUcTK3NFTycU94rh,64,64.0,64,64,1,26095,26095.0,26095,26095,1
2Xoe7k4vhfDQQvK6J8da6t,45,45.0,45,45,1,4550,4550.0,4550,4550,1
5UJbgR4XF4y1DvbkxEqe8S,86,86.0,86,86,1,9256589,9256589.0,9256589,9256589,1
0FIDCNYYjNvPVimz5icugS,90,90.0,90,90,1,112918137,1.12918137E8,112918137,112918137,1
5kILHrfMHQ4eFHZqnu4yY3,54,54.0,54,54,1,1442113,1442113.0,1442113,1442113,1
1BJJbSX6muJVF2AK7uH1x4,82,82.0,82,82,1,334659,334659.0,334659,334659,1
7IWcDWOfiooH5hRs9XOVYz,69,69.0,69,69,1,145396321,1.45396321E8,145396321,145396321,1
2tudvzsrR56uom6smgOcSf,82,82.0,82,82,1,22682234,2.2682234E7,22682234,22682234,1
3pt8FTbqdnMyh3r9noAYsQ,54,54.0,54,54,1,122782,122782.0,122782,122782,1
3Ipu6e4dwxdt8lmSI27ZFx,57,57.0,57,57,1,84852,84852.0,84852,84852,1
28NzgzNmoHRsFKihGxpmmV,45,45.0,45,45,1,26278854,2.6278854E7,26278854,26278854,1
1WZbJ0oi3g5YLBNY44PZnk,21,21.0,21,21,1,488,488.0,488,488,1
6maTPqynTmrkWIralgGaoP,66,66.0,66,66,1,192529,192529.0,192529,192529,1
7gVWKBcfIW93YxNBi3ApIE,60,60.0,60,60,1,145396321,1.45396321E8,145396321,145396321,1
1MpCaOeUWhox2Fgigbe1cL,65,65.0,65,65,1,41176723,4.1176723E7,41176723,41176723,1
41P6Tnd8KIHqON0QIydx6a,82,82.0,82,82,1,6522709,6522709.0,6522709,6522709,1
6M3PsepEj5gyJoIi7Xvr7u,54,54.0,54,54,1,112918137,1.12918137E8,112918137,112918137,1
0dKg2vGC1hFqcK5LGTaKzX,69,69.0,69,69,1,60395783,6.0395783E7,60395783,60395783,1
1FFShrKUIq1JiOLiZbg2JC,45,45.0,45,45,1,112918137,1.12918137E8,112918137,112918137,1
6lCvK2AR2uOKkVFCVlAzzm,65,65.0,65,65,1,145396321,1.45396321E8,145396321,145396321,1
0cgD36xPIJBdKUNJRHYDgP,59,59.0,59,59,1,15031490,1.503149E7,15031490,15031490,1
7D0VClhoNONSsdPYWwcTej,52,52.0,52,52,1,22219717,2.2219717E7,22219717,22219717,1
62aP9fBQKYKxi7PDXwcUAS,74,74.0,74,74,1,191414,191414.0,191414,191414,1
1yQvL8SzbF5JCroRKk9F07,54,54.0,54,54,1,21644763,2.1644763E7,21644763,21644763,1
4pjBZvYhBqKscLO4NlU7TF,23,23.0,23,23,1,49720,49720.0,49720,49720,1
5PSOWHll3h3Vy226xSJk0M,24,24.0,24,24,1,145443567,1.45443567E8,145443567,145443567,1
7AQim7LbvFVZJE3O8TYgf2,82,82.0,82,82,1,51710210,5.171021E7,51710210,51710210,1
22KOdUGzCX4whxSP5HmGLo,35,35.0,35,35,1,4694955,4694955.0,4694955,4694955,1
62PaSfnXSMyLshYJrlTuL3,72,72.0,72,72,1,66734917,6.6734917E7,66734917,66734917,1
0wzPHTgOtFIDhk2rD3Au4x,61,61.0,61,61,1,112918137,1.12918137E8,112918137,112918137,1
0zCqrZ8SEdkzSmhFlRTHlQ,49,49.0,49,49,1,90176,90176.0,90176,90176,1
00l0Fryxwwussp9CGjQXGI,38,38.0,38,38,1,146628,146628.0,146628,146628,1
1HbcclMpw0q2WDWpdGCKdS,66,66.0,66,66,1,122789460,1.2278946E8,122789460,122789460,1
1r6FBaICvMLwah9jm75wWR,36,36.0,36,36,1,21591569,2.1591569E7,21591569,21591569,1
6GBUsjHfZuweYf5lQEz6mP,66,66.0,66,66,1,9408174,9408174.0,9408174,9408174,1
7w87IxuO7BDcJ3YUqCyMTT,84,84.0,84,84,1,4025612,4025612.0,4025612,4025612,1
12lZTPlXwUtrQuhEty6098,7,7.0,7,7,1,18206492,1.8206492E7,18206492,18206492,1
4l8JldeQzin1YTymhzsw5T,35,35.0,35,35,1,25448,25448.0,25448,25448,1
4dyx5SzxPPaD8xQIid5Wjj,77,77.0,77,77,1,435132,435132.0,435132,435132,1
13yEuYLJYxPCLJR0KNOqpk,57,57.0,57,57,1,3297399,3297399.0,3297399,3297399,1
1FreAz1lmnDi5aKLB6GdFM,3,3.0,3,3,1,9556340,9556340.0,9556340,9556340,1
27mgDrExPa3obPAYXd3yQg,61,61.0,61,61,1,104559284,1.04559284E8,104559284,104559284,1
32HMVmB4AgLikkNiL9ikX9,0,0.0,0,0,1,9222,9222.0,9222,9222,1
0PsBdKWnOQGMo9smobflvy,61,61.0,61,61,1,846642,846642.0,846642,846642,1
1k2aDzjpZVZPA2N3mMLbWq,39,39.0,39,39,1,475,475.0,475,475,1
6DYul32gElizGgTrtRYrNY,77,77.0,77,77,1,2730121,2730121.0,2730121,2730121,1
4iKIF8qI3dq6fntHeIdcAw,62,62.0,62,62,1,42256604,4.2256604E7,42256604,42256604,1
50s7qiLWfzgpAsDqwfjS5D,46,46.0,46,46,1,78423,78423.0,78423,78423,1
6KFQdIB3njXBQNcg1xUh9U,78,78.0,78,78,1,1462626,1462626.0,1462626,1462626,1
3shDXkQIVWfJJrSeT8zW6h,0,0.0,0,0,1,10,10.0,10,10,1
2NqsSaJYjwLwwWHGJpKIFw,0,0.0,0,0,1,120148,120148.0,120148,120148,1
1Es7AUAhQvapIcoh3qMKDL,19,19.0,19,19,1,112995439,1.12995439E8,112995439,112995439,1
1vLqigPHwiFnXsfrLMehV1,67,67.0,67,67,1,26516295,2.6516295E7,26516295,26516295,1
31MNHKE86sEXzIglbGQ6mu,68,68.0,68,68,1,9463246,9463246.0,9463246,9463246,1
79BvfNXgpx5GyUkNcmX3CB,60,60.0,60,60,1,1378935,1378935.0,1378935,1378935,1
41WQUSINanQHfhfKpFDsms,68,68.0,68,68,1,26558356,2.6558356E7,26558356,26558356,1
11xC6P3iKYpFThT6Ce1KdG,59,59.0,59,59,1,34742256,3.4742256E7,34742256,34742256,1
0vjeOZ3Ft5jvAi9SBFJm1j,79,79.0,79,79,1,11687489,1.1687489E7,11687489,11687489,1
5WxVXxCMRnvxUKFq40ELwq,1,1.0,1,1,1,2848210,2848210.0,2848210,2848210,1
2KukL7UlQ8TdvpaA7bY3ZJ,60,60.0,60,60,1,41176723,4.1176723E7,41176723,41176723,1
1ipnbmNWOpIRIVDWiZzNpV,0,0.0,0,0,1,169882,169882.0,169882,169882,1
6h7AmUi3ghBeEfsZygAxOd,54,54.0,54,54,1,6115364,6115364.0,6115364,6115364,1
5VYWxXUpxuxEmCqMLDqICo,62,62.0,62,62,1,145396321,1.45396321E8,145396321,145396321,1
6a8aUhYbaQBUI8PcJ5ZmQ6,60,60.0,60,60,1,145443567,1.45443567E8,145443567,145443567,1
4Oun2ylbjFKMPTiaSbbCih,74,74.0,74,74,1,25953771,2.5953771E7,25953771,25953771,1
5idsEzxjeekla54j0jHYUE,46,46.0,46,46,1,46895665,4.6895665E7,46895665,46895665,1
59OLI17MahTupGhjyxaslJ,0,0.0,0,0,1,869651,869651.0,869651,869651,1
4l0Mvzj72xxOpRrp6h8nHi,77,77.0,77,77,1,53260584,5.3260584E7,53260584,53260584,1
2IOFZdYYkFxEHVz1w34PoL,71,71.0,71,71,1,34130771,3.4130771E7,34130771,34130771,1
6b2RcmUt1g9N9mQ3CbjX2Y,66,66.0,66,66,1,26275803,2.6275803E7,26275803,26275803,1
2vdBo4ALPYbHRUPKgtE5iC,70,70.0,70,70,1,107418606,1.07418606E8,107418606,107418606,1
5qCQyPB2MEICEcSC8WVbNx,59,59.0,59,59,1,15684530,1.568453E7,15684530,15684530,1
3L0IKstjUgDFVQAbQIRZRv,71,71.0,71,71,1,15021860,1.502186E7,15021860,15021860,1
69vToJ9BMbbLlFZo7k7A7B,79,79.0,79,79,1,6168229,6168229.0,6168229,6168229,1
4RMfSYDFkcz0bKoK8fHDgR,26,26.0,26,26,1,145443567,1.45443567E8,145443567,145443567,1
2S2od3hT7ceytw7d1pTRuE,84,84.0,84,84,1,2069532,2069532.0,2069532,2069532,1
2p4p9YGwmJIdf5IA9sSWhm,53,53.0,53,53,1,326356,326356.0,326356,326356,1
6eT7xZZlB2mwyzJ2sUKG6w,76,76.0,76,76,1,47716988,4.7716988E7,47716988,47716988,1
0lYBSQXN6rCTvUZvg9S0lU,86,86.0,86,86,1,9277034,9277034.0,9277034,9277034,1
1qINv30cwO8WCJeo4F7YTR,0,0.0,0,0,1,15684530,1.568453E7,15684530,15684530,1
7z7WfdoT4qI16aXfWoNRlj,46,46.0,46,46,1,64582,64582.0,64582,64582,1
7uDUb37h7Xdhza1eWMkoJv,83,83.0,83,83,1,10462018,1.0462018E7,10462018,10462018,1
2dLLR6qlu5UJ5gk0dKz0h3,79,79.0,79,79,1,10539134,1.0539134E7,10539134,10539134,1
2wRVEpcB2lgsyWbejp8vMt,47,47.0,47,47,1,112918137,1.12918137E8,112918137,112918137,1
4G8gkOterJn0Ywt6uhqbhp,71,71.0,71,71,1,58364373,5.8364373E7,58364373,58364373,1
4sOX1nhpKwFWPvoMMExi3q,74,74.0,74,74,1,6113786,6113786.0,6113786,6113786,1
56Gt31TqVq2sDPhwnx77Tx,31,31.0,31,31,1,97014,97014.0,97014,97014,1
7yCMrNtzgaSEjh2FlH2zFX,43,43.0,43,43,1,718418,718418.0,718418,718418,1
7eAWmk6IDva2iA0q2Wx9Lv,54,54.0,54,54,1,52929,52929.0,52929,52929,1
3VZAOQgzC3URUgcU2n5DWr,0,0.0,0,0,1,512713,512713.0,512713,512713,1
11EX5yhxr9Ihl3IN1asrfK,74,74.0,74,74,1,3720750,3720750.0,3720750,3720750,1
6T74sWvcHvSAO5prlk5dDw,42,42.0,42,42,1,1200693,1200693.0,1200693,1200693,1
0f7OHfUNNs5DGTijGFPalp,54,54.0,54,54,1,419072,419072.0,419072,419072,1
6nz35DNIzbtj5ztpDEcW1j,62,62.0,62,62,1,1984196,1984196.0,1984196,1984196,1
3VLCtStwYsAL4LKZgeUvy3,57,57.0,57,57,1,2898320,2898320.0,2898320,2898320,1
5tWPG0AU9LVjONRofHcLD0,59,59.0,59,59,1,161074,161074.0,161074,161074,1
0r2Bul2NuCViraT2zX1l5j,76,76.0,76,76,1,1130026,1130026.0,1130026,1130026,1
13lZDbwonGhOflQLQIfdtZ,69,69.0,69,69,1,3533200,3533200.0,3533200,3533200,1
1DIXPcTDzTj8ZMHt3PDt8p,86,86.0,86,86,1,1887219,1887219.0,1887219,1887219,1
0qiF6IW5g4Fld8lyN7DRTM,23,23.0,23,23,1,23398010,2.339801E7,23398010,23398010,1
5RgFlk1fcClZd0Y4SGYhqH,79,79.0,79,79,1,7402824,7402824.0,7402824,7402824,1
3Du1WPZLhETDT6Jr4eumkU,18,18.0,18,18,1,308,308.0,308,308,1
3l2ruzIpduKBz0OOSHl3sS,23,23.0,23,23,1,22,22.0,22,22,1
1lBaHg7aO3gXEh8WwP7V0H,17,17.0,17,17,1,390,390.0,390,390,1
71C6LlvFqLuytyi8p9XNMn,42,42.0,42,42,1,679,679.0,679,679,1
1og1dMk5BSnu2X1voWoV85,15,15.0,15,15,1,17579633,1.7579633E7,17579633,17579633,1
3Fra5SMXXDTSRXVoDf8Xwd,67,67.0,67,67,1,6596750,6596750.0,6596750,6596750,1
1xtw1krCR6Dw2KwkXw5z63,71,71.0,71,71,1,145443567,1.45443567E8,145443567,145443567,1
69phA1R4gmQsBFRQ3INW8C,73,73.0,73,73,1,794589,794589.0,794589,794589,1
07QNFKsDgAeKgrcO2sGNfa,31,31.0,31,31,1,23557,23557.0,23557,23557,1
34sOdxWu9FljH84UXdRwu1,73,73.0,73,73,1,49067177,4.9067177E7,49067177,49067177,1
7DswEZZthZ6piQpL25qGAM,63,63.0,63,63,1,1263572,1263572.0,1263572,1263572,1
2q6qX08PGZHRHyJwcWjTHb,45,45.0,45,45,1,55213,55213.0,55213,55213,1
373gDROnujxNTFa1FojYIl,69,69.0,69,69,1,31785695,3.1785695E7,31785695,31785695,1
03W2WiY9OSnUI4F9dy9L60,72,72.0,72,72,1,57270,57270.0,57270,57270,1
1R1ihosU2CSEaSw8e5ZF6E,62,62.0,62,62,1,6114655,6114655.0,6114655,6114655,1
4yyX2Iu4xJjW9xMvBZKSBi,54,54.0,54,54,1,27288825,2.7288825E7,27288825,27288825,1
5dPz35akJjPqb17yeqNwqH,71,71.0,71,71,1,85022258,8.5022258E7,85022258,85022258,1
52hwNmVAvpdcEfF1VY6SB2,25,25.0,25,25,1,103077,103077.0,103077,103077,1
4U34WsyOvppOMnRfq7DuOy,55,55.0,55,55,1,26564677,2.6564677E7,26564677,26564677,1
6DrLROM5MG9bxWHeEG5elq,64,64.0,64,64,1,145489371,1.45489371E8,145489371,145489371,1
0mO6oS60RST2sWmN2FKknP,73,73.0,73,73,1,9517000,9517000.0,9517000,9517000,1
1SGXy6nRTOJmY22vC6JwHE,35,35.0,35,35,1,5642365,5642365.0,5642365,5642365,1
6TqXcAFInzjp0bODyvrWEq,71,71.0,71,71,1,16946293,1.6946293E7,16946293,16946293,1
6bTn1ovliI0OkjUNkiMBJq,0,0.0,0,0,1,11034315,1.1034315E7,11034315,11034315,1
4jYkrLk6UvOfuwKRQKImCf,46,46.0,46,46,1,55249,55249.0,55249,55249,1
33KJ2xFYONOlIYDBg6wPx8,62,62.0,62,62,1,1683603,1683603.0,1683603,1683603,1
6cPyTS0Kk2sc4xQwC93kOg,48,48.0,48,48,1,21359561,2.1359561E7,21359561,21359561,1
3gG6YfBhtPNmc8A1sKjyW3,36,36.0,36,36,1,4694955,4694955.0,4694955,4694955,1
3m8FHmWMmzGKJwkMVSBgXW,0,0.0,0,0,1,92288,92288.0,92288,92288,1
6NdG17SJBXKJeYS67f7E74,59,59.0,59,59,1,66734917,6.6734917E7,66734917,66734917,1
5yZvaUVyuXfSVUaMumFi6l,66,66.0,66,66,1,415464,415464.0,415464,415464,1
6jizk5lOUnfpaZXYMdfeC6,66,66.0,66,66,1,12460242,1.2460242E7,12460242,12460242,1
1joMCEucUQsYhB75xu3OTZ,21,21.0,21,21,1,158060,158060.0,158060,158060,1
1X1DWw2pcNZ8zSub3uhlNz,67,67.0,67,67,1,8811891,8811891.0,8811891,8811891,1
0fBSs3fRoh1yJcne77fdu9,78,78.0,78,78,1,51773650,5.177365E7,51773650,51773650,1
3tyPOhuVnt5zd5kGfxbCyL,78,78.0,78,78,1,69030894,6.9030894E7,69030894,69030894,1
4Hhrm5HcSSTtkQzayif0dG,16,16.0,16,16,1,98,98.0,98,98,1
4AXe1J9SZVqb72oQVaDWf3,42,42.0,42,42,1,51798111,5.1798111E7,51798111,51798111,1
5FTCKvxzqy72ceS4Ujux4N,67,67.0,67,67,1,69050055,6.9050055E7,69050055,69050055,1
4urxRqBRiaH0i20OKBsgxc,70,70.0,70,70,1,7302348,7302348.0,7302348,7302348,1
0KpfYajJVVGgQ32Dby7e9i,2,2.0,2,2,1,4515842,4515842.0,4515842,4515842,1
45bjjmpoXgTaAJTf5qTKC3,43,43.0,43,43,1,34057,34057.0,34057,34057,1
41fmAAv4CwSk3ly1f7Qjrc,45,45.0,45,45,1,4777574,4777574.0,4777574,4777574,1
5s7m2xNZWgz5FqVSIvJcGA,69,69.0,69,69,1,1257253,1257253.0,1257253,1257253,1
3ZAFRtKXv5AZFLcs4Nox7x,40,40.0,40,40,1,7735,7735.0,7735,7735,1
1ghlpxVfPbFH2jenrv9vVw,62,62.0,62,62,1,1605379,1605379.0,1605379,1605379,1
46w5m5fL1K2DVWlsN23nAp,36,36.0,36,36,1,23384088,2.3384088E7,23384088,23384088,1
6FBPOJLxUZEair6x4kLDhf,63,63.0,63,63,1,22721546,2.2721546E7,22721546,22721546,1
2OSfEYKhlSsLx6vn4O75RK,58,58.0,58,58,1,1876463,1876463.0,1876463,1876463,1
4WbE5qrmw9H4RVpjCns7oR,52,52.0,52,52,1,7433128,7433128.0,7433128,7433128,1
4Kd9tBUgpXv26OfR6ugBv1,59,59.0,59,59,1,47716988,4.7716988E7,47716988,47716988,1
5sMEEjviCkH6Rp5X2ZvIIc,75,75.0,75,75,1,6322030,6322030.0,6322030,6322030,1
3gnaVGnGQQx3tu48KObANR,0,0.0,0,0,1,16330,16330.0,16330,16330,1
5JFZ9Dn9Br9d0C3BEaO75L,47,47.0,47,47,1,4948,4948.0,4948,4948,1
3Ea8cCWHFBWy8XaDRO7fK7,45,45.0,45,45,1,32943,32943.0,32943,32943,1
3buwFfY33H32wfZ6X9poV3,59,59.0,59,59,1,85034636,8.5034636E7,85034636,85034636,1
5uICWmZTLkpEVbK22PBP6e,62,62.0,62,62,1,145396321,1.45396321E8,145396321,145396321,1
6bsNvJgf6TCrBenHz1Odzs,0,0.0,0,0,1,554960,554960.0,554960,554960,1
7lAK3oHbfEnvUQWosrMMpR,77,77.0,77,77,1,41119579,4.1119579E7,41119579,41119579,1
7COfe3P7KgfwDwIRB8LIDw,76,76.0,76,76,1,39108338,3.9108338E7,39108338,39108338,1
45Ln3F9PRPYTXBcMFkZMzS,63,63.0,63,63,1,15021860,1.502186E7,15021860,15021860,1
3mRLHiSHYtC8Hk7bzZdUs1,75,75.0,75,75,1,963894,963894.0,963894,963894,1
6TIU9Ehmi6dMzZK73Ym4yj,57,57.0,57,57,1,122789460,1.2278946E8,122789460,122789460,1
1DYRRZ5rSlc1PopnB7azLZ,57,57.0,57,57,1,51821190,5.182119E7,51821190,51821190,1
4A2LfnduSTsE8u0ecYROxE,54,54.0,54,54,1,145443567,1.45443567E8,145443567,145443567,1
72cGBEqu7RitIOoACXYjfR,78,78.0,78,78,1,12544566,1.2544566E7,12544566,12544566,1
7xSAKieVU47dvIoaaeCndX,29,29.0,29,29,1,39788275,3.9788275E7,39788275,39788275,1
5vwXQUwkpmnkJrfv69L6Mp,68,68.0,68,68,1,316990,316990.0,316990,316990,1
4qE7UrrvdQxQsoLBRWswbb,40,40.0,40,40,1,16826,16826.0,16826,16826,1
0x1LGmVaDiAVPx3F9RWYgq,24,24.0,24,24,1,320700,320700.0,320700,320700,1
5jzKL4BDMClWqRguW5qZvh,74,74.0,74,74,1,38393243,3.8393243E7,38393243,38393243,1
2QTDuJIGKUjR7E2Q6KupIh,67,67.0,67,67,1,301146,301146.0,301146,301146,1
2aisU44JcXkfSRJ7dLa02c,51,51.0,51,51,1,10214903,1.0214903E7,10214903,10214903,1
4Vn7TykT27PIygBiZjTR2s,52,52.0,52,52,1,12152190,1.215219E7,12152190,12152190,1
4WY3HyGXsWqjFRCVD6gnTe,68,68.0,68,68,1,41172203,4.1172203E7,41172203,41172203,1
0LnkNEgEXv83bVVvgnB9Et,54,54.0,54,54,1,23391272,2.3391272E7,23391272,23391272,1
288e3FhmVuCqPmNEfAH0h6,58,58.0,58,58,1,104539036,1.04539036E8,104539036,104539036,1
0NNgY2gc1TUwBQoVp98Fxw,0,0.0,0,0,1,2456720,2456720.0,2456720,2456720,1
05vL56xSoxthM0r7IfcQjo,65,65.0,65,65,1,3856287,3856287.0,3856287,3856287,1
6OiXHMVgq95x3GDIe7MMA0,43,43.0,43,43,1,40485,40485.0,40485,40485,1
0trJ6hrLHHHaXZYMe1JLnb,57,57.0,57,57,1,7429055,7429055.0,7429055,7429055,1
0qZGM10IvZc3W0oPYaoehG,52,52.0,52,52,1,1950,1950.0,1950,1950,1
0pyRdHecOfxavci3jGc84M,36,36.0,36,36,1,30239,30239.0,30239,30239,1
1KMkatBuls9xhZZVX0gays,64,64.0,64,64,1,192887,192887.0,192887,192887,1
1a9dUxIQ2ehPH3992H9uPe,58,58.0,58,58,1,10890822,1.0890822E7,10890822,10890822,1
6WPV2ggKLiJbRhTfO83BrF,22,22.0,22,22,1,6940,6940.0,6940,6940,1
3HMY0r2BAdpasXMY8rseR0,75,75.0,75,75,1,9111905,9111905.0,9111905,9111905,1
0WYhgrgXCa7LmgOq4dbNeO,41,41.0,41,41,1,728021,728021.0,728021,728021,1
0rUmKjw54o4qy2wqJbjZNq,48,48.0,48,48,1,106672,106672.0,106672,106672,1
6wOmmoM5nyS6mOyzo9wDjC,51,51.0,51,51,1,47720209,4.7720209E7,47720209,47720209,1
6IadkySzhPNWU0ZrXhVimN,42,42.0,42,42,1,4952,4952.0,4952,4952,1
6VTnxajMD15WSIkbrtpw7e,0,0.0,0,0,1,430274,430274.0,430274,430274,1
5OFf5pzpIcdstWwAhv5YXE,0,0.0,0,0,1,15684530,1.568453E7,15684530,15684530,1
6YnoM7vjNoilLxWRslJ1d4,31,31.0,31,31,1,39292,39292.0,39292,39292,1
0qUcpOOna3kkrwfqky85e1,63,63.0,63,63,1,68226,68226.0,68226,68226,1
3XF5xLJHOQQRbWya6hBp7d,75,75.0,75,75,1,118692183,1.18692183E8,118692183,118692183,1
535Eu9XbyGqLfUK3RPP7z2,55,55.0,55,55,1,19984,19984.0,19984,19984,1
40HBFpLPcNekSMF0izOffw,27,27.0,27,27,1,35136,35136.0,35136,35136,1
22ykS8KWpd2r4zcRZ0XMK5,62,62.0,62,62,1,11683338,1.1683338E7,11683338,11683338,1
0ygr1n1Xk1UvWrzJXjVVng,0,0.0,0,0,1,325311,325311.0,325311,325311,1
06BD7TeUR6mYbF6cWyzvZt,44,44.0,44,44,1,2041565,2041565.0,2041565,2041565,1
0ESJlaM8CE1jRWaNtwSNj8,66,66.0,66,66,1,41107596,4.1107596E7,41107596,41107596,1
6fwdbPMwP1zVStm8FybmkO,68,68.0,68,68,1,23806936,2.3806936E7,23806936,23806936,1
7sBwAWyXfiIgrYQ8BaJESH,63,63.0,63,63,1,103039388,1.03039388E8,103039388,103039388,1
5TvFfDlVoUWZvfqrhTJzD7,59,59.0,59,59,1,122802777,1.22802777E8,122802777,122802777,1
2d4XbSU0hLH8Fn5v3OLCD7,34,34.0,34,34,1,104517308,1.04517308E8,104517308,104517308,1
4MxGfhE3DKxBhdSWTYvc4h,41,41.0,41,41,1,38400585,3.8400585E7,38400585,38400585,1
4qTAwKJQ68gmnrnfPD3vlO,44,44.0,44,44,1,145396321,1.45396321E8,145396321,145396321,1
5G2c6FsfTzgYUzageCmfXY,75,75.0,75,75,1,40275440,4.027544E7,40275440,40275440,1
1ne7JVHEPnoncXzQunQVKW,59,59.0,59,59,1,104517308,1.04517308E8,104517308,104517308,1
1CdqVF1ywD0ZO1zXtB9yWa,68,68.0,68,68,1,2366543,2366543.0,2366543,2366543,1
6Qh10T7u43YciJsJa99R3v,61,61.0,61,61,1,42237551,4.2237551E7,42237551,42237551,1
2WgyOP8Z1D6GQYumCwH4Dk,70,70.0,70,70,1,42256604,4.2256604E7,42256604,42256604,1
4gHV9taAl8aYoT78QJirpb,34,34.0,34,34,1,219086,219086.0,219086,219086,1
2QyGSbGdT9suKuDKwnjwH9,50,50.0,50,50,1,38253,38253.0,38253,38253,1
5BvuyYHjA98IxU0nQUGzZr,0,0.0,0,0,1,4138541,4138541.0,4138541,4138541,1
6xtQ23d8GEXgcxyUKPtwc5,71,71.0,71,71,1,31785695,3.1785695E7,31785695,31785695,1
4jsEzsAPVje1NgXYq3e7SV,50,50.0,50,50,1,1800497,1800497.0,1800497,1800497,1
6gyxAPdkCJI9lj3J1IhW5z,57,57.0,57,57,1,5111573,5111573.0,5111573,5111573,1
1Sgj10byiGzPpI2IrXSFEn,66,66.0,66,66,1,3707332,3707332.0,3707332,3707332,1
5Y3CxFy0epIXO64zW6Q83h,2,2.0,2,2,1,1605379,1605379.0,1605379,1605379,1
3MFa9idQuY4iJLWsZl3tIQ,70,70.0,70,70,1,123997,123997.0,123997,123997,1
6vSYWnhUdMW6P0f3wdbvUt,31,31.0,31,31,1,42579,42579.0,42579,42579,1
31lp34zEvY603Xjkz2hrOo,13,13.0,13,13,1,2896,2896.0,2896,2896,1
3Vd5LhtK4BdKF1xv2m9Jvn,27,27.0,27,27,1,462,462.0,462,462,1
0DM63CJEklNPKu6kHGyuEl,63,63.0,63,63,1,47716988,4.7716988E7,47716988,47716988,1
0CySZwyRJ0vyUqtSjM9i2k,70,70.0,70,70,1,6322030,6322030.0,6322030,6322030,1
1aKvZDoLGkNMxoRYgkckZG,81,81.0,81,81,1,3756729,3756729.0,3756729,3756729,1
3jhlwdu8nU7hFTEGHUomN3,60,60.0,60,60,1,49083617,4.9083617E7,49083617,49083617,1
60xJXlshYApX35xsUsXlHp,42,42.0,42,42,1,545,545.0,545,545,1
1eKd3H94Z9DbYSMycefQ3W,45,45.0,45,45,1,104869,104869.0,104869,104869,1
1dH92pP3jTYak6uPoG9OyV,36,36.0,36,36,1,35497,35497.0,35497,35497,1
6VrQTLzzuyGIYjUDe4kAZk,78,78.0,78,78,1,102610644,1.02610644E8,102610644,102610644,1
7Ettk6tYui5ucUeRlEyZE3,34,34.0,34,34,1,185289,185289.0,185289,185289,1
5RXycwlyNdmAYB5srQ4lk2,54,54.0,54,54,1,2078789,2078789.0,2078789,2078789,1
2J4P46vCFm1rPkNkp9pZWX,62,62.0,62,62,1,56140946,5.6140946E7,56140946,56140946,1
2CzUlaKN1mvb0szagSR3ux,63,63.0,63,63,1,7897022,7897022.0,7897022,7897022,1
395KzBy0bkb57dEvg6cfzJ,71,71.0,71,71,1,20852039,2.0852039E7,20852039,20852039,1
2f0pn9DkEJwAzXApnFh5cr,75,75.0,75,75,1,732382,732382.0,732382,732382,1
0Pa8sgK7rrFAOLoU10eC13,46,46.0,46,46,1,3635017,3635017.0,3635017,3635017,1
0jsXpJsdXhnwnwnCLKjYLF,53,53.0,53,53,1,356342,356342.0,356342,356342,1
3IN7Bpmvsnxxj8lLDexF5X,37,37.0,37,37,1,409356,409356.0,409356,409356,1
0vbtURX4qv1l7besfwmnD8,80,80.0,80,80,1,1526336,1526336.0,1526336,1526336,1
226PUvIuxGdceSijXXZRRz,42,42.0,42,42,1,2069542,2069542.0,2069542,2069542,1
1Ser4X0TKttOvo8bgdytTP,71,71.0,71,71,1,7767068,7767068.0,7767068,7767068,1
0cU9b33JR79wb5kVMyGzr6,57,57.0,57,57,1,9661696,9661696.0,9661696,9661696,1
5HOpkTTVcmZHnthgyxrIL8,64,64.0,64,64,1,180681,180681.0,180681,180681,1
41WTP0gosjYD74B06uS2tL,58,58.0,58,58,1,345962,345962.0,345962,345962,1
6N5ruusDFjQPYvCka8ejwP,56,56.0,56,56,1,40273571,4.0273571E7,40273571,40273571,1
4Li2WHPkuyCdtmokzW2007,14,14.0,14,14,1,10376731,1.0376731E7,10376731,10376731,1
3kfgJql90tzgoxByioAMXR,39,39.0,39,39,1,145489371,1.45489371E8,145489371,145489371,1
6IuYJDCqWZhO2Mqx18EqJY,35,35.0,35,35,1,350647,350647.0,350647,350647,1
5EGPf0nqO7vEIwsOX6Er98,81,81.0,81,81,1,11913071,1.1913071E7,11913071,11913071,1
3RaqIAipLoQLVVNm41IMnJ,0,0.0,0,0,1,39777995,3.9777995E7,39777995,39777995,1
6Lmx6bz3PGYuNSjKMnYBOa,68,68.0,68,68,1,849521,849521.0,849521,849521,1
7zecUVb4DCwf42vcv3fcbP,0,0.0,0,0,1,1563441,1563441.0,1563441,1563441,1
3RgVfzLjDui6uzkLNci9wD,34,34.0,34,34,1,16043117,1.6043117E7,16043117,16043117,1
1LwP9g1Hjbs64jXM2Qsxry,57,57.0,57,57,1,545766,545766.0,545766,545766,1
0suLngfo7rJoetk7Ub6N8l,65,65.0,65,65,1,30718195,3.0718195E7,30718195,30718195,1
4YJjFv4esDOc9FqIqKEsAd,45,45.0,45,45,1,505,505.0,505,505,1
1VauJR9jsUN2Fetpwg4nNo,47,47.0,47,47,1,19064,19064.0,19064,19064,1
0IMGXCX264tTnhuFGysBpT,48,48.0,48,48,1,107374593,1.07374593E8,107374593,107374593,1
104KjF0t9EnlFOoxGLxiSQ,65,65.0,65,65,1,12320084,1.2320084E7,12320084,12320084,1
3Q1wOifYl7kpB3fE1vI9Ti,54,54.0,54,54,1,27568,27568.0,27568,27568,1
29aSI4URFaFD8EOB6YiRi8,47,47.0,47,47,1,192735,192735.0,192735,192735,1
4wO2JlPZw72Xlu6dGUW4Ce,70,70.0,70,70,1,1544658,1544658.0,1544658,1544658,1
5mLjj7Fm5LwzNp6WSwsJIw,21,21.0,21,21,1,893,893.0,893,893,1
5YLGlPYkZBDXieMwzVve7g,60,60.0,60,60,1,41172203,4.1172203E7,41172203,41172203,1
2V51qB57s4u2qyVRGbmhQn,16,16.0,16,16,1,122,122.0,122,122,1
1dB1kzLOjTcmSHttRd8bnV,62,62.0,62,62,1,936467,936467.0,936467,936467,1
5QcAVWXiPZKwPKROCadd7O,18,18.0,18,18,1,13564,13564.0,13564,13564,1
1GsSM1Fju5J1Fsu51jEsTg,52,52.0,52,52,1,1441722,1441722.0,1441722,1441722,1
6pZ9Nj3vzj1RW4ZkR9GcQ9,68,68.0,68,68,1,51821190,5.182119E7,51821190,51821190,1
6NriykdkRrjQMZo1sfVYUo,57,57.0,57,57,1,145396321,1.45396321E8,145396321,145396321,1
7cIYAXTyHq64VdRo1INRbZ,0,0.0,0,0,1,1030417,1030417.0,1030417,1030417,1
6mADjHs6FXdroPzEGW6KVJ,68,68.0,68,68,1,5642365,5642365.0,5642365,5642365,1
4vUmTMuQqjdnvlZmAH61Qk,74,74.0,74,74,1,122773292,1.22773292E8,122773292,122773292,1
5wIjM4q7oIgiLqn8Qfoyxh,59,59.0,59,59,1,1038396,1038396.0,1038396,1038396,1
57RA3JGafJm5zRtKJiKPIm,76,76.0,76,76,1,3002443,3002443.0,3002443,3002443,1
640xtSHjEUcnzSTtQEK8bN,0,0.0,0,0,1,811009,811009.0,811009,811009,1
1ZY1PqizIl78geGM4xWlEA,74,74.0,74,74,1,145443567,1.45443567E8,145443567,145443567,1
4qNEi8zGIYLiMtoW8OaJdx,24,24.0,24,24,1,145443567,1.45443567E8,145443567,145443567,1
5iNc4Yxd9yFHHMXQT4Cc6F,61,61.0,61,61,1,99069,99069.0,99069,99069,1
2rtaCqqM8hotwXKThsbKWb,46,46.0,46,46,1,3029394,3029394.0,3029394,3029394,1
37QaaesnHmmjcin15aIVuT,0,0.0,0,0,1,755390,755390.0,755390,755390,1
0NRdZwAM8JSoStfYrb813s,39,39.0,39,39,1,435937,435937.0,435937,435937,1
4lssBDAmUk4e7rv2ajY6H6,27,27.0,27,27,1,49083617,4.9083617E7,49083617,49083617,1
2xa9224f1RXkIDoRvs58yI,57,57.0,57,57,1,15689879,1.5689879E7,15689879,15689879,1
1VWYKR91K0WYMxyBHNaYxt,44,44.0,44,44,1,313556,313556.0,313556,313556,1
0dAb8TY433dl3ZfXYCLE19,58,58.0,58,58,1,145396321,1.45396321E8,145396321,145396321,1
6DEaND0SHv3sC11xobZLiy,63,63.0,63,63,1,2473903,2473903.0,2473903,2473903,1
2afCBiru10AFckfOa49wIa,79,79.0,79,79,1,40275440,4.027544E7,40275440,40275440,1
5JaqApg5415jtjdyjY3wa9,57,57.0,57,57,1,112918137,1.12918137E8,112918137,112918137,1
3di5hcvxxciiqwMH1jarhY,82,82.0,82,82,1,66720643,6.6720643E7,66720643,66720643,1
3aJ7lqmeGCLzbb6aGTHzW8,12,12.0,12,12,1,430076,430076.0,430076,430076,1
3DDBW9yeXc0RQUAOBeKYti,57,57.0,57,57,1,68997177,6.8997177E7,68997177,68997177,1
5h9pB5af60LWJBrG1HCHsU,1,1.0,1,1,1,31045858,3.1045858E7,31045858,31045858,1
52cYivJcryreRplexrYTlC,39,39.0,39,39,1,42445,42445.0,42445,42445,1
2kQuhkFX7uSVepCD3h29g5,84,84.0,84,84,1,6005038,6005038.0,6005038,6005038,1
2oub2DQlG2Xc5Pj82qH7oA,45,45.0,45,45,1,1309042,1309042.0,1309042,1309042,1
1MTQHCpraD4S8g5PAFKzoj,78,78.0,78,78,1,8166087,8166087.0,8166087,8166087,1
0kr6d8wHDQPlzuET33NVn6,62,62.0,62,62,1,689453,689453.0,689453,689453,1
2Mpj1Ul5OFPyyP4wB62Rvi,69,69.0,69,69,1,8147523,8147523.0,8147523,8147523,1
6lvZdIVtCKpLwA7DTINPXQ,30,30.0,30,30,1,4968982,4968982.0,4968982,4968982,1
3WoSJF85H0qywD4qLp4HDd,51,51.0,51,51,1,145189,145189.0,145189,145189,1
2WzQbiXKpmRNLWXbqo8Z7b,60,60.0,60,60,1,37417943,3.7417943E7,37417943,37417943,1
0bVtevEgtDIeRjCJbK3Lmv,11,11.0,11,11,1,35205629,3.5205629E7,35205629,35205629,1
6JZYMxvcoeLD4IifJPvDux,71,71.0,71,71,1,37417943,3.7417943E7,37417943,37417943,1
0XQQpq855N5rnUsFBXo2ml,11,11.0,11,11,1,364,364.0,364,364,1
3yWuTOYDztXjZxdE2cIRUa,97,97.0,97,97,1,145443567,1.45443567E8,145443567,145443567,1
59MaR36AmjuKGwOdlvltpT,43,43.0,43,43,1,592,592.0,592,592,1
4KPlsNrzNcMtwtlMwEsZR5,42,42.0,42,42,1,2652612,2652612.0,2652612,2652612,1
1j15Ar0qGDzIR0v3CQv3JL,88,88.0,88,88,1,5242034,5242034.0,5242034,5242034,1
0b0Dz0Gi86SVdBxYeiQcCP,82,82.0,82,82,1,26559943,2.6559943E7,26559943,26559943,1
2Ku34RwdypCEfVJyxQIfyI,67,67.0,67,67,1,15684530,1.568453E7,15684530,15684530,1
799KrpEbhZp0MHeiA8YK9P,74,74.0,74,74,1,145396321,1.45396321E8,145396321,145396321,1
3LNRi4UytUnez6T0hFb4x3,52,52.0,52,52,1,26561582,2.6561582E7,26561582,26561582,1
24rtNj8f9HJAObY2J0ZvYo,0,0.0,0,0,1,13588,13588.0,13588,13588,1
3J8EOeKLTLXORtWPpOU5bE,75,75.0,75,75,1,10192579,1.0192579E7,10192579,10192579,1
6u7gmPOz7pzzaeR9xSBpsR,62,62.0,62,62,1,107374593,1.07374593E8,107374593,107374593,1
6UIyhFQSjHNz55mYzwzpjW,43,43.0,43,43,1,339687,339687.0,339687,339687,1
2GGMabyHXnJmjY6CXhhB2e,70,70.0,70,70,1,25953771,2.5953771E7,25953771,25953771,1
2NjO87HyT80fsgejd3PLYW,64,64.0,64,64,1,9462835,9462835.0,9462835,9462835,1
2cYqizR4lgvp4Qu6IQ3qGN,81,81.0,81,81,1,41119579,4.1119579E7,41119579,41119579,1
7AFASza1mXqntmGtbxXprO,73,73.0,73,73,1,51710210,5.171021E7,51710210,51710210,1
0VE4kBnHJUgtMf0dy6DRmW,80,80.0,80,80,1,145443567,1.45443567E8,145443567,145443567,1
0QCS4NpURHvWdF1icdkfBw,24,24.0,24,24,1,145489371,1.45489371E8,145489371,145489371,1
1UPDfqsVIZLEiZeMuUsni2,29,29.0,29,29,1,145443567,1.45443567E8,145443567,145443567,1
7GX5flRQZVHRAGd6B4TmDO,80,80.0,80,80,1,19260805,1.9260805E7,19260805,19260805,1
0VgkVdmE4gld66l8iyGjgx,80,80.0,80,80,1,22675640,2.267564E7,22675640,22675640,1
2169IKAivSUUFGcedGASXc,61,61.0,61,61,1,1206870,1206870.0,1206870,1206870,1
6SWVcJaG3tWN2Oc3AIo2Vy,33,33.0,33,33,1,4697897,4697897.0,4697897,4697897,1
38gZVjeaeR3gcnCzziAxBm,62,62.0,62,62,1,2565642,2565642.0,2565642,2565642,1
5oO3drDxtziYU2H1X23ZIp,85,85.0,85,85,1,69030894,6.9030894E7,69030894,69030894,1
56lwHTCikHS3QwVGtfSelJ,59,59.0,59,59,1,644963,644963.0,644963,644963,1
5Y6nVaayzitvsD5F7nr3DV,82,82.0,82,82,1,51798111,5.1798111E7,51798111,51798111,1
7pu0a2lDSnwQS0ERqAtCnS,45,45.0,45,45,1,26564677,2.6564677E7,26564677,26564677,1
2Eq97bBBjO69pPrImrksOi,26,26.0,26,26,1,90530,90530.0,90530,90530,1
3FY4wCXHbQe5S5jAFNbAXr,39,39.0,39,39,1,4758,4758.0,4758,4758,1
4AyCPC5W1CcdcPMlcWX8rD,26,26.0,26,26,1,4971141,4971141.0,4971141,4971141,1
6nkjQcHzY3A9kav7OYW0Ch,36,36.0,36,36,1,412983,412983.0,412983,412983,1
3loYYWdPlLiUCq1jiSPfT6,67,67.0,67,67,1,9406293,9406293.0,9406293,9406293,1
6ebkx7Q5tTxrCxKq4GYj0Y,80,80.0,80,80,1,8973505,8973505.0,8973505,8973505,1
1o716Hgxa1s7yWCXxy8saX,45,45.0,45,45,1,42237551,4.2237551E7,42237551,42237551,1
2DVKtgf415MQv7OOXwVec9,23,23.0,23,23,1,13710072,1.3710072E7,13710072,13710072,1
0SARtM2035y7DaoQg2HFl1,34,34.0,34,34,1,8144782,8144782.0,8144782,8144782,1
5773KSWFzg9kCc8yazjbSt,79,79.0,79,79,1,542758,542758.0,542758,542758,1
1f3yAtsJtY87CTmM8RLnxf,9,9.0,9,9,1,23391272,2.3391272E7,23391272,23391272,1
7G7tgVYORlDuVprcYHuFJh,81,81.0,81,81,1,1050087,1050087.0,1050087,1050087,1
5e9TFTbltYBg2xThimr0rU,86,86.0,86,86,1,13970025,1.3970025E7,13970025,13970025,1
4hFt3Ht6b9OLsesqx51aq1,68,68.0,68,68,1,1377042,1377042.0,1377042,1377042,1
2AtkXkBtqjF4AnJuvM9Gyc,18,18.0,18,18,1,104,104.0,104,104,1
4WSuaGf6t5hMQg51S7M2MV,34,34.0,34,34,1,577324,577324.0,577324,577324,1
57Z6TJCTMACXxdrcwZ3Zvf,82,82.0,82,82,1,253650,253650.0,253650,253650,1
35ISBknsCeZQtq66xABI9g,83,83.0,83,83,1,1460038,1460038.0,1460038,1460038,1
22dUzMFttcR3uU17NcOAIv,69,69.0,69,69,1,23079295,2.3079295E7,23079295,23079295,1
7hVDhEHFrZRuaZRg6pzPcF,13,13.0,13,13,1,5446,5446.0,5446,5446,1
0mflMxspEfB0VbI1kyLiAv,84,84.0,84,84,1,4378755,4378755.0,4378755,4378755,1
4yMMsS5QaEcsHZkKwdEyLv,77,77.0,77,77,1,164335,164335.0,164335,164335,1
5JCoSi02qi3jJeHdZXMmR8,81,81.0,81,81,1,49050008,4.9050008E7,49050008,49050008,1
3hj5xQ4sjdClPT86i7vvpn,40,40.0,40,40,1,5589342,5589342.0,5589342,5589342,1
6TZitk9QD7531Jl1TT7TeH,52,52.0,52,52,1,51773650,5.177365E7,51773650,51773650,1
08dz3ygXyFur6bL7Au8u8J,69,69.0,69,69,1,15031490,1.503149E7,15031490,15031490,1
5nujrmhLynf4yMoMtj8AQF,81,81.0,81,81,1,46891061,4.6891061E7,46891061,46891061,1
7gu99i0zbE2SIKzXkKW8ZA,31,31.0,31,31,1,35505,35505.0,35505,35505,1
5Am6tsnSF2olM1bPpOdZRu,50,50.0,50,50,1,15695162,1.5695162E7,15695162,15695162,1
6eObMhagGCRnpIHn1E8vO8,54,54.0,54,54,1,18851875,1.8851875E7,18851875,18851875,1
4SUwJA3eUVNHExxMPEUhQe,50,50.0,50,50,1,103039388,1.03039388E8,103039388,103039388,1
2P91MQbaiQOfbiz9VqhqKQ,2,2.0,2,2,1,6816695,6816695.0,6816695,6816695,1
0MrRAUcB8AZiB9ue2VOBYe,61,61.0,61,61,1,47722935,4.7722935E7,47722935,47722935,1
64VGSSj0VFsoT0b20IGSHj,14,14.0,14,14,1,1436323,1436323.0,1436323,1436323,1
2FtyrwcRqA2JQEezLjPZ8r,44,44.0,44,44,1,3677060,3677060.0,3677060,3677060,1
3oxgFdIlxFEDEJqn7k5TVN,28,28.0,28,28,1,145489371,1.45489371E8,145489371,145489371,1
5TXDeTFVRVY7Cvt0Dw4vWW,81,81.0,81,81,1,51727329,5.1727329E7,51727329,51727329,1
6SznMYPQJHzr3IwsAHLId2,57,57.0,57,57,1,122773292,1.22773292E8,122773292,122773292,1
6fujklziTHa8uoM5OQSfIo,77,77.0,77,77,1,7767068,7767068.0,7767068,7767068,1
3CRDbSIZ4r5MsZ0YwxuEkn,84,84.0,84,84,1,25761380,2.576138E7,25761380,25761380,1
1AvDDjLuwwC63X1xlRReCD,50,50.0,50,50,1,59849,59849.0,59849,59849,1
6R0GRYk2vs2XuBVemYK5YZ,60,60.0,60,60,1,2858495,2858495.0,2858495,2858495,1
0lb9s7k8UalCr9tRoP2PZN,52,52.0,52,52,1,3098824,3098824.0,3098824,3098824,1
62ke5zFUJN6RvtXZgVH0F8,80,80.0,80,80,1,1499294,1499294.0,1499294,1499294,1
5vL0yvddknhGj7IrBc6UTj,56,56.0,56,56,1,38385499,3.8385499E7,38385499,38385499,1
4KlL5Bwlm4yHYxr0B2rHci,75,75.0,75,75,1,4311492,4311492.0,4311492,4311492,1
6BtmXhTJMM9sBTHeYYASGz,66,66.0,66,66,1,58364373,5.8364373E7,58364373,58364373,1
3LUWWox8YYykohBbHUrrxd,75,75.0,75,75,1,9154839,9154839.0,9154839,9154839,1
1x075F39Q0zOhjPzPKgG8E,78,78.0,78,78,1,18868122,1.8868122E7,18868122,18868122,1
4ROTEqZbUtCkXdSJXh3ctr,27,27.0,27,27,1,38385499,3.8385499E7,38385499,38385499,1
6A3Q8BVAAI2PW1s6MX4ZGF,67,67.0,67,67,1,1392074,1392074.0,1392074,1392074,1
70wYA8oYHoMzhRRkARoMhU,77,77.0,77,77,1,8006321,8006321.0,8006321,8006321,1
3skn2lauGk7Dx6bVIt5DVj,76,76.0,76,76,1,8464040,8464040.0,8464040,8464040,1
4UzVcXufOhGUwF56HT7b8M,76,76.0,76,76,1,6158071,6158071.0,6158071,6158071,1
3ZOEytgrvLwQaqXreDs2Jx,85,85.0,85,85,1,23223067,2.3223067E7,23223067,23223067,1
0xivCtzVVrdeq32s8EnOO6,54,54.0,54,54,1,13822540,1.382254E7,13822540,13822540,1
5qqB8kD9OoMmJJniCCtPhP,59,59.0,59,59,1,5111573,5111573.0,5111573,5111573,1
0FtV0YbnnjD7PXpLHFHPhn,13,13.0,13,13,1,2223568,2223568.0,2223568,2223568,1
1FTCA6wQwulQFokDddKE68,54,54.0,54,54,1,30718195,3.0718195E7,30718195,30718195,1
1r3uOHPoiIv89Xb6K9bDH4,71,71.0,71,71,1,85008100,8.50081E7,85008100,85008100,1
4wV3MEQv5G3Tzraw5rQFz1,57,57.0,57,57,1,130194,130194.0,130194,130194,1
7Mts0OfPorF4iwOomvfqn1,75,75.0,75,75,1,145396321,1.45396321E8,145396321,145396321,1
6dpLxbF7lfCAnC9QRTjNLK,4,4.0,4,4,1,218657,218657.0,218657,218657,1
43iIQbw5hx986dUEZbr3eN,86,86.0,86,86,1,8495493,8495493.0,8495493,8495493,1
7mQ20wIKA1WGuvgMtSBl3D,46,46.0,46,46,1,116368,116368.0,116368,116368,1
2FJSdvTnEMykNjCs6CKfuI,0,0.0,0,0,1,26272346,2.6272346E7,26272346,26272346,1
3QUbaXCfksmF19lW32BQE0,44,44.0,44,44,1,4761364,4761364.0,4761364,4761364,1
0KpEDWbmuNuO3endHVL0oZ,36,36.0,36,36,1,241463,241463.0,241463,241463,1
4vIbws1xp082bv0zl8vLaJ,67,67.0,67,67,1,4294346,4294346.0,4294346,4294346,1
6k7HtWuprjQmulpo4OpieI,54,54.0,54,54,1,171981,171981.0,171981,171981,1
0UGqF8JS1529GlEN1WSzAi,33,33.0,33,33,1,28688,28688.0,28688,28688,1
1msEuwSBneBKpVCZQcFTsU,63,63.0,63,63,1,145396321,1.45396321E8,145396321,145396321,1
3ES6cLKSNuWCZgL0X7BHSv,54,54.0,54,54,1,68438,68438.0,68438,68438,1
6pV1lc8lIc8ARNB6KsZukt,58,58.0,58,58,1,49276,49276.0,49276,49276,1
7Bar1kLTmsRmH6FCKKMEyU,66,66.0,66,66,1,33043825,3.3043825E7,33043825,33043825,1
2hrUO4drrO63i7FYbCLBl2,78,78.0,78,78,1,5975530,5975530.0,5975530,5975530,1
5YMXGBD6vcYP7IolemyLtK,72,72.0,72,72,1,81189603,8.1189603E7,81189603,81189603,1
2lTtnKQgjbrBA1qnOFhBkP,1,1.0,1,1,1,324920,324920.0,324920,324920,1
1ZAyjvIk9YiD76yYy0TEG6,66,66.0,66,66,1,3479963,3479963.0,3479963,3479963,1
1LhMopPAallLeaeNutqbgS,68,68.0,68,68,1,15820264,1.5820264E7,15820264,15820264,1
7DCQIOmpGV4nkHx7DQckJS,50,50.0,50,50,1,301532,301532.0,301532,301532,1
6h5PAsRni4IRlxWr6uDPTP,78,78.0,78,78,1,2534676,2534676.0,2534676,2534676,1
3O7p9Itz8PXUoAjD2vmuM6,59,59.0,59,59,1,51821190,5.182119E7,51821190,51821190,1
0gtSPYz0OHoF7k09Auq1uC,49,49.0,49,49,1,46891061,4.6891061E7,46891061,46891061,1
5Z3GHaZ6ec9bsiI5BenrbY,81,81.0,81,81,1,16943442,1.6943442E7,16943442,16943442,1
2Ch7LmS7r2Gy2kc64wv3Bz,79,79.0,79,79,1,112918137,1.12918137E8,112918137,112918137,1
3nef5W8jTkXrOKgCu4kmq7,80,80.0,80,80,1,107389514,1.07389514E8,107389514,107389514,1
1n73Qe6oEprLsUNHXET2pb,62,62.0,62,62,1,12326568,1.2326568E7,12326568,12326568,1
15J13yYW9mmahjEBqDeVSG,13,13.0,13,13,1,868224,868224.0,868224,868224,1
6or1bKJiZ06IlK0vFvY75k,74,74.0,74,74,1,104517308,1.04517308E8,104517308,104517308,1
5GjnIpUlLGEIYk052ISOw9,72,72.0,72,72,1,4533003,4533003.0,4533003,4533003,1
05SBRd4fXgn8FX7bf8BCAE,76,76.0,76,76,1,23078931,2.3078931E7,23078931,23078931,1
3KmYVOuK2eG7LGP7qQ8DLR,47,47.0,47,47,1,145443567,1.45443567E8,145443567,145443567,1
6k8kLJFmWkHaTbSLUhJ3H0,57,57.0,57,57,1,3737128,3737128.0,3737128,3737128,1
6BUJtgTJT9YTDkiB81maFQ,42,42.0,42,42,1,43554,43554.0,43554,43554,1
35zmKCfwfr6q4owhj1YRuf,25,25.0,25,25,1,13708054,1.3708054E7,13708054,13708054,1
1p6dnhZYG4lNmgIKODRfM5,43,43.0,43,43,1,9661696,9661696.0,9661696,9661696,1
3yfqSUWxFvZELEM4PmlwIR,84,84.0,84,84,1,104559284,1.04559284E8,104559284,104559284,1
0z1o5L7HJx562xZSATcIpY,79,79.0,79,79,1,13831380,1.383138E7,13831380,13831380,1
57R1nBluakXaayH9EzgwZa,57,57.0,57,57,1,5106570,5106570.0,5106570,5106570,1
6b2oQwSGFkzsMtQruIWm2p,4,4.0,4,4,1,13831380,1.383138E7,13831380,13831380,1
1ogRu1dOUgHvel8To8oQbe,56,56.0,56,56,1,411540,411540.0,411540,411540,1
03bTIHJElXZ0O0jqOQvAbY,94,94.0,94,94,1,145542136,1.45542136E8,145542136,145542136,1
4G7bbgD2DHORU4frrWoCXp,85,85.0,85,85,1,282947,282947.0,282947,282947,1
2lTm559tuIvatlT1u0JYG2,90,90.0,90,90,1,102536542,1.02536542E8,102536542,102536542,1
47b6AJXIHpkTQR2Zxkq04h,50,50.0,50,50,1,8682,8682.0,8682,8682,1
2CQdlpK88QxuUyVKKXAxBF,54,54.0,54,54,1,21748,21748.0,21748,21748,1
11L8PIO0UF7UiTKYCmO8YI,33,33.0,33,33,1,107374593,1.07374593E8,107374593,107374593,1
5cQX9BexkPIEESTZijJhXg,71,71.0,71,71,1,107374593,1.07374593E8,107374593,107374593,1
33Mo6kVD7zhrYQnD03nBj0,0,0.0,0,0,1,92528,92528.0,92528,92528,1
6clDsO8HwhHEgJDDp88VdL,54,54.0,54,54,1,2109948,2109948.0,2109948,2109948,1
4L03SfsFvN3oNmeF1uY9yr,21,21.0,21,21,1,25577,25577.0,25577,25577,1
131SfRMv57LKf8xtaSt39k,66,66.0,66,66,1,130194,130194.0,130194,130194,1
06vNG6CiV4k8oNA0wUUAO7,64,64.0,64,64,1,1873452,1873452.0,1873452,1873452,1
3AVXwaOGCEL8cmBecfcsFJ,56,56.0,56,56,1,25306511,2.5306511E7,25306511,25306511,1
20R4HfKloPKgXDqU7UKk3x,72,72.0,72,72,1,118728633,1.18728633E8,118728633,118728633,1
6Uj1ctrBOjOas8xZXGqKk4,83,83.0,83,83,1,34735147,3.4735147E7,34735147,34735147,1
6Q9IUoBTNLHgBib1FSFGbj,58,58.0,58,58,1,34735147,3.4735147E7,34735147,34735147,1
2p24lqlIGdDXaLVff4NwH8,0,0.0,0,0,1,9291705,9291705.0,9291705,9291705,1
1Z0cZI0UzNbP9L8MzzGxqf,69,69.0,69,69,1,10021011,1.0021011E7,10021011,10021011,1
6Z0sHILAQuUsmZQ7pMe90N,0,0.0,0,0,1,5531839,5531839.0,5531839,5531839,1
5QO79kh1waicV47BqGRL3g,86,86.0,86,86,1,112995439,1.12995439E8,112995439,112995439,1
6KfoDhO4XUWSbnyKjNp9c4,75,75.0,75,75,1,12425448,1.2425448E7,12425448,12425448,1
5nCthAh3jt4xKuLJAifAaR,73,73.0,73,73,1,38385499,3.8385499E7,38385499,38385499,1
4Ta3PhWmY50ZLU1uhKFKPE,64,64.0,64,64,1,1668880,1668880.0,1668880,1668880,1
71tjUqsaiFFKWpn8xhoPWh,43,43.0,43,43,1,29433,29433.0,29433,29433,1
6V1bu6o1Yo5ZXnsCJU8Ovk,65,65.0,65,65,1,45771951,4.5771951E7,45771951,45771951,1
6QdnKD1zwEgyOWtkrdzlOF,70,70.0,70,70,1,112918137,1.12918137E8,112918137,112918137,1
6dVZCbi9CYtD9LjAHXRjIG,61,61.0,61,61,1,22675640,2.267564E7,22675640,22675640,1
7oolFzHipTMg2nL7shhdz2,56,56.0,56,56,1,122773292,1.22773292E8,122773292,122773292,1
0kIlh2nOwIxx4SgoDrRWDG,46,46.0,46,46,1,3316476,3316476.0,3316476,3316476,1
37f4ITSlgPX81ad2EvmVQr,73,73.0,73,73,1,1007753,1007753.0,1007753,1007753,1
6RvRzl1YJTDnUvdOtV21IK,56,56.0,56,56,1,145489371,1.45489371E8,145489371,145489371,1
14UFeUG8RCx1XwSuGF9Tcs,39,39.0,39,39,1,9792848,9792848.0,9792848,9792848,1
4AD1rHNMHYyWPt2BoPaPAt,39,39.0,39,39,1,640544,640544.0,640544,640544,1
3Z1kZKYfRC8iRXnYeC5sCJ,62,62.0,62,62,1,145396321,1.45396321E8,145396321,145396321,1
4BY4V1T0RJK1HmD2Q0ClyK,70,70.0,70,70,1,2625044,2625044.0,2625044,2625044,1
6sGaavvDeGTY3wV9hzIEOP,54,54.0,54,54,1,51798111,5.1798111E7,51798111,51798111,1
0SuG9kyzGRpDqrCWtgD6Lq,69,69.0,69,69,1,122789460,1.2278946E8,122789460,122789460,1
4lkq5v8nVr5feDwYWCDjwr,36,36.0,36,36,1,117914,117914.0,117914,117914,1
4vHR7NYZh2wbQ6jLlC0wdH,37,37.0,37,37,1,699402,699402.0,699402,699402,1
3CKCZ9pfwAfoMZlMncA1Nc,2,2.0,2,2,1,66734917,6.6734917E7,66734917,66734917,1
08QaHlMPWuO5PUxjl61bXn,65,65.0,65,65,1,143444,143444.0,143444,143444,1
7l5nkTZpoD93OkynN0gcon,64,64.0,64,64,1,1827886,1827886.0,1827886,1827886,1
1ZBNlE3mpuSOyRQmOfPiFN,21,21.0,21,21,1,23391272,2.3391272E7,23391272,23391272,1
2LawezPeJhN4AWuSB0GtAU,85,85.0,85,85,1,7945600,7945600.0,7945600,7945600,1
6PrKZUXJPmBiobMN44yR8Y,62,62.0,62,62,1,1324293,1324293.0,1324293,1324293,1
2Zq3Trov36G0TtrUt4ZklL,59,59.0,59,59,1,1378935,1378935.0,1378935,1378935,1
0VvjNKaNygEcp14lV5a0rW,34,34.0,34,34,1,824,824.0,824,824,1
7H6hs7WkNG48fS3agm63MR,61,61.0,61,61,1,85022258,8.5022258E7,85022258,85022258,1
72s177IslLyS9N7EKBTCp0,19,19.0,19,19,1,58,58.0,58,58,1
5Y6a6AaahaBi5ljf6hk7dF,68,68.0,68,68,1,9256589,9256589.0,9256589,9256589,1
7Kk581xmajJZNYit8Ssrtd,47,47.0,47,47,1,2085415,2085415.0,2085415,2085415,1
3JIwKNJZXDRU0F32X3egk6,22,22.0,22,22,1,53676,53676.0,53676,53676,1
3w8qTyOMX9vmm4aKYVl4uS,21,21.0,21,21,1,127,127.0,127,127,1
4LKYOetuIF5c9XjeLBL9av,72,72.0,72,72,1,7299563,7299563.0,7299563,7299563,1
55owCz7823hXvvTm3apoZ9,52,52.0,52,52,1,2614697,2614697.0,2614697,2614697,1
6bTbMMEShyGyrcuIwtBlpA,62,62.0,62,62,1,1409523,1409523.0,1409523,1409523,1
5TJEBoTCDbJXiKMdCN9pd3,65,65.0,65,65,1,15542286,1.5542286E7,15542286,15542286,1
6Hfu9sc7jvv6coyy2LlzBF,66,66.0,66,66,1,31038851,3.1038851E7,31038851,31038851,1
0f8eRy9A0n6zXpKSHSCAEp,80,80.0,80,80,1,6429788,6429788.0,6429788,6429788,1
5Ia3op6iA6g4Sv19Lorm4a,34,34.0,34,34,1,4307803,4307803.0,4307803,4307803,1
3X3FzrA32EbYvu3n3526w4,50,50.0,50,50,1,1685009,1685009.0,1685009,1685009,1
6bSwpQYEguyMlkCoWiBt3Y,57,57.0,57,57,1,81189603,8.1189603E7,81189603,81189603,1
04ZTP5KsCypmtCmQg5tH9R,70,70.0,70,70,1,9837715,9837715.0,9837715,9837715,1
7w3NjTXSpx5OuIMVJxYNdB,22,22.0,22,22,1,604003,604003.0,604003,604003,1
6Qn5zhYkTa37e91HC1D7lb,82,82.0,82,82,1,58375520,5.837552E7,58375520,58375520,1
2mrZYZGmPFV3QOyYPZ1zsn,62,62.0,62,62,1,75492598,7.5492598E7,75492598,75492598,1
0hHc2igYYlSUyZdByauJmB,63,63.0,63,63,1,165536,165536.0,165536,165536,1
4UkCtBCYh6VMsucGMQZyh9,0,0.0,0,0,1,1761438,1761438.0,1761438,1761438,1
5Mk1tgVrSuoWWwPVFNS0jB,77,77.0,77,77,1,69030894,6.9030894E7,69030894,69030894,1
3DBumrwaikaisVDQdcM7jU,51,51.0,51,51,1,112918137,1.12918137E8,112918137,112918137,1
2geTpwGhrTrBGuMdZNLgd9,0,0.0,0,0,1,226303,226303.0,226303,226303,1
3r3fWKSW1Vh71iXtDNpNbc,46,46.0,46,46,1,4777574,4777574.0,4777574,4777574,1
7x93eCAiJQF7DUt979fj3p,48,48.0,48,48,1,14884765,1.4884765E7,14884765,14884765,1
6Gn02ZC8juXwQ10Xk7ACXx,1,1.0,1,1,1,2742164,2742164.0,2742164,2742164,1
1lK5iIMKifrxERzS3iimJH,55,55.0,55,55,1,17761102,1.7761102E7,17761102,17761102,1
5mFnfR4IrBgejlBp3gBEXS,37,37.0,37,37,1,23391272,2.3391272E7,23391272,23391272,1
7w6PJe5KBPyvuRYxFkPssC,78,78.0,78,78,1,7569660,7569660.0,7569660,7569660,1
0GjEhVFGZW8afUYGChu3Rr,84,84.0,84,84,1,14884765,1.4884765E7,14884765,14884765,1
36PSXArCYAPPQFYbsosxE0,16,16.0,16,16,1,979,979.0,979,979,1
4XC8d0vLerfOELqV1BHQGD,26,26.0,26,26,1,301499,301499.0,301499,301499,1
4QHGH4l5yJuDZRDfaTe422,6,6.0,6,6,1,23,23.0,23,23,1
0hKtu53OlIFXVuYkZwcn3o,72,72.0,72,72,1,22675640,2.267564E7,22675640,22675640,1
1kuGVB7EU95pJObxwvfwKS,84,84.0,84,84,1,49050008,4.9050008E7,49050008,49050008,1
1pqjOgonZC2T3bB9JAl3Uz,61,61.0,61,61,1,557085,557085.0,557085,557085,1
4mWbFYZ9P14Ulf1LIFZGhH,49,49.0,49,49,1,5987057,5987057.0,5987057,5987057,1
3SM7uIYEz3v3BGy9RHp7oU,0,0.0,0,0,1,578910,578910.0,578910,578910,1
6YJafO3sMQmcyxNT6AzOjK,12,12.0,12,12,1,644,644.0,644,644,1
6nRmVG5SgwxkEEOzImCId6,26,26.0,26,26,1,1636,1636.0,1636,1636,1
5JqZ3oqF00jkT81foAFvqg,1,1.0,1,1,1,26558356,2.6558356E7,26558356,26558356,1
43DWqm8pDSMB2SyWCvAaIY,0,0.0,0,0,1,52523,52523.0,52523,52523,1
3IhtE4fkytdrtEfV34UzkD,62,62.0,62,62,1,145396321,1.45396321E8,145396321,145396321,1
3hUxzQpSfdDqwM3ZTFQY0K,85,85.0,85,85,1,145396321,1.45396321E8,145396321,145396321,1
7ju97lgwC2rKQ6wwsf9no9,71,71.0,71,71,1,42275793,4.2275793E7,42275793,42275793,1
39Yp9wwQiSRIDOvrVg7mbk,69,69.0,69,69,1,318007,318007.0,318007,318007,1
6TsRPIdwASJBXanGhftVjc,50,50.0,50,50,1,277520,277520.0,277520,277520,1
44sVQfPdCTGM5JLBRHUngc,50,50.0,50,50,1,277497,277497.0,277497,277497,1
1lL5wgXpI3Wwn6Am13dQIj,40,40.0,40,40,1,1605379,1605379.0,1605379,1605379,1
3ZCTVFBt2Brf31RLEnCkWJ,83,83.0,83,83,1,118728633,1.18728633E8,118728633,118728633,1
159ip0G1kN9u68FsczBhLj,37,37.0,37,37,1,4307803,4307803.0,4307803,4307803,1
1UaYT2vE5plDKPD8kKOVGQ,37,37.0,37,37,1,6444,6444.0,6444,6444,1
3NuK5xMlSlB6K2Qp16zf3h,70,70.0,70,70,1,5974740,5974740.0,5974740,5974740,1
2K7xn816oNHJZ0aVqdQsha,85,85.0,85,85,1,21606569,2.1606569E7,21606569,21606569,1
6IY3cC281mz9q0bViUEldz,57,57.0,57,57,1,321085,321085.0,321085,321085,1
1oGdVdYjeQvojGKDddxLQQ,60,60.0,60,60,1,112918137,1.12918137E8,112918137,112918137,1
0prNGof3XqfTvNDxHonvdK,2,2.0,2,2,1,12274170,1.227417E7,12274170,12274170,1
21TcDbGosp7w9YhTjOszgA,73,73.0,73,73,1,45710657,4.5710657E7,45710657,45710657,1
4JQSMg83F8qYwSBt5xOXsQ,56,56.0,56,56,1,68997177,6.8997177E7,68997177,68997177,1
6g4RVB6qiuySTw9FCV1HEM,59,59.0,59,59,1,51821190,5.182119E7,51821190,51821190,1
2gZUPNdnz5Y45eiGxpHGSc,78,78.0,78,78,1,31059657,3.1059657E7,31059657,31059657,1
2UREu1Y8CO4jXkbvqAtP7g,82,82.0,82,82,1,5897210,5897210.0,5897210,5897210,1
5O8L4I2S4izFGDjvP7xAKv,69,69.0,69,69,1,23391272,2.3391272E7,23391272,23391272,1
21VUVZNz6v0t7vkDbVefrJ,40,40.0,40,40,1,42663,42663.0,42663,42663,1
2RChe0r2cMoyOvuKobZy44,78,78.0,78,78,1,15801991,1.5801991E7,15801991,15801991,1
23VTn69AcEvt7NLlb774HL,19,19.0,19,19,1,23398010,2.339801E7,23398010,23398010,1
6pJSulm9EBmsYGnp3uaEFl,58,58.0,58,58,1,37446069,3.7446069E7,37446069,37446069,1
6XolXnd1meZ5clHVnBOdiz,39,39.0,39,39,1,727,727.0,727,727,1
7dYuoa2C8QzHOZ3kr9zYAR,33,33.0,33,33,1,11030,11030.0,11030,11030,1
2LwsunYgfRoqyIsNtgOCQx,75,75.0,75,75,1,771688,771688.0,771688,771688,1
1PwN9ebjpov7iwTLHSov7V,45,45.0,45,45,1,110282,110282.0,110282,110282,1
6AjiC6ZSglAeusQABB6LTj,47,47.0,47,47,1,644923,644923.0,644923,644923,1
4k6Uh1HXdhtusDW5y8Gbvy,83,83.0,83,83,1,6427334,6427334.0,6427334,6427334,1
70AYiGbc4mWZGEqiipBBDb,64,64.0,64,64,1,8597160,8597160.0,8597160,8597160,1
5Rdwzi6JgoYZp6AvH1ceCj,28,28.0,28,28,1,644838,644838.0,644838,644838,1
1WvrDdouh6C51In1SdATbq,67,67.0,67,67,1,60358474,6.0358474E7,60358474,60358474,1
1raaNykBg1bDnWENUiglUA,58,58.0,58,58,1,46895665,4.6895665E7,46895665,46895665,1
3BQbwXb8lMLLRBeLl6HTu8,56,56.0,56,56,1,21591569,2.1591569E7,21591569,21591569,1
2OqOBZa7eo6XHZaNBApdX9,0,0.0,0,0,1,24486,24486.0,24486,24486,1
2EWnKuspetOzgfBtmaNZvJ,63,63.0,63,63,1,926281,926281.0,926281,926281,1
5ymRHxybhbG2mRJIXRcMa8,34,34.0,34,34,1,41131037,4.1131037E7,41131037,41131037,1
46NBoIAHrmR7qcUGCIFEjR,67,67.0,67,67,1,27139342,2.7139342E7,27139342,27139342,1
1i1fxkWeaMmKEB4T7zqbzK,82,82.0,82,82,1,21360805,2.1360805E7,21360805,21360805,1
0IKK48xF4eEdfofyaeKWWO,63,63.0,63,63,1,24114464,2.4114464E7,24114464,24114464,1
2kfyCVwpNexatN2NckQ34y,37,37.0,37,37,1,218882,218882.0,218882,218882,1
5zUQZjVB6bfewBXWqsP9PY,77,77.0,77,77,1,12275134,1.2275134E7,12275134,12275134,1
3vtFowc9zcQfvqsLAZ9Cx2,65,65.0,65,65,1,940315,940315.0,940315,940315,1
6jZKQCKbwjBtKdE7uJRRCK,43,43.0,43,43,1,21591569,2.1591569E7,21591569,21591569,1
0vKJpOfVh4Y3wFbZ9QtPKa,51,51.0,51,51,1,9661696,9661696.0,9661696,9661696,1
5yVIlYEHZxQVLyInCdldoS,81,81.0,81,81,1,20852039,2.0852039E7,20852039,20852039,1
0RCsGhR44nFVAd5WiZZcGq,45,45.0,45,45,1,38400585,3.8400585E7,38400585,38400585,1
7Kt59L2ZZGtOnIhvMwzG6f,53,53.0,53,53,1,68997177,6.8997177E7,68997177,68997177,1
2z4U9d5OAA4YLNXoCgioxo,75,75.0,75,75,1,12004691,1.2004691E7,12004691,12004691,1
3HNTLCpAGnizbyJmk7466r,71,71.0,71,71,1,7222118,7222118.0,7222118,7222118,1
0XXyGdcVEHZ6CnmAlNsqKl,57,57.0,57,57,1,351324,351324.0,351324,351324,1
4wzjNqjKAKDU82e8uMhzmr,76,76.0,76,76,1,1532727,1532727.0,1532727,1532727,1
4PmMVdIFpJTB9WQbmILf4p,75,75.0,75,75,1,5199985,5199985.0,5199985,5199985,1
0uqPG793dkDDN7sCUJJIVC,2,2.0,2,2,1,9559647,9559647.0,9559647,9559647,1
12JS8jXv0pcLAke3nIyejB,64,64.0,64,64,1,432768,432768.0,432768,432768,1
6wi4GsP24EbQK8xrFl9tqI,31,31.0,31,31,1,297,297.0,297,297,1
7sgx2p6KPYPia5fowJNZzO,31,31.0,31,31,1,435,435.0,435,435,1
008IUIsNQSU2VURuEnhGgj,36,36.0,36,36,1,1413,1413.0,1413,1413,1
7vRwlf6LeT5KVgXFeTS80d,49,49.0,49,49,1,8802,8802.0,8802,8802,1
4ie1EYJid4loKAAdoBgj8H,14,14.0,14,14,1,24,24.0,24,24,1
3U3hFkMr0Q90pD24EkE3Pr,78,78.0,78,78,1,33055350,3.305535E7,33055350,33055350,1
1odExI7RdWc4BT515LTAwj,17,17.0,17,17,1,2768544,2768544.0,2768544,2768544,1
7FbrGaHYVDmfr7KoLIZnQ7,6,6.0,6,6,1,1989684,1989684.0,1989684,1989684,1
6ufcuVInt0ocHrUimDjGlb,60,60.0,60,60,1,41172203,4.1172203E7,41172203,41172203,1
4y3g40TWe7fCWCayJZuGvw,66,66.0,66,66,1,8493078,8493078.0,8493078,8493078,1
0lx2cLdOt3piJbcaXIV74f,73,73.0,73,73,1,145489371,1.45489371E8,145489371,145489371,1
76Z5C4wzPKRAvAnEiEsxhC,50,50.0,50,50,1,105439,105439.0,105439,105439,1
0G2xfxc8pWcHJ5tUVALSrq,43,43.0,43,43,1,4972305,4972305.0,4972305,4972305,1
60ynsPSSKe6O3sfwRnIBRf,83,83.0,83,83,1,34742256,3.4742256E7,34742256,34742256,1
2OUGbfawPpASGZ9PMmOyaN,24,24.0,24,24,1,644838,644838.0,644838,644838,1
57SyANdHRgpxdOiRxt2RU0,27,27.0,27,27,1,149030,149030.0,149030,149030,1
4weECAXdoKkMHYsEVKWGQX,25,25.0,25,25,1,84908,84908.0,84908,84908,1
6ZRuF2n1CQxyxxAAWsKJOy,75,75.0,75,75,1,8661889,8661889.0,8661889,8661889,1
4kZoZfj7IBg8eo1JZ2vsGO,58,58.0,58,58,1,81181104,8.1181104E7,81181104,81181104,1
424qpX6swdUdhLq95cecNu,58,58.0,58,58,1,15021860,1.502186E7,15021860,15021860,1
1P17dC1amhFzptugyAO7Il,78,78.0,78,78,1,145443567,1.45443567E8,145443567,145443567,1
6YwBgKFHrIdo49ED7dEnIq,0,0.0,0,0,1,719809,719809.0,719809,719809,1
22TntnVO3lQNDR5nsvxGRs,65,65.0,65,65,1,418614,418614.0,418614,418614,1
6pVVLXvKIzcOBj7uvoqU9g,0,0.0,0,0,1,15689879,1.5689879E7,15689879,15689879,1
6kbCH9kQoNzaEt1R1rizpR,45,45.0,45,45,1,644923,644923.0,644923,644923,1
5PaViyJwv0XJbCcrnBNuAt,55,55.0,55,55,1,967413,967413.0,967413,967413,1
5Ma3BlNVDtn3JiwMEafSaq,59,59.0,59,59,1,21591569,2.1591569E7,21591569,21591569,1
03j354P848KtNU2FVSwkDG,58,58.0,58,58,1,112995439,1.12995439E8,112995439,112995439,1
6dBUzqjtbnIa1TwYbyw5CM,86,86.0,86,86,1,12569270,1.256927E7,12569270,12569270,1
60nZcImufyMA1MKQY3dcCH,79,79.0,79,79,1,5315301,5315301.0,5315301,5315301,1
1HFfMOxCAT4GAwaPfCdmUs,78,78.0,78,78,1,354987,354987.0,354987,354987,1
1yjY7rpaAQvKwpdUliHx0d,82,82.0,82,82,1,9792848,9792848.0,9792848,9792848,1
0xMd5bcWTbyXS7wPrBtZA6,57,57.0,57,57,1,13209377,1.3209377E7,13209377,13209377,1
1FaHPLv48VjsTkPCQOH7bv,61,61.0,61,61,1,51773650,5.177365E7,51773650,51773650,1
0iyEaciAmtiv8xMkBg97Fy,0,0.0,0,0,1,45771951,4.5771951E7,45771951,45771951,1
2V7NoXGv2VDnLeTM7w8SFd,53,53.0,53,53,1,104517308,1.04517308E8,104517308,104517308,1
6DkXLzBQT7cwXmTyzAB1DJ,76,76.0,76,76,1,68997177,6.8997177E7,68997177,68997177,1
16GHcGtW9Io7AuVdNmTjv3,2,2.0,2,2,1,5129280,5129280.0,5129280,5129280,1
1PS1QMdUqOal0ai3Gt7sDQ,79,79.0,79,79,1,31045858,3.1045858E7,31045858,31045858,1
2iXdwVdzA0KrI2Q0iZNJbX,74,74.0,74,74,1,4044367,4044367.0,4044367,4044367,1
4YjjNHtEsTX6Af4mCTupT5,70,70.0,70,70,1,3672255,3672255.0,3672255,3672255,1
5EYdTPdJD74r9EVZBztqGG,74,74.0,74,74,1,1114997,1114997.0,1114997,1114997,1
50I6fV2otuiDmigTtN6WMY,0,0.0,0,0,1,2067349,2067349.0,2067349,2067349,1
15Yf1X50ytOyInEx5v75Mt,23,23.0,23,23,1,23398010,2.339801E7,23398010,23398010,1
27gTZndlhNtCk3dHumjo1R,36,36.0,36,36,1,23391272,2.3391272E7,23391272,23391272,1
2S8xyNRJX1XQdo3qnTuovI,58,58.0,58,58,1,30714318,3.0714318E7,30714318,30714318,1
4ccpCcZYseq8VrPMK1EDs0,2,2.0,2,2,1,7218,7218.0,7218,7218,1
3F4ZeO619wlwPqgxTOSK2S,17,17.0,17,17,1,276,276.0,276,276,1
6A331YYR5zoG6XixuHX7yE,61,61.0,61,61,1,42256604,4.2256604E7,42256604,42256604,1
0je57Uq5eTk1wrPzn9sWbl,91,91.0,91,91,1,26538275,2.6538275E7,26538275,26538275,1
3t6vhRYuIpX4zlHCTC2h1d,71,71.0,71,71,1,2789144,2789144.0,2789144,2789144,1
4wyVH6ARfIC1FSvbk1WB5S,1,1.0,1,1,1,9575,9575.0,9575,9575,1
70zZhEDOfVzrFC1Ubqe5sR,50,50.0,50,50,1,18834,18834.0,18834,18834,1
3pR7ZToCrzeNkfEf6n2rVR,62,62.0,62,62,1,10888670,1.088867E7,10888670,10888670,1
0PFZCt7UNmpas24HejQGu8,62,62.0,62,62,1,6318755,6318755.0,6318755,6318755,1
6MZqPtmhyVsE7AcNxi2IUC,58,58.0,58,58,1,284828,284828.0,284828,284828,1
0Nfh4u0J4bajcyp5pzaWCx,56,56.0,56,56,1,26561582,2.6561582E7,26561582,26561582,1
0MVflYwPIchxoyb2WCaRyF,19,19.0,19,19,1,55780,55780.0,55780,55780,1
27ZZdyTSQWI7Cug2d2PkqV,65,65.0,65,65,1,620939,620939.0,620939,620939,1
7MAibcTli4IisCtbHKrGMh,3,3.0,3,3,1,75492598,7.5492598E7,75492598,75492598,1
29TPjc8wxfz4XMn21O7VsZ,79,79.0,79,79,1,15026799,1.5026799E7,15026799,15026799,1
3sPz0HlbbJsiTL1jrrrxGT,41,41.0,41,41,1,52337,52337.0,52337,52337,1
1AVtceapuF36oZqI9gzp0o,52,52.0,52,52,1,46886554,4.6886554E7,46886554,46886554,1
02IzyNFIbOqr7HruSSPXuI,41,41.0,41,41,1,2177447,2177447.0,2177447,2177447,1
22LAwLoDA5b4AaGSkg6bKW,70,70.0,70,70,1,5982826,5982826.0,5982826,5982826,1
7HMmFQsKsljwTw8bS7lu19,58,58.0,58,58,1,53267200,5.32672E7,53267200,53267200,1
166Dyvfibu4SOygA4vub85,54,54.0,54,54,1,2572589,2572589.0,2572589,2572589,1
6wmAHw1szh5RCKSRjiXhPe,77,77.0,77,77,1,25310805,2.5310805E7,25310805,25310805,1
1vBeIXlzbAieGoDqInav5j,53,53.0,53,53,1,25953771,2.5953771E7,25953771,25953771,1
2o2IVjuqRkR9hJxtPjtAP0,36,36.0,36,36,1,145396321,1.45396321E8,145396321,145396321,1
5f8z7Cp7CY9T54Cnq1YVlh,54,54.0,54,54,1,644923,644923.0,644923,644923,1
6PJ8FF6UR8FZXfEvpHkIVN,62,62.0,62,62,1,122802777,1.22802777E8,122802777,122802777,1
2CxmktXqJwP9KZv6WJtZCm,53,53.0,53,53,1,5273501,5273501.0,5273501,5273501,1
5e08a8D8T3z4LDXbUIjxKQ,61,61.0,61,61,1,2981133,2981133.0,2981133,2981133,1
0NpZenGEA81m99MX1Q677C,65,65.0,65,65,1,85008100,8.50081E7,85008100,85008100,1
5SpWTzTFzy2UiZWaEWCHWn,38,38.0,38,38,1,104517308,1.04517308E8,104517308,104517308,1
7KsJrA7gJkq9EEHYPdTYcl,36,36.0,36,36,1,104559284,1.04559284E8,104559284,104559284,1
6ToFxXRBtl5TJFEyIoYK3f,63,63.0,63,63,1,15823760,1.582376E7,15823760,15823760,1
6WuZeRJ8RWPdNgtqLNqn4F,51,51.0,51,51,1,409620,409620.0,409620,409620,1
7clEXtT4uQj4ZUK89eR5Dr,37,37.0,37,37,1,640612,640612.0,640612,640612,1
4q75XguyPrsduy70hcBVFu,55,55.0,55,55,1,112995439,1.12995439E8,112995439,112995439,1
36LdTnEWBDLDDA3hEsSLvi,52,52.0,52,52,1,112957721,1.12957721E8,112957721,112957721,1
15pu8u4n3q4BKl4tF20c5v,0,0.0,0,0,1,42275793,4.2275793E7,42275793,42275793,1
2VOomzT6VavJOGBeySqaMc,81,81.0,81,81,1,68997177,6.8997177E7,68997177,68997177,1
4C82Okz7DdWpJaAGzbmCk4,0,0.0,0,0,1,4777574,4777574.0,4777574,4777574,1
2EZWdLnLPwL97JcfNlBoM1,48,48.0,48,48,1,3012654,3012654.0,3012654,3012654,1
5vZEMOAaqRnjYElKMec6k9,28,28.0,28,28,1,3751254,3751254.0,3751254,3751254,1
0hDQV9X1Da5JrwhK8gu86p,68,68.0,68,68,1,1475085,1475085.0,1475085,1475085,1
3Y4m9Td603gbfMB86UNafs,54,54.0,54,54,1,8465150,8465150.0,8465150,8465150,1
1HNE2PX70ztbEl6MLxrpNL,75,75.0,75,75,1,4328676,4328676.0,4328676,4328676,1
2QhURnm7mQDxBb5jWkbDug,70,70.0,70,70,1,60818952,6.0818952E7,60818952,60818952,1
6DLJQz0hav4l4VfEjJze5T,53,53.0,53,53,1,1800497,1800497.0,1800497,1800497,1
3w5Ekq9O8g0gGFEsT77Ydi,61,61.0,61,61,1,23384088,2.3384088E7,23384088,23384088,1
5E2y5TSb2RJNCO01QjkgLf,75,75.0,75,75,1,13402920,1.340292E7,13402920,13402920,1
4R8nC9Xq3alkz4piaQd34S,33,33.0,33,33,1,4873,4873.0,4873,4873,1
0TFTAtCYhp2tQ9KcJIZb55,88,88.0,88,88,1,2795852,2795852.0,2795852,2795852,1
05od2qm2MTSKCHxy1GBp5W,89,89.0,89,89,1,2795852,2795852.0,2795852,2795852,1
3gJAFFELdZyIM8tiwLAikg,75,75.0,75,75,1,12320084,1.2320084E7,12320084,12320084,1
6n6GfXu4i22rdsmRKe2eIn,66,66.0,66,66,1,112957721,1.12957721E8,112957721,112957721,1
29iBq2XErmuCwpsCXb7la3,9,9.0,9,9,1,38969,38969.0,38969,38969,1
3TPKsQTu9jZyzQJiax5rLA,60,60.0,60,60,1,1366758,1366758.0,1366758,1366758,1
0i1LliXxuipWRboFGpS2gG,49,49.0,49,49,1,10890822,1.0890822E7,10890822,10890822,1
1OQxJiHrr5HAmTaqAhn39c,56,56.0,56,56,1,3770138,3770138.0,3770138,3770138,1
0VDoLoZAfiIwjRbXQRB9Z9,33,33.0,33,33,1,10928,10928.0,10928,10928,1
3hlGuz3loYoLfI3bpwieWq,70,70.0,70,70,1,145489371,1.45489371E8,145489371,145489371,1
7K3BhSpAxZBznislvUMVtn,35,35.0,35,35,1,13999205,1.3999205E7,13999205,13999205,1
5Ui4Uo6k3Dqwczb3bnNACT,20,20.0,20,20,1,14688,14688.0,14688,14688,1
0Hnm7mnmqOLCIgvbMpM4Ev,82,82.0,82,82,1,7688970,7688970.0,7688970,7688970,1
2SLwbpExuoBDZBpjfefCtV,76,76.0,76,76,1,112995439,1.12995439E8,112995439,112995439,1
4o8w2detJfT45mdxIJ6hVb,1,1.0,1,1,1,209803,209803.0,209803,209803,1
4qu63nuBpdn0qHUHuObEj1,80,80.0,80,80,1,34478237,3.4478237E7,34478237,34478237,1
2a2X0YHfFZtH3CuuNJy1JF,56,56.0,56,56,1,907633,907633.0,907633,907633,1
7hxHWCCAIIxFLCzvDgnQHX,2,2.0,2,2,1,1035863,1035863.0,1035863,1035863,1
2SAqBLGA283SUiwJ3xOUVI,75,75.0,75,75,1,103094105,1.03094105E8,103094105,103094105,1
0dj8C2Ts0KMqZzzHWmJ400,17,17.0,17,17,1,1304494,1304494.0,1304494,1304494,1
6N22FZs2ZhPBYi3b9XPajV,72,72.0,72,72,1,3634221,3634221.0,3634221,3634221,1
3hwQhakFwm9soLEBnSDH17,64,64.0,64,64,1,51773650,5.177365E7,51773650,51773650,1
2Rk4JlNc2TPmZe2af99d45,72,72.0,72,72,1,145396321,1.45396321E8,145396321,145396321,1
6KgBpzTuTRPebChN0VTyzV,68,68.0,68,68,1,5739313,5739313.0,5739313,5739313,1
4hCZk6WJBFQeG3P7WsyntI,28,28.0,28,28,1,145489371,1.45489371E8,145489371,145489371,1
5giCoaf8Yuk9DsJtdijEGX,55,55.0,55,55,1,287277,287277.0,287277,287277,1
0X2bh8NVQ8svDQIn2AdCbW,77,77.0,77,77,1,10465301,1.0465301E7,10465301,10465301,1
3X0g8PDPWY3rB2KrpKjWA1,0,0.0,0,0,1,58190,58190.0,58190,58190,1
0g5EKLgdKvNlln7TNqBByK,77,77.0,77,77,1,9277034,9277034.0,9277034,9277034,1
1mhVXWduD8ReDwusfaHNwU,66,66.0,66,66,1,112995439,1.12995439E8,112995439,112995439,1
72FNf7DAlWLmuHiLTBcNHY,64,64.0,64,64,1,4106365,4106365.0,4106365,4106365,1
2snxFPvT7T8YxQUKOePG2U,58,58.0,58,58,1,939535,939535.0,939535,939535,1
6y6jbcPG4Yn3Du4moXaenr,73,73.0,73,73,1,5067759,5067759.0,5067759,5067759,1
2iuZJX9X9P0GKaE93xcPjk,80,80.0,80,80,1,45764832,4.5764832E7,45764832,45764832,1
1q9bLSeIlGf2xBvbOkp2Wr,63,63.0,63,63,1,10371098,1.0371098E7,10371098,10371098,1
0mvkwaZMP2gAy2ApQLtZRv,64,64.0,64,64,1,6893994,6893994.0,6893994,6893994,1
5Sqfw0uCMrc2Xam8hXfMMj,45,45.0,45,45,1,5158411,5158411.0,5158411,5158411,1
5uHYcK0nbEYgRaFTY5BqnP,64,64.0,64,64,1,2266913,2266913.0,2266913,2266913,1
2zJZwWF7BTGIIvrAlgzJEx,58,58.0,58,58,1,12460618,1.2460618E7,12460618,12460618,1
3E5XrOtqMAs7p2wKhwgOjf,1,1.0,1,1,1,42275793,4.2275793E7,42275793,42275793,1
3FtYbEfBqAlGO46NUDQSAt,77,77.0,77,77,1,3572246,3572246.0,3572246,3572246,1
0BxE4FqsDD1Ot4YuBXwAPp,86,86.0,86,86,1,32059138,3.2059138E7,32059138,32059138,1
0jY829pCMnstlNtaE72vSB,67,67.0,67,67,1,7646449,7646449.0,7646449,7646449,1
5FZxsHWIvUsmSK1IAvm2pp,74,74.0,74,74,1,12955017,1.2955017E7,12955017,12955017,1
0NkMVd3YtZXN5hsuSZUefO,46,46.0,46,46,1,17766757,1.7766757E7,17766757,17766757,1
5J5faaPlU22Wl3X0sXPWfy,37,37.0,37,37,1,4968982,4968982.0,4968982,4968982,1
1mr1MGVtCgwp4WssFw1pgp,39,39.0,39,39,1,4968982,4968982.0,4968982,4968982,1
2Wmm4aEFUISjdmVuy7VGL0,56,56.0,56,56,1,3857056,3857056.0,3857056,3857056,1
42KRaNuYtMI8d0WSc48Cdp,29,29.0,29,29,1,23384088,2.3384088E7,23384088,23384088,1
7lUE02KHkZM44BZgjCaWRO,68,68.0,68,68,1,1031892,1031892.0,1031892,1031892,1
3SdTKo2uVsxFblQjpScoHy,77,77.0,77,77,1,711539,711539.0,711539,711539,1
6hjbNbbRdTCIW9qcZ8OA7t,33,33.0,33,33,1,7785,7785.0,7785,7785,1
5P9nLjjpKczdnhypJa5teO,47,47.0,47,47,1,146969,146969.0,146969,146969,1
0UD2KrDv5s5iPYNaQyRAan,68,68.0,68,68,1,9249502,9249502.0,9249502,9249502,1
6jlG8gBPNAgBgoivw2Ig09,72,72.0,72,72,1,938200,938200.0,938200,938200,1
5h68SoVFGleijCtjEja3xG,75,75.0,75,75,1,6318755,6318755.0,6318755,6318755,1
5KtvumPgVZmt8wg9xONE0T,68,68.0,68,68,1,7299563,7299563.0,7299563,7299563,1
6zbFdd9rFfZjWrvj4tiJa3,30,30.0,30,30,1,26275803,2.6275803E7,26275803,26275803,1
4EoYnF033J1LJiAnHp6V1f,28,28.0,28,28,1,10450,10450.0,10450,10450,1
58rSMgjsjINUMUzHCyPYts,54,54.0,54,54,1,26095,26095.0,26095,26095,1
2HolBGR6tpiWI80MXoV1dJ,54,54.0,54,54,1,34735147,3.4735147E7,34735147,34735147,1
3k0YJnqMKRZb8swo86vCkq,65,65.0,65,65,1,5643375,5643375.0,5643375,5643375,1
4Am4agzcSdFnKLSEB56ODY,0,0.0,0,0,1,15702014,1.5702014E7,15702014,15702014,1
7dHauLZ1m08BKQ2NHXo9mq,19,19.0,19,19,1,35139,35139.0,35139,35139,1
222B3aljXx6fFwKmFjuBED,63,63.0,63,63,1,12326751,1.2326751E7,12326751,12326751,1
1sCxVKWImDZSZKvG0U9B23,0,0.0,0,0,1,53260584,5.3260584E7,53260584,53260584,1
31tf1qEai5o5f4r66Kd0pU,1,1.0,1,1,1,14559779,1.4559779E7,14559779,14559779,1
3suCGJP93QDQftVzFdG3oj,34,34.0,34,34,1,841,841.0,841,841,1
5XMkENs3GfeRza8MfVAhjK,74,74.0,74,74,1,75455093,7.5455093E7,75455093,75455093,1
7M9t7BCy51ITF8IMyiemzk,51,51.0,51,51,1,45700057,4.5700057E7,45700057,45700057,1
0v2pLTGuWGYaDr3bHyHOnV,43,43.0,43,43,1,2918794,2918794.0,2918794,2918794,1
2jQiSYrwJehQAcuaaQrXnS,4,4.0,4,4,1,10465301,1.0465301E7,10465301,10465301,1
6p5abLu89ZSSpRQnbK9Wqs,51,51.0,51,51,1,3280085,3280085.0,3280085,3280085,1
5BrTUo0xP1wKXLJWUaGFtk,79,79.0,79,79,1,28327351,2.8327351E7,28327351,28327351,1
2Kt1XplPBQBsDKQDa6TssB,68,68.0,68,68,1,21598900,2.15989E7,21598900,21598900,1
1HD8mFfpSGLJnwv6UTLaIv,53,53.0,53,53,1,7649250,7649250.0,7649250,7649250,1
5AAXvrvpClghVZIvk5wPqf,53,53.0,53,53,1,44133,44133.0,44133,44133,1
0z39fA2fntDAEcNzo2Ybg1,47,47.0,47,47,1,373287,373287.0,373287,373287,1
1gfg5iC8jzQGs8VYlmf07d,45,45.0,45,45,1,1156467,1156467.0,1156467,1156467,1
75JFxkI2RXiU7L9VXzMkle,88,88.0,88,88,1,60804949,6.0804949E7,60804949,60804949,1
6Db8IlZ7YY1pfIjJllejyH,64,64.0,64,64,1,104584370,1.0458437E8,104584370,104584370,1
75IN3CtuZwTHTnZvYM4qnJ,72,72.0,72,72,1,104539036,1.04539036E8,104539036,104539036,1
7hQJA50XrCWABAu5v6QZ4i,74,74.0,74,74,1,55195235,5.5195235E7,55195235,55195235,1
74rAe9FYlLdB1U6HONcHg9,10,10.0,10,10,1,2177,2177.0,2177,2177,1
5Xnkr4b6swk6BA5IinCIlU,73,73.0,73,73,1,34481381,3.4481381E7,34481381,34481381,1
4ZZJ7S4Z1pEIvTUgN1oRzS,65,65.0,65,65,1,85008100,8.50081E7,85008100,85008100,1
1CPZ5BxNNd0n0nF4Orb9JS,99,99.0,99,99,1,3551538,3551538.0,3551538,3551538,1
6hQ9Z0D5IEvL5rVb4c2Oov,64,64.0,64,64,1,9241516,9241516.0,9241516,9241516,1
0pBLDWK554CvL2KZJsOeN1,59,59.0,59,59,1,135959,135959.0,135959,135959,1
1UlhrRvYzbHEyugEDspXUB,57,57.0,57,57,1,145489371,1.45489371E8,145489371,145489371,1
28xOPIPw0joNPwYd0asIT5,65,65.0,65,65,1,22688560,2.268856E7,22688560,22688560,1
5UnOUBYJPqZ9H6m16LK9S4,48,48.0,48,48,1,15689879,1.5689879E7,15689879,15689879,1
41qam5MCYe9vBnSmX3FeOH,33,33.0,33,33,1,26272346,2.6272346E7,26272346,26272346,1
3OHfY25tqY28d16oZczHc8,77,77.0,77,77,1,33055350,3.305535E7,33055350,33055350,1
7Dekq6iKoxruKtRadG2Vvg,31,31.0,31,31,1,15028,15028.0,15028,15028,1
0sTlGEld0h8kIPZaKDYUf4,83,83.0,83,83,1,688597,688597.0,688597,688597,1
3Kkjo3cT83cw09VJyrLNwX,72,72.0,72,72,1,66720643,6.6720643E7,66720643,66720643,1
2LQGoKFKkZ9yk3UeYFj2xo,56,56.0,56,56,1,51798111,5.1798111E7,51798111,51798111,1
6AqOQs7guYFyHrZH9Dc6vT,0,0.0,0,0,1,2147,2147.0,2147,2147,1
0CDUUxU4MSg53nUbZF1ZRA,41,41.0,41,41,1,22396044,2.2396044E7,22396044,22396044,1
2RcMeNWqc5AUKCrlzMVYcf,43,43.0,43,43,1,344334,344334.0,344334,344334,1
0Xek5rqai2jcOWCYWJfVCF,64,64.0,64,64,1,47716988,4.7716988E7,47716988,47716988,1
6RRNNciQGZEXnqk8SQ9yv5,75,75.0,75,75,1,145396321,1.45396321E8,145396321,145396321,1
4cNpO3kF8rqcH8G3huFCJp,75,75.0,75,75,1,4307803,4307803.0,4307803,4307803,1
4eP8Syl3aBEQw3Jy5Bhq0D,59,59.0,59,59,1,81189603,8.1189603E7,81189603,81189603,1
5N5k9nd479b1xpDZ4usjrg,70,70.0,70,70,1,23079295,2.3079295E7,23079295,23079295,1
25sgk305KZfyuqVBQIahim,6,6.0,6,6,1,7753423,7753423.0,7753423,7753423,1
3L4GsGLgxpHieVQH86H8bv,61,61.0,61,61,1,34297934,3.4297934E7,34297934,34297934,1
5cF0dROlMOK5uNZtivgu50,87,87.0,87,87,1,25301942,2.5301942E7,25301942,25301942,1
5ln5yQdUywVbf8HhFsOcd6,1,1.0,1,1,1,22394475,2.2394475E7,22394475,22394475,1
4mU5iXHeLgbR94siF7p1sY,66,66.0,66,66,1,112995439,1.12995439E8,112995439,112995439,1
1JblvWxcwHXMLth0c6ssFy,56,56.0,56,56,1,1176765,1176765.0,1176765,1176765,1
1QGiDkpRQGqvBdDOnbDimF,45,45.0,45,45,1,107389514,1.07389514E8,107389514,107389514,1
5hwh37sTi84MVhCBMWzhGE,62,62.0,62,62,1,4465726,4465726.0,4465726,4465726,1
0514vhH4KBZmNHHVZWfmXD,47,47.0,47,47,1,50328,50328.0,50328,50328,1
12B0Twa9kRz45Xw2PgXHJm,56,56.0,56,56,1,122773292,1.22773292E8,122773292,122773292,1
6FE2iI43OZnszFLuLtvvmg,79,79.0,79,79,1,1101988,1101988.0,1101988,1101988,1
2i0AUcEnsDm3dsqLrFWUCq,67,67.0,67,67,1,558316,558316.0,558316,558316,1
4lLmG1fatRUgnRz0Ol0WUi,1,1.0,1,1,1,10380063,1.0380063E7,10380063,10380063,1
0ANExk8Iu85oqCgk82rG64,51,51.0,51,51,1,104517308,1.04517308E8,104517308,104517308,1
6HLZaECJKDjNE0jiGBeqxz,53,53.0,53,53,1,104559284,1.04559284E8,104559284,104559284,1
7gKIt3rDGIMJDFVSPBnGmj,1,1.0,1,1,1,34293318,3.4293318E7,34293318,34293318,1
6PwjJ58I4t7Mae9xfZ9l9v,82,82.0,82,82,1,8006321,8006321.0,8006321,8006321,1
5GWCndQ8ykzf6rYRvwrFcj,59,59.0,59,59,1,124272,124272.0,124272,124272,1
1rq8oj4pctDQiYTjmzl852,36,36.0,36,36,1,181,181.0,181,181,1
4SRShYMtFIGgnOU7iBicMH,88,88.0,88,88,1,26538275,2.6538275E7,26538275,26538275,1
6vZQyctr2qT2KI0FGxlq3o,18,18.0,18,18,1,810,810.0,810,810,1
1F9gNK8fNb4QPGLkYm8BLK,38,38.0,38,38,1,671,671.0,671,671,1
5D7KsExiQPQAjWh2ZB3g0Z,54,54.0,54,54,1,68465,68465.0,68465,68465,1
7srqyRb5plksW5k65itXDB,78,78.0,78,78,1,6315216,6315216.0,6315216,6315216,1
2RkZ5LkEzeHGRsmDqKwmaJ,91,91.0,91,91,1,2890457,2890457.0,2890457,2890457,1
3KriVQLsHVN0AjJM9ntHrN,41,41.0,41,41,1,4170,4170.0,4170,4170,1
0Wz5dUk7mkYv57W81E5T7u,47,47.0,47,47,1,21360805,2.1360805E7,21360805,21360805,1
4q5YezDOIPcoLr8R81x9qy,80,80.0,80,80,1,145396321,1.45396321E8,145396321,145396321,1
0WbMK4wrZ1wFSty9F7FCgu,89,89.0,89,89,1,7305071,7305071.0,7305071,7305071,1
0oWN1xuaWUrx8QGiYqxAs9,62,62.0,62,62,1,1844627,1844627.0,1844627,1844627,1
6VI6E1vrU2mdSpApp1ufC8,47,47.0,47,47,1,18840,18840.0,18840,18840,1
1C7lXfx4Y5maVl4AgUVlHA,70,70.0,70,70,1,102500980,1.0250098E8,102500980,102500980,1
6rjuKpPydT2SxN15TZpV7r,78,78.0,78,78,1,10166733,1.0166733E7,10166733,10166733,1
1nSfvLVhsozMHS7rCF1BTi,57,57.0,57,57,1,26564677,2.6564677E7,26564677,26564677,1
6OfOzTitafSnsaunQLuNFw,67,67.0,67,67,1,24440038,2.4440038E7,24440038,24440038,1
0U1W2LZVUX7qTm7dDpqxh6,67,67.0,67,67,1,45706269,4.5706269E7,45706269,45706269,1
3YUMWmx8EJq0DurfuIwoGh,69,69.0,69,69,1,118728633,1.18728633E8,118728633,118728633,1
5jhBwnqzNNrENXnYrAdoCe,68,68.0,68,68,1,118728633,1.18728633E8,118728633,118728633,1
7HC7R2D8WjXVcUHJyEGjRs,59,59.0,59,59,1,145396321,1.45396321E8,145396321,145396321,1
0KRYCBwIpWYFNrXOmXbyUh,68,68.0,68,68,1,145396321,1.45396321E8,145396321,145396321,1
6CltzquypraYIlWFp48m1O,70,70.0,70,70,1,1204977,1204977.0,1204977,1204977,1
6FcNLunvzsHCVVf4TGYULM,59,59.0,59,59,1,22220366,2.2220366E7,22220366,22220366,1
2ngmiq1KoYn3x25VOmvd8F,68,68.0,68,68,1,81189603,8.1189603E7,81189603,81189603,1
4MXhiYIRDMGAuvZc5IFTwC,77,77.0,77,77,1,41107596,4.1107596E7,41107596,41107596,1
4c2xt1trwYZpMqPWY35Xi9,72,72.0,72,72,1,103094105,1.03094105E8,103094105,103094105,1
6LOZws7T3jqZz78unPgFF9,74,74.0,74,74,1,9469943,9469943.0,9469943,9469943,1
6oVxXO5oQ4pTpO8RSnkzvv,83,83.0,83,83,1,145443567,1.45443567E8,145443567,145443567,1
6ebnvzZVSCVgTsRtByaTAu,47,47.0,47,47,1,52474,52474.0,52474,52474,1
26v9JCpboF8C3kZzcm23K2,26,26.0,26,26,1,9582,9582.0,9582,9582,1
3a1lNhkSLSkpJE4MSHpDu9,79,79.0,79,79,1,47722935,4.7722935E7,47722935,47722935,1
0lnIJmgcUpEpe4AZACjayW,64,64.0,64,64,1,41172203,4.1172203E7,41172203,41172203,1
7uJH0YdSZL6psjxI6Xy08b,73,73.0,73,73,1,113039308,1.13039308E8,113039308,113039308,1
0iFj8QYWDgUdbCc0ON0o7M,0,0.0,0,0,1,38848,38848.0,38848,38848,1
0Y1MWB026LYxGvhq4EcMiC,64,64.0,64,64,1,6315216,6315216.0,6315216,6315216,1
6YUTL4dYpB9xZO5qExPf05,82,82.0,82,82,1,23078931,2.3078931E7,23078931,23078931,1
3mbaod7ARSaS3fr5mOMkk1,50,50.0,50,50,1,107374593,1.07374593E8,107374593,107374593,1
2PcxmoJ9NEJK7BmwXxMoe2,26,26.0,26,26,1,104517308,1.04517308E8,104517308,104517308,1
2Soe1RJ5PkSPvcba4NbFnK,0,0.0,0,0,1,1605379,1605379.0,1605379,1605379,1
1Fcf9lUZJ6n18aYCFzykLh,21,21.0,21,21,1,21591569,2.1591569E7,21591569,21591569,1
4BycRneKmOs6MhYG9THsuX,66,66.0,66,66,1,103067383,1.03067383E8,103067383,103067383,1
1FL7eUG80aeUeyMO2N4btN,57,57.0,57,57,1,430274,430274.0,430274,430274,1
3G0yz3DZn3lfraledmBCT0,78,78.0,78,78,1,18860205,1.8860205E7,18860205,18860205,1
5rAxhWcgFng3s570sGO2F8,75,75.0,75,75,1,31796892,3.1796892E7,31796892,31796892,1
6leiB1fEsTnVCuPiielde5,71,71.0,71,71,1,5042529,5042529.0,5042529,5042529,1
4iLX3F91uvQLjW6JPEwStH,40,40.0,40,40,1,4971141,4971141.0,4971141,4971141,1
1fXvxcQdz9OEe5IeNHQh72,53,53.0,53,53,1,13973668,1.3973668E7,13973668,13973668,1
6NfrH0ANGmgBXyxgV2PeXt,71,71.0,71,71,1,102571645,1.02571645E8,102571645,102571645,1
6I65Y2uL3LrvFuBS5LNVZa,30,30.0,30,30,1,5,5.0,5,5,1
0BkksDntUg0lunbHeuWaWh,48,48.0,48,48,1,7240,7240.0,7240,7240,1
6eLQXa6uk2EW8drsiKbABZ,87,87.0,87,87,1,19797218,1.9797218E7,19797218,19797218,1
18dlAFKaajLjRgBNZZ4ThU,65,65.0,65,65,1,1261419,1261419.0,1261419,1261419,1
6pD0ufEQq0xdHSsRbg9LBK,75,75.0,75,75,1,7470903,7470903.0,7470903,7470903,1
74loibzxXRL875X20kenvk,58,58.0,58,58,1,10907844,1.0907844E7,10907844,10907844,1
3tS55qdfVFF7VkQTyWunnG,57,57.0,57,57,1,557085,557085.0,557085,557085,1
5odlY52u43F5BjByhxg7wg,79,79.0,79,79,1,5809992,5809992.0,5809992,5809992,1
5EpkyTNrxvsueT6z41bINu,0,0.0,0,0,1,599,599.0,599,599,1
11M8c9SHQYpd8DOrmcu25k,54,54.0,54,54,1,6315216,6315216.0,6315216,6315216,1
4RVwu0g32PAqgUiJoXsdF8,84,84.0,84,84,1,118728633,1.18728633E8,118728633,118728633,1
7vIDhgD7WWTMpvgJebImoN,70,70.0,70,70,1,1176430,1176430.0,1176430,1176430,1
03rcC8SVxCa9UdY5qgkITe,60,60.0,60,60,1,15021860,1.502186E7,15021860,15021860,1
4VBR3KptORIDW9dRAeLpCn,0,0.0,0,0,1,2185005,2185005.0,2185005,2185005,1
0So2sgVa8aJiARPl2P29u2,68,68.0,68,68,1,615432,615432.0,615432,615432,1
0bmm9xZUJQDR1tBhWtIXVM,65,65.0,65,65,1,12274759,1.2274759E7,12274759,12274759,1
1RidHM9BC4M8DpfSQ6YLJh,64,64.0,64,64,1,3186602,3186602.0,3186602,3186602,1
5J4ZkQpzMUFojo1CtAZYpn,83,83.0,83,83,1,107374593,1.07374593E8,107374593,107374593,1
1gugDOSMREb34Xo0c1PlxM,69,69.0,69,69,1,10246566,1.0246566E7,10246566,10246566,1
4esOae7i4rqTbAu9o5Pxco,76,76.0,76,76,1,12898539,1.2898539E7,12898539,12898539,1
7aB8Pml23Rc0RFsTU3IQpe,11,11.0,11,11,1,2246231,2246231.0,2246231,2246231,1
0AUWZaBnDPZ2CVMB2fgoiO,33,33.0,33,33,1,387,387.0,387,387,1
0oijeKyTNCqJTygDDQMIjg,36,36.0,36,36,1,437,437.0,437,437,1
0JNdS1n0ifOP25XvhwAMgM,63,63.0,63,63,1,42256604,4.2256604E7,42256604,42256604,1
39uLYYZytVUwcjgeYLI409,68,68.0,68,68,1,1486614,1486614.0,1486614,1486614,1
5rb9QrpfcKFHM1EUbSIurX,85,85.0,85,85,1,13749886,1.3749886E7,13749886,13749886,1
6I9VzXrHxO9rA9A5euc8Ak,85,85.0,85,85,1,17773300,1.77733E7,17773300,17773300,1
1Hv1VTm8zeOeybub15mA2R,80,80.0,80,80,1,5109119,5109119.0,5109119,5109119,1
4gHnSNHs8RyVukKoWdS99f,72,72.0,72,72,1,23391272,2.3391272E7,23391272,23391272,1
4DMKwE2E2iYDKY01C335Uw,78,78.0,78,78,1,1935571,1935571.0,1935571,1935571,1
31TXxq8gfgYyrYClnYY48m,87,87.0,87,87,1,145443567,1.45443567E8,145443567,145443567,1
5PdzAFxcCFHe21rtEjpBVL,50,50.0,50,50,1,7429055,7429055.0,7429055,7429055,1
5MI9rnOsAayuxi7pKVydNg,70,70.0,70,70,1,45764832,4.5764832E7,45764832,45764832,1
4RtFabLO2KuYlxBlgHkg64,65,65.0,65,65,1,9249502,9249502.0,9249502,9249502,1
2u9S9JJ6hTZS3Vf22HOZKg,85,85.0,85,85,1,103039388,1.03039388E8,103039388,103039388,1
21B4gaTWnTkuSh77iWEXdS,83,83.0,83,83,1,26516295,2.6516295E7,26516295,26516295,1
0XkZmBCCcdMY0EPY8ij6Gb,70,70.0,70,70,1,26516295,2.6516295E7,26516295,26516295,1
5nPbKG04fhLkIAjcPFaZq7,84,84.0,84,84,1,662191,662191.0,662191,662191,1
67nepsnrcZkowTxMWigSbb,73,73.0,73,73,1,41107596,4.1107596E7,41107596,41107596,1
4hpLMnWNEtMQGCqydit1WK,21,21.0,21,21,1,2422,2422.0,2422,2422,1
4qo9LENdtfUNacDVvcigIc,37,37.0,37,37,1,2314,2314.0,2314,2314,1
6qmvAJSUfVGMubvI2awW7p,75,75.0,75,75,1,9249502,9249502.0,9249502,9249502,1
3nqQXoyQOWXiESFLlDF1hG,77,77.0,77,77,1,26275803,2.6275803E7,26275803,26275803,1
3HyR1j49TY5ACP2lseF1jx,60,60.0,60,60,1,41176723,4.1176723E7,41176723,41176723,1
3jwQt00cvkN57H6ZR75W2K,76,76.0,76,76,1,317426,317426.0,317426,317426,1
0ReW6nVTHr6Q12TYb5DGyc,47,47.0,47,47,1,51095,51095.0,51095,51095,1
0xqHkO5570zlGpLpCnd4MG,55,55.0,55,55,1,388088,388088.0,388088,388088,1
5T7DUEeAj0hkMLTzIlDCRz,50,50.0,50,50,1,39279,39279.0,39279,39279,1
52WNLNRoqy6OuWl4OeouZA,43,43.0,43,43,1,15524,15524.0,15524,15524,1
1uBsu3PbD2909UBIfEMLvK,56,56.0,56,56,1,15712050,1.571205E7,15712050,15712050,1
0oaY19dUwZimIgzn3ZZLZO,66,66.0,66,66,1,85022258,8.5022258E7,85022258,85022258,1
0bSHwuTOZVJUXWT03H9oD2,62,62.0,62,62,1,175923,175923.0,175923,175923,1
4Of7rzpRpV1mWRbhp5rAqG,78,78.0,78,78,1,14043382,1.4043382E7,14043382,14043382,1
6rY5FAWxCdAGllYEOZMbjW,86,86.0,86,86,1,10645550,1.064555E7,10645550,10645550,1
6wWaVoUOzLQJHd3bWAUpdZ,72,72.0,72,72,1,21656185,2.1656185E7,21656185,21656185,1
453W8V5Ynwn6Tr28KuOwsO,59,59.0,59,59,1,81197976,8.1197976E7,81197976,81197976,1
6FHVHycPPTQp6aAHjLhzFT,52,52.0,52,52,1,81197976,8.1197976E7,81197976,81197976,1
3nc420PXjTdBV5TN0gCFkS,65,65.0,65,65,1,15121577,1.5121577E7,15121577,15121577,1
6CB7DczrX9ZJB9Wkjegmaq,29,29.0,29,29,1,145396321,1.45396321E8,145396321,145396321,1
3B54sVLJ402zGa6Xm4YGNe,85,85.0,85,85,1,5838449,5838449.0,5838449,5838449,1
2bOWJIYSbhwg2NMQq1QMYH,49,49.0,49,49,1,41180800,4.11808E7,41180800,41180800,1
2TqcqRwNgphefMYkbPaP9H,38,38.0,38,38,1,5273567,5273567.0,5273567,5273567,1
6KkyuDhrEhR5nJVKtv9mCf,63,63.0,63,63,1,3183603,3183603.0,3183603,3183603,1
51pqlgzFBtqcRmb1CKdc56,42,42.0,42,42,1,17317,17317.0,17317,17317,1
1eyqSYBCTane4rl4vc6PWJ,46,46.0,46,46,1,145443567,1.45443567E8,145443567,145443567,1
4Ouhoi2lAhrLJKFzUqEzwl,77,77.0,77,77,1,51773650,5.177365E7,51773650,51773650,1
5Gy6XmBcmCZ6xQ4p729ldE,47,47.0,47,47,1,3290296,3290296.0,3290296,3290296,1
7bs0kRVf2uZiStrapzQXXK,43,43.0,43,43,1,159177,159177.0,159177,159177,1
1cktZnxiONH0hR6Q3DKy8h,73,73.0,73,73,1,4140524,4140524.0,4140524,4140524,1
6TbYnMMWfdUZXQm6tZ6vib,51,51.0,51,51,1,7528373,7528373.0,7528373,7528373,1
0V5cvmTKsYmF5FmGGEAfmS,6,6.0,6,6,1,919612,919612.0,919612,919612,1
4hJ5VaRy16jJcENIMZT4sl,39,39.0,39,39,1,38400585,3.8400585E7,38400585,38400585,1
2tJulUYLDKOg9XrtVkMgcJ,77,77.0,77,77,1,75492598,7.5492598E7,75492598,75492598,1
2Xf4RoFpi7n06ppsGKbxiq,69,69.0,69,69,1,343114,343114.0,343114,343114,1
1oTHteQbmJw15rPxPVXUTv,72,72.0,72,72,1,2379861,2379861.0,2379861,2379861,1
3WoKGCQENAoYNu1NTrdLdy,46,46.0,46,46,1,145151,145151.0,145151,145151,1
3WMbD1OyfKuwWDWMNbPQ4g,74,74.0,74,74,1,2318871,2318871.0,2318871,2318871,1
1NXbNEAcPvY5G1xvfN57aA,80,80.0,80,80,1,9509731,9509731.0,9509731,9509731,1
35J5md68GWAKbQ1Ys94S10,41,41.0,41,41,1,74002,74002.0,74002,74002,1
1rdnD7JeHJIG5MEaZL7Ue6,36,36.0,36,36,1,162,162.0,162,162,1
0ZE7YRwdYqM8CtmfExYGDk,63,63.0,63,63,1,107401919,1.07401919E8,107401919,107401919,1
6wxBewgwUy7sLGhmhLtmQw,41,41.0,41,41,1,6371210,6371210.0,6371210,6371210,1
6qpmH5ijUjGGKB0ZcJUzwh,50,50.0,50,50,1,10890822,1.0890822E7,10890822,10890822,1
7ehSlXKjFZHBtrECnBmVuq,26,26.0,26,26,1,10925,10925.0,10925,10925,1
70ToiXlzl8N1EgfC07ZcZE,62,62.0,62,62,1,22675640,2.267564E7,22675640,22675640,1
0vk4PPSvobFbKhnAPro0ju,36,36.0,36,36,1,644963,644963.0,644963,644963,1
57uG6OLLuGyEcAVlNvK8PT,42,42.0,42,42,1,11490,11490.0,11490,11490,1
2Ov47sHQNq4YeiWpVufeTl,45,45.0,45,45,1,25025,25025.0,25025,25025,1
2hGjDO3JSEh4haZlRTFrPd,24,24.0,24,24,1,13575,13575.0,13575,13575,1
1rNSCrsOoWyhKH4g47mehU,68,68.0,68,68,1,7310428,7310428.0,7310428,7310428,1
2BtFhZlm9Sz5FAiYIjChUl,39,39.0,39,39,1,644963,644963.0,644963,644963,1
1Lo0QY9cvc8sUB2vnIOxDT,82,82.0,82,82,1,13400486,1.3400486E7,13400486,13400486,1
1xK59OXxi2TAAAbmZK0kBL,87,87.0,87,87,1,4681304,4681304.0,4681304,4681304,1
6g6FfeozIEkVUXecpSq16Q,50,50.0,50,50,1,1618086,1618086.0,1618086,1618086,1
1Ov37jtRQ2YNAe8HzfczkL,72,72.0,72,72,1,145443567,1.45443567E8,145443567,145443567,1
7029PpV3DYkpqVVI9hOhGL,22,22.0,22,22,1,425,425.0,425,425,1
2qOj8IXOEWL9EouGvGBTph,30,30.0,30,30,1,53700,53700.0,53700,53700,1
3tjFYV6RSFtuktYl3ZtYcq,6,6.0,6,6,1,2285613,2285613.0,2285613,2285613,1
0D7eykyg5URU7E9vr7exZW,28,28.0,28,28,1,26967,26967.0,26967,26967,1
0w6X9iRKrMyDpRRtbu4tE0,44,44.0,44,44,1,60818952,6.0818952E7,60818952,60818952,1
3NbTQ8ZbHU6MSEVUFAVCJ9,65,65.0,65,65,1,107389514,1.07389514E8,107389514,107389514,1
6vwUnlOycgm21T6qKn8jxf,74,74.0,74,74,1,458855,458855.0,458855,458855,1
59NC8SuXPiSaiYL69XQ4dt,73,73.0,73,73,1,107401919,1.07401919E8,107401919,107401919,1
0H04yVa3DJxoXbLBpAb7iV,69,69.0,69,69,1,2918550,2918550.0,2918550,2918550,1
1v6XnDkovn8M2y7yM9jQUp,43,43.0,43,43,1,2565032,2565032.0,2565032,2565032,1
5MzXUNfn8AAcz4Z6j2KgTK,56,56.0,56,56,1,145948,145948.0,145948,145948,1
26rdOwwjC2UnweK3xeS58u,71,71.0,71,71,1,8973505,8973505.0,8973505,8973505,1
54Me3IHxLn8F7ZsAQdoYnm,45,45.0,45,45,1,301384,301384.0,301384,301384,1
2Sh4sAOfnSHEVKFyysxzat,2,2.0,2,2,1,39777995,3.9777995E7,39777995,39777995,1
374bWkz1CrFhPk6tqAs9pI,37,37.0,37,37,1,21591569,2.1591569E7,21591569,21591569,1
3gbBpTdY8lnQwqxNCcf795,70,70.0,70,70,1,5647181,5647181.0,5647181,5647181,1
7DFNE7NO0raLIUbgzY2rzm,3,3.0,3,3,1,3758140,3758140.0,3758140,3758140,1
5cCAZS9VhLGEDV4NCfieeg,71,71.0,71,71,1,17755451,1.7755451E7,17755451,17755451,1
11dxtPJKR4E0wlSr0A0t47,64,64.0,64,64,1,696587,696587.0,696587,696587,1
3Lh4h7snn595hYspX8KeFL,25,25.0,25,25,1,3745808,3745808.0,3745808,3745808,1
7BHPGtpuuWWsvE7cCaMuEU,77,77.0,77,77,1,2652767,2652767.0,2652767,2652767,1
0qksx8mV28lztYIZ1om8ml,67,67.0,67,67,1,60804949,6.0804949E7,60804949,60804949,1
6naxalmIoLFWR0siv8dnQQ,81,81.0,81,81,1,17761102,1.7761102E7,17761102,17761102,1
6Jv7kjGkhY2fT4yuBF3aTz,84,84.0,84,84,1,2288846,2288846.0,2288846,2288846,1
1jTe5liUdnRjbie1luBi6J,69,69.0,69,69,1,1178436,1178436.0,1178436,1178436,1
7gCautqfD7CCdrN33GrRd8,63,63.0,63,63,1,85008100,8.50081E7,85008100,85008100,1
5ERfbppCElVkUmpBzK4Upz,49,49.0,49,49,1,505,505.0,505,505,1
5FjRyRqZlgrM4tfzVhIKGA,51,51.0,51,51,1,10636129,1.0636129E7,10636129,10636129,1
1Onx2O64wzyA7ZzOsBBqBJ,52,52.0,52,52,1,107374593,1.07374593E8,107374593,107374593,1
2YXGbxICUdOUJe9OPlicy1,54,54.0,54,54,1,5739313,5739313.0,5739313,5739313,1
4g2c7NoTWAOSYDy44l9nub,59,59.0,59,59,1,145489371,1.45489371E8,145489371,145489371,1
5jQI2r1RdgtuT8S3iG8zFC,72,72.0,72,72,1,145396321,1.45396321E8,145396321,145396321,1
48hIV9koX3CYeJ0IiT57wI,25,25.0,25,25,1,192497,192497.0,192497,192497,1
6pPLhloHxLWiMlAT5Xn1gw,70,70.0,70,70,1,2131649,2131649.0,2131649,2131649,1
4j6kId9QIqhoXvqHKgSKa0,65,65.0,65,65,1,34130771,3.4130771E7,34130771,34130771,1
59nOXPmaKlBfGMDeOVGrIK,82,82.0,82,82,1,22675640,2.267564E7,22675640,22675640,1
5mMoKKuuPNGDBvwiN7tmot,37,37.0,37,37,1,644963,644963.0,644963,644963,1
46IZ0fSY2mpAiktS3KOqds,81,81.0,81,81,1,66734917,6.6734917E7,66734917,66734917,1
4A8cWXxKfIL3lAyUDzXbCF,66,66.0,66,66,1,12478974,1.2478974E7,12478974,12478974,1
0LGWB4tRfoMrdgqB7jQ1EM,6,6.0,6,6,1,439,439.0,439,439,1
4l0RmWt52FxpVxMNni6i63,85,85.0,85,85,1,9241516,9241516.0,9241516,9241516,1
0PurA4JVJ8YQgSVopY8fn6,69,69.0,69,69,1,145489371,1.45489371E8,145489371,145489371,1
2rRJrJEo19S2J82BDsQ3F7,1,1.0,1,1,1,927692,927692.0,927692,927692,1
4jAIqgrPjKLTY9Gbez25Qb,67,67.0,67,67,1,34130771,3.4130771E7,34130771,34130771,1
3fMNMAP51H7NywqzoukIRy,45,45.0,45,45,1,470367,470367.0,470367,470367,1
37M3OdQDrqzHSYwgMC7Jgi,0,0.0,0,0,1,219681,219681.0,219681,219681,1
1D2L6MefbXon28PzIk9I3r,65,65.0,65,65,1,47720209,4.7720209E7,47720209,47720209,1
7qGr3rjRhndRIpFUA5f2HJ,32,32.0,32,32,1,145396321,1.45396321E8,145396321,145396321,1
7oAraczbemGSNWqnbkU87R,0,0.0,0,0,1,26278854,2.6278854E7,26278854,26278854,1
03hqMhmCZiNKMSPmVabPLP,62,62.0,62,62,1,51821190,5.182119E7,51821190,51821190,1
7Ezwtgfw7khBrpvaNPtMoT,59,59.0,59,59,1,2133926,2133926.0,2133926,2133926,1
5e574bhjycX1eH2l4Auage,58,58.0,58,58,1,103039388,1.03039388E8,103039388,103039388,1
5t4B1kAlCD13YY9poph0Mg,53,53.0,53,53,1,45700057,4.5700057E7,45700057,45700057,1
2l8w0zZVn4AZNuzrht7MRT,47,47.0,47,47,1,13211271,1.3211271E7,13211271,13211271,1
6WLS56xiRrXjSm9RSdL3zD,1,1.0,1,1,1,10915923,1.0915923E7,10915923,10915923,1
0XT9o62novkGbzMxlWYHur,32,32.0,32,32,1,19900,19900.0,19900,19900,1
7wqSzGeodspE3V6RBD5W8L,2,2.0,2,2,1,12075691,1.2075691E7,12075691,12075691,1
4MRT0dDbhqFKl67WzhUbSw,63,63.0,63,63,1,34293318,3.4293318E7,34293318,34293318,1
1L2uumDuOxndZvcBWrQ64w,39,39.0,39,39,1,11260,11260.0,11260,11260,1
4MflGTO2ZTcSQ12bWcyRgI,4,4.0,4,4,1,1334256,1334256.0,1334256,1334256,1
5XIROml6NGQvRdDiEQ7Hy7,0,0.0,0,0,1,49104,49104.0,49104,49104,1
0qUnBLZ8bJqUNEeQgayL9t,63,63.0,63,63,1,145396321,1.45396321E8,145396321,145396321,1
2enPRFda84VE2wtI8c86Uf,79,79.0,79,79,1,1254937,1254937.0,1254937,1254937,1
6HZ9VeI5IRFCNQLXhpF4bq,75,75.0,75,75,1,778972,778972.0,778972,778972,1
0rFZaQ4crlGAzuCjWCQ2xu,63,63.0,63,63,1,7333933,7333933.0,7333933,7333933,1
0DhnpIeCaMp85Jyc39sUBy,48,48.0,48,48,1,23039,23039.0,23039,23039,1
3WC5CVAahvn98hiseoIvbw,59,59.0,59,59,1,145489371,1.45489371E8,145489371,145489371,1
0Hf4aIJpsN4Os2f0y0VqWl,79,79.0,79,79,1,11936949,1.1936949E7,11936949,11936949,1
5W63Zcirj6bvnTxhVIKTSK,62,62.0,62,62,1,66705650,6.670565E7,66705650,66705650,1
7swocJUCUWTCiRUAU9oerC,68,68.0,68,68,1,158739,158739.0,158739,158739,1
5BoIP8Eha5hwmRVURkC2Us,65,65.0,65,65,1,12460618,1.2460618E7,12460618,12460618,1
7ElF5zxOwYP4qVSWVvse3W,68,68.0,68,68,1,2367073,2367073.0,2367073,2367073,1
75QTZG8XFYKb0HQIwgCzNE,68,68.0,68,68,1,3338052,3338052.0,3338052,3338052,1
5XbDL9Otyn3C9vAY3awneT,48,48.0,48,48,1,55561,55561.0,55561,55561,1
3agtg0x11wPvLIWkYR39nZ,77,77.0,77,77,1,31785695,3.1785695E7,31785695,31785695,1
4woTEX1wYOTGDqNXuavlRC,82,82.0,82,82,1,104559284,1.04559284E8,104559284,104559284,1
2mFG5xZ9Uz9v4ks0QnwK5i,36,36.0,36,36,1,14343,14343.0,14343,14343,1
1aDoyG4LiKT3o4ZrQK1auW,44,44.0,44,44,1,1481860,1481860.0,1481860,1481860,1
0cXFXgFns7sIMmTpqyGRmD,60,60.0,60,60,1,1791980,1791980.0,1791980,1791980,1
2AxCeJ6PSsBYiTckM0HLY7,65,65.0,65,65,1,7366227,7366227.0,7366227,7366227,1
3LAG9KaMrAHQvH19ZuNelC,36,36.0,36,36,1,44378,44378.0,44378,44378,1
0v1oo2lDd5ncSXr5HJs0AM,44,44.0,44,44,1,21748,21748.0,21748,21748,1
79P25hZ9wYUnyJXWunchVc,51,51.0,51,51,1,19043,19043.0,19043,19043,1
14kyXBpg91RVq8bNRDS1q2,66,66.0,66,66,1,107401919,1.07401919E8,107401919,107401919,1
2U7svZUGvR4tfKdyxv9mXu,79,79.0,79,79,1,2789144,2789144.0,2789144,2789144,1
0rqtmKms6Wv2yvLrK4CrKH,0,0.0,0,0,1,26275803,2.6275803E7,26275803,26275803,1
40TZnaw4eDPChJNHw2Swf3,69,69.0,69,69,1,249306,249306.0,249306,249306,1
6uvh0In7u1Xn4HgxOfAn8O,77,77.0,77,77,1,34130771,3.4130771E7,34130771,34130771,1
26MJjeJ0NSOQDKeZzrEFMl,66,66.0,66,66,1,1544658,1544658.0,1544658,1544658,1
2sHYMLUd4nVLxHPKY05Ein,69,69.0,69,69,1,251449,251449.0,251449,251449,1
0T5iIrXA4p5GsubkhuBIKV,78,78.0,78,78,1,1874891,1874891.0,1874891,1874891,1
23Gv9vq4FurPK6np6xX0Bi,48,48.0,48,48,1,112918137,1.12918137E8,112918137,112918137,1
0psS4i5YooJrXfDnGvWRLi,61,61.0,61,61,1,118728633,1.18728633E8,118728633,118728633,1
7Ct4wK3Fpp8vvZGcWy4NCP,42,42.0,42,42,1,5643375,5643375.0,5643375,5643375,1
27u7t9d7ZQoyjsCROHuZJ3,63,63.0,63,63,1,5975530,5975530.0,5975530,5975530,1
4PxJaIHhSmMEDuQbRjd308,31,31.0,31,31,1,44820,44820.0,44820,44820,1
5h3sUmbwEdFkxejGryYhj6,30,30.0,30,30,1,40675,40675.0,40675,40675,1
3cWI6Hj9LQ0MfMuhw9uSMc,67,67.0,67,67,1,494479,494479.0,494479,494479,1
17Yq72h0p15OhCbZ5lJ5gd,51,51.0,51,51,1,25953771,2.5953771E7,25953771,25953771,1
7vGuf3Y35N4wmASOKLUVVU,78,78.0,78,78,1,34479374,3.4479374E7,34479374,34479374,1
73gyiXLAKUUtX8sAiE2gGV,0,0.0,0,0,1,13714,13714.0,13714,13714,1
2KtS31kaWNHs12Q5B43Ixh,71,71.0,71,71,1,10462018,1.0462018E7,10462018,10462018,1
2meEiZKWkiN28gITzFwQo5,3,3.0,3,3,1,107401919,1.07401919E8,107401919,107401919,1
0SNIAtRCPVVLoGEPcuHSIc,63,63.0,63,63,1,85008100,8.50081E7,85008100,85008100,1
63mnZ0zF5fBwJzYg2pDo9e,60,60.0,60,60,1,688032,688032.0,688032,688032,1
5411TEB6tlzvuF5A4oyldr,73,73.0,73,73,1,11034315,1.1034315E7,11034315,11034315,1
7bGF2hNOP6SROacsxo1fCk,55,55.0,55,55,1,112918137,1.12918137E8,112918137,112918137,1
01UFApRhEcvfdXcnOqlFnn,43,43.0,43,43,1,1163792,1163792.0,1163792,1163792,1
2I5oyql6pcmgjx1yFqrUdE,44,44.0,44,44,1,97039,97039.0,97039,97039,1
5gSyA2kF2exJ944JFNKcLg,46,46.0,46,46,1,374516,374516.0,374516,374516,1
2B5qhBcHYKZcWZmGoLxlYz,33,33.0,33,33,1,4968982,4968982.0,4968982,4968982,1
30cSNer6TV8x2utjULVeQ5,78,78.0,78,78,1,68997177,6.8997177E7,68997177,68997177,1
2uiEqPjMmIJXOKplzsEASP,59,59.0,59,59,1,2135253,2135253.0,2135253,2135253,1
1UuaWKypSkIHxFZD03zw4m,62,62.0,62,62,1,13822540,1.382254E7,13822540,13822540,1
2WfaOiMkCvy7F5fcp2zZ8L,86,86.0,86,86,1,2910085,2910085.0,2910085,2910085,1
05RK4klU7S2Jm50ONIjyM4,50,50.0,50,50,1,19306,19306.0,19306,19306,1
1n4Y7LSSZ38HgEdpPpivpg,78,78.0,78,78,1,1461346,1461346.0,1461346,1461346,1
6PdKA57lUIzOyptHfdZMva,41,41.0,41,41,1,1499,1499.0,1499,1499,1
139nLHDFZNr3anx8CpUy7u,67,67.0,67,67,1,25956015,2.5956015E7,25956015,25956015,1
42UBPzRMh5yyz0EDPr6fr1,86,86.0,86,86,1,26516295,2.6516295E7,26516295,26516295,1
2OBzYCYMNsD6yhBZZSs0xg,68,68.0,68,68,1,26561582,2.6561582E7,26561582,26561582,1
637oNhilCI9UlkWkUW4Grt,66,66.0,66,66,1,112918137,1.12918137E8,112918137,112918137,1
6WatFBLVB0x077xWeoVc2k,83,83.0,83,83,1,60395783,6.0395783E7,60395783,60395783,1
4Na2HfNSr58chvfX69fy36,80,80.0,80,80,1,10353625,1.0353625E7,10353625,10353625,1
4e27ZDYkTPaME7pPF99FmG,42,42.0,42,42,1,3246,3246.0,3246,3246,1
6XjDF6nds4DE2BBbagZol6,84,84.0,84,84,1,2186739,2186739.0,2186739,2186739,1
39limMlZ5B25XM1FhNqa02,31,31.0,31,31,1,1686734,1686734.0,1686734,1686734,1
0U1X5zc0wvbT6C3YQEpK0q,38,38.0,38,38,1,7832,7832.0,7832,7832,1
7mI9rsiQgHVlXjnbmbYgO5,0,0.0,0,0,1,319377,319377.0,319377,319377,1
47EiUVwUp4C9fGccaPuUCS,78,78.0,78,78,1,102571645,1.02571645E8,102571645,102571645,1
1xQ6trAsedVPCdbtDAmk0c,70,70.0,70,70,1,146015,146015.0,146015,146015,1
4nK5YrxbMGZstTLbvj6Gxw,65,65.0,65,65,1,869770,869770.0,869770,869770,1
6GfTYfb5eBLN1p1ByOsPmi,59,59.0,59,59,1,49083617,4.9083617E7,49083617,49083617,1
5DqdesEfbRyOlSS3Tf6c29,75,75.0,75,75,1,2174956,2174956.0,2174956,2174956,1
1fzAuUVbzlhZ1lJAx9PtY6,80,80.0,80,80,1,145396321,1.45396321E8,145396321,145396321,1
3RauEVgRgj1IuWdJ9fDs70,75,75.0,75,75,1,145489371,1.45489371E8,145489371,145489371,1
3ug5dY9lQ5LZCQvFn6H7Ep,32,32.0,32,32,1,7683,7683.0,7683,7683,1
6L88EH68XwlaXwvChlTS41,67,67.0,67,67,1,81189603,8.1189603E7,81189603,81189603,1
7sTtHHrD0zDpmzQzH3zegz,57,57.0,57,57,1,35576126,3.5576126E7,35576126,35576126,1
79ychOlXCobj73aj58IIXq,15,15.0,15,15,1,644963,644963.0,644963,644963,1
2RSYYe7LhKFxIi50T5XtUo,24,24.0,24,24,1,145489371,1.45489371E8,145489371,145489371,1
79utdG7Zo4J4vJ3rMRwWgz,0,0.0,0,0,1,10811,10811.0,10811,10811,1
2NZhNbfb1rD1aRj3hZaoqk,44,44.0,44,44,1,430168,430168.0,430168,430168,1
6OI6QpU1Xe8YuT5J7OFGZU,38,38.0,38,38,1,4694955,4694955.0,4694955,4694955,1
7wTllASpYqSukHWeHtGfol,38,38.0,38,38,1,234627,234627.0,234627,234627,1
5DB8FGqqfOS5LzIjTYaAcV,31,31.0,31,31,1,5067710,5067710.0,5067710,5067710,1
2wqaekenSQZm7hxQOYt8oE,56,56.0,56,56,1,573474,573474.0,573474,573474,1
4lhqb6JvbHId48OUJGwymk,78,78.0,78,78,1,23434221,2.3434221E7,23434221,23434221,1
7FOJvA3PxiIU0DN3JjQ7jT,1,1.0,1,1,1,27069939,2.7069939E7,27069939,27069939,1
78iVPIyFgGjQ0g0TmDWYtQ,0,0.0,0,0,1,487734,487734.0,487734,487734,1
2OQJKTtrH482waGFmOfJni,69,69.0,69,69,1,8304470,8304470.0,8304470,8304470,1
5NKfB21hWeirObQjEN44x1,54,54.0,54,54,1,444144,444144.0,444144,444144,1
6s8nHXTJVqFjXE4yVZPDHR,74,74.0,74,74,1,3186182,3186182.0,3186182,3186182,1
24h1notzzKOcLZSdRYa7yn,53,53.0,53,53,1,51821190,5.182119E7,51821190,51821190,1
63pQm5g0IXLckrv9X3KEyX,50,50.0,50,50,1,1671796,1671796.0,1671796,1671796,1
3rfhI32Il2hVRKDkuGeeen,79,79.0,79,79,1,11939612,1.1939612E7,11939612,11939612,1
37tICyAkABqkM4N3w2yrJk,25,25.0,25,25,1,2246231,2246231.0,2246231,2246231,1
208sSDlV4t5amCOj6QUh6l,28,28.0,28,28,1,13711146,1.3711146E7,13711146,13711146,1
1NpDnkQO0yWxTtntrC0UNz,67,67.0,67,67,1,68997177,6.8997177E7,68997177,68997177,1
4vp2J1l5RD4gMZwGFLfRAu,7,7.0,7,7,1,9556340,9556340.0,9556340,9556340,1
2aI21FnmY7TJVKeMaoQZ0t,82,82.0,82,82,1,4720951,4720951.0,4720951,4720951,1
3qaSqrrevBrb84xl5JlptU,72,72.0,72,72,1,1748684,1748684.0,1748684,1748684,1
136sse7QGfLGWJ4mbwTgLw,51,51.0,51,51,1,9676780,9676780.0,9676780,9676780,1
2KFg8kjYy0rYjWsXGhEQHN,65,65.0,65,65,1,12759099,1.2759099E7,12759099,12759099,1
1MjyiWINFr2W13nxxqtHQt,49,49.0,49,49,1,2137540,2137540.0,2137540,2137540,1
0ehVk4Py6iyLpfruxVYq4S,47,47.0,47,47,1,2135939,2135939.0,2135939,2135939,1
2uHi2Fc38bs1keR72wTpwd,35,35.0,35,35,1,445,445.0,445,445,1
1oBGpzczkEedXYbZXGKSW3,31,31.0,31,31,1,88,88.0,88,88,1
0C8y9EdbW2aYm1ocGGaR9O,46,46.0,46,46,1,130326,130326.0,130326,130326,1
21IYMdzTrzSe191Cy5eMap,86,86.0,86,86,1,1643950,1643950.0,1643950,1643950,1
68piyqlWly58RgPI2L1hAK,67,67.0,67,67,1,9249502,9249502.0,9249502,9249502,1
5H6QYCgYjoH7nVBdl3wOSR,54,54.0,54,54,1,715424,715424.0,715424,715424,1
79hRKSvvsQgmzSeJwFgs13,25,25.0,25,25,1,127,127.0,127,127,1
7u6wJwraBiFVMEA4mmZi56,23,23.0,23,23,1,23907,23907.0,23907,23907,1
6AI3ezQ4o3HUoP6Dhudph3,86,86.0,86,86,1,44592005,4.4592005E7,44592005,44592005,1
5iniBzC2hR5YYqzMtsgoej,63,63.0,63,63,1,72172,72172.0,72172,72172,1
5uQ7de4EWjb3rkcFxyEOpu,75,75.0,75,75,1,685131,685131.0,685131,685131,1
0cyQuiFTVaHM70y8xRsOWA,65,65.0,65,65,1,10640396,1.0640396E7,10640396,10640396,1
4ROYC4vHfPZ28mqz0eLrzL,64,64.0,64,64,1,7310428,7310428.0,7310428,7310428,1
6PkxSIt2TYLMFa8ybyngVP,53,53.0,53,53,1,9112977,9112977.0,9112977,9112977,1
74BfFG9qR85KXxN49esFVA,59,59.0,59,59,1,61279,61279.0,61279,61279,1
5Eax0qFko2dh7Rl2lYs3bx,81,81.0,81,81,1,102536542,1.02536542E8,102536542,102536542,1
2L9N0zZnd37dwF0clgxMGI,80,80.0,80,80,1,1544658,1544658.0,1544658,1544658,1
05GsNucq8Bngd9fnd4fRa0,68,68.0,68,68,1,145542136,1.45542136E8,145542136,145542136,1
2UbVnbE5FH6008mAm6Mmgw,67,67.0,67,67,1,18700851,1.8700851E7,18700851,18700851,1
7yBbV2k2S2uhaQc24NF2xt,65,65.0,65,65,1,42256604,4.2256604E7,42256604,42256604,1
29Q7B99CvWw145Eq4nAB5D,44,44.0,44,44,1,2177447,2177447.0,2177447,2177447,1
7l97ElWmIdVHWUaOeeU5ZC,78,78.0,78,78,1,9241516,9241516.0,9241516,9241516,1
22IKKMdS3YT11q0If6nHoD,37,37.0,37,37,1,2759283,2759283.0,2759283,2759283,1
6VzcQuzTNTMFnJ6rBSaLH9,76,76.0,76,76,1,34130771,3.4130771E7,34130771,34130771,1
4ZdnjcqwFM6fSQCVAxFV3N,47,47.0,47,47,1,344334,344334.0,344334,344334,1
2mIKaCZB2dlRWzRP7z2mwq,48,48.0,48,48,1,15684530,1.568453E7,15684530,15684530,1
4CxFN5zON70B3VOPBYbd6P,68,68.0,68,68,1,2359204,2359204.0,2359204,2359204,1
6eMeqiSoQYtM8u3vvfth21,60,60.0,60,60,1,21591569,2.1591569E7,21591569,21591569,1
2MENUewcb6uNWJI6mDB3jq,1,1.0,1,1,1,17684,17684.0,17684,17684,1
285jK9VYQKmijjcrjD4CRa,44,44.0,44,44,1,25957976,2.5957976E7,25957976,25957976,1
2G679wnKfyhUOeNx910OXg,26,26.0,26,26,1,145443567,1.45443567E8,145443567,145443567,1
1MA9zpxt5rpKWTxPouMJdb,0,0.0,0,0,1,70356,70356.0,70356,70356,1
5NNlUMcOEOdoOIwwaWXv0k,0,0.0,0,0,1,45771951,4.5771951E7,45771951,45771951,1
1Vb4HQnN2kZ5Y2KgYF5TDV,55,55.0,55,55,1,5276981,5276981.0,5276981,5276981,1
4BHzQ9C00ceJxfG16AlNWb,1,1.0,1,1,1,66734917,6.6734917E7,66734917,66734917,1
5jqNQZBwbZWQXPWfo0ygZF,78,78.0,78,78,1,51798111,5.1798111E7,51798111,51798111,1
2y4lAQpi5VTNLu2ldeTdUH,79,79.0,79,79,1,26558356,2.6558356E7,26558356,26558356,1
50pJXx2ImZomgdmFUtIczx,37,37.0,37,37,1,11933906,1.1933906E7,11933906,11933906,1
4mnOVRRXsaqg9Nb041xR8u,70,70.0,70,70,1,2970776,2970776.0,2970776,2970776,1
2GY8VKvfP3ZtKSk1byDYb1,56,56.0,56,56,1,55561,55561.0,55561,55561,1
3sOhS9SLsbY3fG1nVVk00P,45,45.0,45,45,1,984364,984364.0,984364,984364,1
2wGSgTmgSF3xjRrHkTc25R,81,81.0,81,81,1,5199185,5199185.0,5199185,5199185,1
40dHZ1HyySmu9FmTINRbqM,60,60.0,60,60,1,6095181,6095181.0,6095181,6095181,1
094MWdspdy9amhOi8TFlIN,56,56.0,56,56,1,5927812,5927812.0,5927812,5927812,1
5QD28FqaM3jTfsqWwvRZwv,64,64.0,64,64,1,104559284,1.04559284E8,104559284,104559284,1
0e05wFNr6zg1ULcp4NKs1p,72,72.0,72,72,1,550968,550968.0,550968,550968,1
4U45aEWtQhrm8A5mxPaFZ7,83,83.0,83,83,1,7402824,7402824.0,7402824,7402824,1
0DQqzCHlPyKQXfF8uL01SI,1,1.0,1,1,1,2816087,2816087.0,2816087,2816087,1
74KTHPMotSSPL2pgSy1KwZ,41,41.0,41,41,1,175,175.0,175,175,1
56sExwBBmnDoRErXqghqrW,47,47.0,47,47,1,5606,5606.0,5606,5606,1
4oCxqkJBlu0pRazATMbyi7,12,12.0,12,12,1,10,10.0,10,10,1
2HgDumIk9acxBvCvgahJEO,49,49.0,49,49,1,193,193.0,193,193,1
53rKwO4frvAmf4IxB5Xz0N,50,50.0,50,50,1,491,491.0,491,491,1
1WmBVbFmLt0w6zPP37TeCG,81,81.0,81,81,1,4759233,4759233.0,4759233,4759233,1
4VnEmAingHeCn3Zhq0uOwF,24,24.0,24,24,1,155,155.0,155,155,1
2gyHr9WqZeMtzJOpWGuGo6,70,70.0,70,70,1,112995439,1.12995439E8,112995439,112995439,1
2AFwQBPl6oJwHNfwBQq49B,58,58.0,58,58,1,47263,47263.0,47263,47263,1
5r9OlaHzqlOKkFAv0q5Gm3,67,67.0,67,67,1,771980,771980.0,771980,771980,1
53BpTC3cYgRfUVxqbNVb8w,51,51.0,51,51,1,1186,1186.0,1186,1186,1
5b5cPscqVEMChvDqscVw26,79,79.0,79,79,1,46891061,4.6891061E7,46891061,46891061,1
1U3A66OHQyTu4N2QTMsP86,66,66.0,66,66,1,102571645,1.02571645E8,102571645,102571645,1
6T7FXSuXykeGktMLGp8WgE,66,66.0,66,66,1,9504357,9504357.0,9504357,9504357,1
2wSqyrYBIUT4GHEq82a7p7,49,49.0,49,49,1,26114,26114.0,26114,26114,1
2Zo1PcszsT9WQ0ANntJbID,81,81.0,81,81,1,26516295,2.6516295E7,26516295,26516295,1
4W4fNrZYkobj539TOWsLO2,74,74.0,74,74,1,112995439,1.12995439E8,112995439,112995439,1
0Njbfdqov90zIfAXZl7hIf,54,54.0,54,54,1,754907,754907.0,754907,754907,1
18HOjcvTVV7W8YzBuOsAPS,76,76.0,76,76,1,102536542,1.02536542E8,102536542,102536542,1
3qxzozdGFaBxQ0X4HkrMr0,57,57.0,57,57,1,49050008,4.9050008E7,49050008,49050008,1
6ON9UuIq49xXY9GPmHIYRp,58,58.0,58,58,1,145542136,1.45542136E8,145542136,145542136,1
5FdE9hALukJ6ivdFXbCGEj,0,0.0,0,0,1,99448,99448.0,99448,99448,1
6ap9lSRJ0iLriGLqoJ44cq,64,64.0,64,64,1,2285377,2285377.0,2285377,2285377,1
6Qs4SXO9dwPj5GKvVOv8Ki,73,73.0,73,73,1,26275803,2.6275803E7,26275803,26275803,1
7Gxn5gM3Qi6cYPn4zaWNNb,0,0.0,0,0,1,70176,70176.0,70176,70176,1
4aBYzs8RxZMuqyOanNlf8I,47,47.0,47,47,1,27139342,2.7139342E7,27139342,27139342,1
4fWge1SW4BxQmPG9gHhEtT,0,0.0,0,0,1,516419,516419.0,516419,516419,1
7vgTNTaEz3CsBZ1N4YQalM,79,79.0,79,79,1,31038851,3.1038851E7,31038851,31038851,1
5DfWF0jqMgZDCiu9zJENTA,67,67.0,67,67,1,25956015,2.5956015E7,25956015,25956015,1
3iq9nhbI8fcnNamxMft1uv,53,53.0,53,53,1,35582423,3.5582423E7,35582423,35582423,1
6NoVGd3nTHsmBV1yduWRta,42,42.0,42,42,1,2546120,2546120.0,2546120,2546120,1
1yIMrzF45Ven2FzPFAr0Gg,0,0.0,0,0,1,786994,786994.0,786994,786994,1
60xaS8mYBKUW4VQQ666N0T,60,60.0,60,60,1,6033166,6033166.0,6033166,6033166,1
4giCxIFPZNQIP4bIZM4sqH,54,54.0,54,54,1,60818952,6.0818952E7,60818952,60818952,1
5E30LdtzQTGqRvNd7l6kG5,84,84.0,84,84,1,21606569,2.1606569E7,21606569,21606569,1
6A27jWTmz43UX0bXhKnFpy,27,27.0,27,27,1,4034180,4034180.0,4034180,4034180,1
5LR2IBhAGR2gWH9NrZ4Tjr,20,20.0,20,20,1,67673,67673.0,67673,67673,1
4Qrxdjj3nFhjrqcnUU5r6a,54,54.0,54,54,1,2041384,2041384.0,2041384,2041384,1
0fM9dEhUFV4MHDuJgrcfOv,59,59.0,59,59,1,145396321,1.45396321E8,145396321,145396321,1
2N0volXQpwsvjDorTTxBAU,68,68.0,68,68,1,3298298,3298298.0,3298298,3298298,1
3veFQzlEOTpcGGIbYPKdYq,0,0.0,0,0,1,10379778,1.0379778E7,10379778,10379778,1
1kMuU3TNQvHbqvXCWBodmP,70,70.0,70,70,1,17928214,1.7928214E7,17928214,17928214,1
3E7dfMvvCLUddWissuqMwr,81,81.0,81,81,1,26561582,2.6561582E7,26561582,26561582,1
5zeaIcBVA0Ta8JVp1S5zDM,53,53.0,53,53,1,277497,277497.0,277497,277497,1
1TOKDNTBEnlhcXzvLinKgd,49,49.0,49,49,1,38393243,3.8393243E7,38393243,38393243,1
4ngLDnC9X0ARJATJTXljdC,0,0.0,0,0,1,42237551,4.2237551E7,42237551,42237551,1
4FwPNXIKN4czCTd1JFUifF,32,32.0,32,32,1,20233,20233.0,20233,20233,1
3yZNKN3r1USoCVij9VDSh6,59,59.0,59,59,1,1441603,1441603.0,1441603,1441603,1
64BbK9SFKH2jk86U3dGj2P,84,84.0,84,84,1,23226759,2.3226759E7,23226759,23226759,1
6B1OLGBMr4czyREffH4rkH,23,23.0,23,23,1,23391272,2.3391272E7,23391272,23391272,1
0MjkLEOp7lHilik4t8G9oJ,58,58.0,58,58,1,42256604,4.2256604E7,42256604,42256604,1
46yD4yZk5XdaLWM6WSN8cC,64,64.0,64,64,1,10342615,1.0342615E7,10342615,10342615,1
6ugu9WpCEHXmns0PiqYTU1,64,64.0,64,64,1,1461346,1461346.0,1461346,1461346,1
4dfTIzn1xxI1JWSOxMXjdH,0,0.0,0,0,1,78478,78478.0,78478,78478,1
3MLGWsrThUbVq4Fsr8RIjc,44,44.0,44,44,1,31785695,3.1785695E7,31785695,31785695,1
779mhz1mAry946r91qzR1r,45,45.0,45,45,1,1220599,1220599.0,1220599,1220599,1
0HEzuLLojblUOaUSdmJ9gl,67,67.0,67,67,1,51821190,5.182119E7,51821190,51821190,1
2dHHgzDwk4BJdRwy9uXhTO,81,81.0,81,81,1,11679132,1.1679132E7,11679132,11679132,1
7EyhPjrJzjx0fk2i7vUJCS,58,58.0,58,58,1,56140946,5.6140946E7,56140946,56140946,1
7v2sHmJnOKnOSqBijE3KdG,23,23.0,23,23,1,49519,49519.0,49519,49519,1
25wdC7CJmCJPgnKw9rYquJ,69,69.0,69,69,1,5642365,5642365.0,5642365,5642365,1
6pdyvJQkPkwo2WoDH7tFHO,75,75.0,75,75,1,554509,554509.0,554509,554509,1
3mQDTYp5hLDefYufQhWbo2,14,14.0,14,14,1,5450,5450.0,5450,5450,1
0glTZHa9SxsDpeCQGc9AVs,0,0.0,0,0,1,15695162,1.5695162E7,15695162,15695162,1
7B3z0ySL9Rr0XvZEAjWZzM,43,43.0,43,43,1,6606632,6606632.0,6606632,6606632,1
5wtOHGEoLWLfQyqskk7C6s,37,37.0,37,37,1,4307803,4307803.0,4307803,4307803,1
7GR2ZDBAdqiRPeuoRc6nnX,62,62.0,62,62,1,164492,164492.0,164492,164492,1
1rfofaqEpACxVEHIZBJe6W,79,79.0,79,79,1,35576126,3.5576126E7,35576126,35576126,1
5mBmuYLj1AM5mHGVuJD0M8,10,10.0,10,10,1,7573,7573.0,7573,7573,1
5h2sBwpUSAndjObfU3ti2r,30,30.0,30,30,1,145396321,1.45396321E8,145396321,145396321,1
0uZnF1sn2IcNCvnyAIKNMQ,58,58.0,58,58,1,45700057,4.5700057E7,45700057,45700057,1
6J0xeqjdpsUH0W1YBCmD1L,0,0.0,0,0,1,692223,692223.0,692223,692223,1
5wc6TcHF6a44wTCKhkzEV3,32,32.0,32,32,1,55551,55551.0,55551,55551,1
2bL2gyO6kBdLkNSkxXNh6x,81,81.0,81,81,1,45771951,4.5771951E7,45771951,45771951,1
7pNC5ZIKtwUK0ReSpM3P9f,66,66.0,66,66,1,6619051,6619051.0,6619051,6619051,1
2wBCrtJS3E3TimRZ5MElTI,72,72.0,72,72,1,9617522,9617522.0,9617522,9617522,1
4k7x3QKrc3h3U0Viqk0uop,77,77.0,77,77,1,3942679,3942679.0,3942679,3942679,1
2l0xjJ6Fj72Bw4ReAJBrAo,47,47.0,47,47,1,499011,499011.0,499011,499011,1
27aOrdzMTju0fdYJTCNDXd,52,52.0,52,52,1,143444,143444.0,143444,143444,1
491SgTfng3iwBZlubejYxL,40,40.0,40,40,1,412983,412983.0,412983,412983,1
1bXWzZEqzvCFOCVc39P9Jr,39,39.0,39,39,1,1486614,1486614.0,1486614,1486614,1
7HZ4BValzIE8zNjUrRIEHW,42,42.0,42,42,1,499153,499153.0,499153,499153,1
4fEQ1aqzWEb6x4dIcUY16N,21,21.0,21,21,1,59521,59521.0,59521,59521,1
5ZrDlcxIDZyjOzHdYW1ydr,75,75.0,75,75,1,779228,779228.0,779228,779228,1
0XgpiStoxq1IJncYlPrvZ5,66,66.0,66,66,1,864498,864498.0,864498,864498,1
0xHch89AN9RlN8Nm4kJzs3,56,56.0,56,56,1,23391272,2.3391272E7,23391272,23391272,1
725QAOexNLmGZiFMN7U8pF,56,56.0,56,56,1,23398010,2.339801E7,23398010,23398010,1
2wVXSc0IrQVodHESUxVUJA,1,1.0,1,1,1,5365848,5365848.0,5365848,5365848,1
3B7rdnhQLLcb3N0d6LNiEl,32,32.0,32,32,1,2036799,2036799.0,2036799,2036799,1
1tDWVeCR9oWGX8d5J9rswk,63,63.0,63,63,1,22725304,2.2725304E7,22725304,22725304,1
09LrGvT9KsACH66RHYMDyR,77,77.0,77,77,1,26559943,2.6559943E7,26559943,26559943,1
3YOkRTqknv92aUyOXcTxVg,57,57.0,57,57,1,224322,224322.0,224322,224322,1
6NjWCIYu1W8xa3HIvcIhd4,67,67.0,67,67,1,3084389,3084389.0,3084389,3084389,1
3dj4wgM3cPeuLwMNHDuBon,86,86.0,86,86,1,5674855,5674855.0,5674855,5674855,1
3gusTYNjxkTmYMmDlEKM8V,0,0.0,0,0,1,37315,37315.0,37315,37315,1
3sLTYBYs6lJsFK84t2X7wt,77,77.0,77,77,1,2133043,2133043.0,2133043,2133043,1
73vIOb4Q7YN6HeJTbscRx5,13,13.0,13,13,1,2583483,2583483.0,2583483,2583483,1
51Zw1cKDgkad0CXv23HCMU,68,68.0,68,68,1,34133561,3.4133561E7,34133561,34133561,1
5x2qaRAkD9nwiechyghoSz,0,0.0,0,0,1,2131649,2131649.0,2131649,2131649,1
079Ey5uxL04AKPQgVQwx5h,65,65.0,65,65,1,53267200,5.32672E7,53267200,53267200,1
0mjAU3yKR1QnXnHtjGJqTM,63,63.0,63,63,1,18703625,1.8703625E7,18703625,18703625,1
3EfBbEWfFUDzNh9r0LWIo3,37,37.0,37,37,1,1105899,1105899.0,1105899,1105899,1
52iLDrSoRtf9lcgFuLVfqE,68,68.0,68,68,1,1757724,1757724.0,1757724,1757724,1
1rLkzFZdokhx6Wcs80uvnw,61,61.0,61,61,1,81189603,8.1189603E7,81189603,81189603,1
1WsEgieHsWWndAzLkmV105,74,74.0,74,74,1,118760311,1.18760311E8,118760311,118760311,1
3KdwzVruKDwjzDqbIgDQdI,0,0.0,0,0,1,284520,284520.0,284520,284520,1
1nX9KhK3Fff27SnrIor2Yb,58,58.0,58,58,1,8305217,8305217.0,8305217,8305217,1
6Kkt27YmFyIFrcX3QXFi2o,70,70.0,70,70,1,10539134,1.0539134E7,10539134,10539134,1
2VKPrR3ojhsWwkrTEmnstG,19,19.0,19,19,1,2041384,2041384.0,2041384,2041384,1
2YFc0r6PUWDAeE38vJnCxR,72,72.0,72,72,1,15684530,1.568453E7,15684530,15684530,1
61uyGDPJ06MkxJtHgPmuyO,78,78.0,78,78,1,85034636,8.5034636E7,85034636,85034636,1
33on128N371DqyYj7bpTO7,31,31.0,31,31,1,770400,770400.0,770400,770400,1
7oUHzZKNKUTrlU7DYxhQ7v,72,72.0,72,72,1,45764832,4.5764832E7,45764832,45764832,1
6kwAbEjseqBob48jCus7Sz,77,77.0,77,77,1,30550549,3.0550549E7,30550549,30550549,1
2VmA7bm5ECiYZfw7x4Nzku,54,54.0,54,54,1,122802777,1.22802777E8,122802777,122802777,1
32lm3769IRfcnrQV11LO4E,45,45.0,45,45,1,11932306,1.1932306E7,11932306,11932306,1
5iZrgYy2emfaikHWkYMNPb,25,25.0,25,25,1,23528,23528.0,23528,23528,1
74FqRg4z0Lm2Nyk8pdXayt,36,36.0,36,36,1,1441722,1441722.0,1441722,1441722,1
6GNRkaWUB0Lwc19SdkTgx8,56,56.0,56,56,1,145396321,1.45396321E8,145396321,145396321,1
5Su5ILFp6U83cnIXwfmlC5,59,59.0,59,59,1,181181,181181.0,181181,181181,1
4sK96UnGx3NjBaqvfTG2dm,59,59.0,59,59,1,502300,502300.0,502300,502300,1
0y44Oz1T9uWDKg4SFDWRWH,36,36.0,36,36,1,7506632,7506632.0,7506632,7506632,1
7qnt0fSQHdYXO1l21rpqn4,34,34.0,34,34,1,111922,111922.0,111922,111922,1
0NyMrtH8mUuvtJjEpESn7J,58,58.0,58,58,1,1198145,1198145.0,1198145,1198145,1
3DNRdudZ2SstnDCVKFdXxG,8,8.0,8,8,1,5716963,5716963.0,5716963,5716963,1
1n8NKQRg8LVHy7oUhUgbFF,64,64.0,64,64,1,1604690,1604690.0,1604690,1604690,1
3H6xZgwRZx8McVUJzmMxWe,70,70.0,70,70,1,1366758,1366758.0,1366758,1366758,1
1msduWplR2g834ly9r6gU4,15,15.0,15,15,1,10,10.0,10,10,1
2yVbC32ARQ2o6C2Wi8aKRw,17,17.0,17,17,1,554064,554064.0,554064,554064,1
42zaxtRnvPQIroeZ6btUTG,43,43.0,43,43,1,10892928,1.0892928E7,10892928,10892928,1
6k01DY0P3ztcD75wSYWUsk,51,51.0,51,51,1,10637574,1.0637574E7,10637574,10637574,1
4dI7e1C5z6SNnqWI6jdLcO,40,40.0,40,40,1,259120,259120.0,259120,259120,1
7d3XwrEdbPpu6tqMYZzqur,22,22.0,22,22,1,644838,644838.0,644838,644838,1
6805Xr4nOuqWO0eYaKyk8A,28,28.0,28,28,1,69,69.0,69,69,1
3jAxxKORmAO2E9OMFIAkn9,20,20.0,20,20,1,15042,15042.0,15042,15042,1
2y6u1FsY2HSuSsn0cemmqu,37,37.0,37,37,1,2565032,2565032.0,2565032,2565032,1
4bCPIiB3tV9oPW2NUXVeh2,25,25.0,25,25,1,11026,11026.0,11026,11026,1
1XP6izZrqT8FsMaLKDAnUP,55,55.0,55,55,1,130194,130194.0,130194,130194,1
3S7HNKPakdwNEBFIVTL6dZ,64,64.0,64,64,1,145396321,1.45396321E8,145396321,145396321,1
05XtOl4zvDiOXcHjtTMIqd,36,36.0,36,36,1,5351,5351.0,5351,5351,1
1hJIbOjWpid6LtnozHmzRS,66,66.0,66,66,1,26272346,2.6272346E7,26272346,26272346,1
1imMjt1YGNebtrtTAprKV7,57,57.0,57,57,1,46886554,4.6886554E7,46886554,46886554,1
1iQDltZqI7BXnHrFy4Qo1k,32,32.0,32,32,1,196043,196043.0,196043,196043,1
3LgWsmilsrWXiPYQFRD0T7,67,67.0,67,67,1,118692183,1.18692183E8,118692183,118692183,1
4DcsVmrZKyKWhNOKbMMMQH,52,52.0,52,52,1,56712,56712.0,56712,56712,1
7Buwh9QtKvKm3UasCwHDGA,38,38.0,38,38,1,7683,7683.0,7683,7683,1
58TaFP5j5i9swOf584yon2,67,67.0,67,67,1,41131037,4.1131037E7,41131037,41131037,1
6UIo6YbaXihIZ72MWUpcGb,58,58.0,58,58,1,4968982,4968982.0,4968982,4968982,1
1UZOjK1BwmwWU14Erba9CZ,70,70.0,70,70,1,26561582,2.6561582E7,26561582,26561582,1
6mICuAdrwEjh6Y6lroV2Kg,81,81.0,81,81,1,39788275,3.9788275E7,39788275,39788275,1
6ATgDc6e4sPn84hvJsAmPt,64,64.0,64,64,1,2069542,2069542.0,2069542,2069542,1
5BoOzegGrg5XFRR8UBDtkF,55,55.0,55,55,1,47720209,4.7720209E7,47720209,47720209,1
7G2M02AruvZgH2DXkWYiJQ,30,30.0,30,30,1,4696577,4696577.0,4696577,4696577,1
3i2SZSfmDRhvSkj0vZ1owx,62,62.0,62,62,1,15689879,1.5689879E7,15689879,15689879,1
3Hb9YjZLYBLikxJ1kd4BMa,55,55.0,55,55,1,24104,24104.0,24104,24104,1
0XgRWgcs0Pcr9PSIdFWD4N,62,62.0,62,62,1,247537,247537.0,247537,247537,1
1irWWLOWtVG3c4GkB0lO4Q,0,0.0,0,0,1,62798,62798.0,62798,62798,1
1VdZ0vKfR5jneCmWIUAMxK,75,75.0,75,75,1,122802777,1.22802777E8,122802777,122802777,1
3uIGef7OSXkFdqxjFWn2o6,61,61.0,61,61,1,273600,273600.0,273600,273600,1
4lwavw59UjXUPJZtKNdFYp,75,75.0,75,75,1,42237551,4.2237551E7,42237551,42237551,1
3RDcUlLGp3SLp2AmUbUbls,56,56.0,56,56,1,1672326,1672326.0,1672326,1672326,1
1ctdfJSzp6qF2iDAVdDrfl,63,63.0,63,63,1,733057,733057.0,733057,733057,1
1KhrAWvLIjRlQIJtSTgvsi,69,69.0,69,69,1,2716219,2716219.0,2716219,2716219,1
65iyI1iybyv5ecsfBHSdUf,63,63.0,63,63,1,1661296,1661296.0,1661296,1661296,1
1BPybPVkDfUjFDvqG04l58,74,74.0,74,74,1,363740,363740.0,363740,363740,1
33ZXjLCpiINn8eQIDYEPTD,77,77.0,77,77,1,2414307,2414307.0,2414307,2414307,1
4lGXmcamckp4IE9fmMjKsY,41,41.0,41,41,1,3857056,3857056.0,3857056,3857056,1
2WlcuHhc2XMNbYHItEDsO8,19,19.0,19,19,1,23398010,2.339801E7,23398010,23398010,1
5pKJtX4wBeby9qIfFhyOJj,53,53.0,53,53,1,15542286,1.5542286E7,15542286,15542286,1
7wT275baetTMjwGNanHAno,53,53.0,53,53,1,146969,146969.0,146969,146969,1
53OW7YksYVzJIWjQGYc4xI,39,39.0,39,39,1,225797,225797.0,225797,225797,1
5oQNTH2WkhdsCEETc5XriH,44,44.0,44,44,1,31796892,3.1796892E7,31796892,31796892,1
5SShKhLCYFydCsO4L7ULMr,61,61.0,61,61,1,49067177,4.9067177E7,49067177,49067177,1
1DmW5Ep6ywYwxc2HMT5BG6,80,80.0,80,80,1,1194065,1194065.0,1194065,1194065,1
13E54FVYV7fzEfZhtrKn0K,50,50.0,50,50,1,4299545,4299545.0,4299545,4299545,1
2NcQic8JxdjAlAHuNbOIRE,68,68.0,68,68,1,34139515,3.4139515E7,34139515,34139515,1
6Xom58OOXk2SoU711L2IXO,83,83.0,83,83,1,102536542,1.02536542E8,102536542,102536542,1
0hquQWY3xvYqN4qtiquniF,71,71.0,71,71,1,34735147,3.4735147E7,34735147,34735147,1
0sb8ClU3CLoNblxkpmOKzA,3,3.0,3,3,1,7750481,7750481.0,7750481,7750481,1
2TOzTqQXNmR2zDJXihjZ2e,75,75.0,75,75,1,49050008,4.9050008E7,49050008,49050008,1
27UcQ6dAvQrgH9C880rCM3,57,57.0,57,57,1,85034636,8.5034636E7,85034636,85034636,1
7sq2z9oX2S0CvgTqCZ0ko4,73,73.0,73,73,1,703644,703644.0,703644,703644,1
7xbWAw3LMgRMn4omR5yVn3,59,59.0,59,59,1,8669911,8669911.0,8669911,8669911,1
4QnC1bIaMSfDQvF4XDhV5M,49,49.0,49,49,1,53263844,5.3263844E7,53263844,53263844,1
1FnJrD4ddWFNfCfKTiWY0w,38,38.0,38,38,1,344438,344438.0,344438,344438,1
3wuR0YSNdT9rgWfFi1lctv,52,52.0,52,52,1,1683603,1683603.0,1683603,1683603,1
1Xi84slp6FryDSCbzq4UCD,75,75.0,75,75,1,727635,727635.0,727635,727635,1
0PG9fbaaHFHfre2gUVo7AN,79,79.0,79,79,1,25956015,2.5956015E7,25956015,25956015,1
4L9Ds4mpD3SuYoWwFUlv16,66,66.0,66,66,1,5588772,5588772.0,5588772,5588772,1
0BkvZes677Mcp5WVUQjRxD,50,50.0,50,50,1,12474509,1.2474509E7,12474509,12474509,1
5qHirGR7M9tdm6C17DlzSY,65,65.0,65,65,1,2022764,2022764.0,2022764,2022764,1
2PlrYKsGndAMJ0qqVVPCoV,48,48.0,48,48,1,15695162,1.5695162E7,15695162,15695162,1
7lSdUlVf8k6kxklKkskb1m,59,59.0,59,59,1,51798111,5.1798111E7,51798111,51798111,1
45XhKYRRkyeqoW3teSOkCM,67,67.0,67,67,1,12341870,1.234187E7,12341870,12341870,1
0LwbO2KIQw1uR2FCqwaKAu,47,47.0,47,47,1,46886554,4.6886554E7,46886554,46886554,1
0w5Bdu51Ka25Pf3hojsKHh,78,78.0,78,78,1,9792848,9792848.0,9792848,9792848,1
3bIDChBaVZvtnU7cOW6k22,36,36.0,36,36,1,2625,2625.0,2625,2625,1
7MTIDmToGs0I5Oue9V0CHl,56,56.0,56,56,1,47716988,4.7716988E7,47716988,47716988,1
27SdWb2rFzO6GWiYDBTD9j,77,77.0,77,77,1,30541347,3.0541347E7,30541347,30541347,1
6bWeS98rwGkzVXxu4yJBU3,0,0.0,0,0,1,531897,531897.0,531897,531897,1
2qyhy9ndo8tTGMzXeHTisR,78,78.0,78,78,1,34748949,3.4748949E7,34748949,34748949,1
1y3r6RXiJZNBV1EI0NggpS,78,78.0,78,78,1,51798111,5.1798111E7,51798111,51798111,1
6TBGYsimcC1FarPc0I7AYN,40,40.0,40,40,1,2228312,2228312.0,2228312,2228312,1
5iHVVN1pjPiSio7qrpOhpi,28,28.0,28,28,1,13710072,1.3710072E7,13710072,13710072,1
5OiLJ8tjUPFiPX2gVM8fxJ,2,2.0,2,2,1,9553224,9553224.0,9553224,9553224,1
2JY6Af30DaD5gW8BPLZSha,37,37.0,37,37,1,412759,412759.0,412759,412759,1
4b0XF7CDpJEBAdVHMw7amV,61,61.0,61,61,1,104190,104190.0,104190,104190,1
10nyNJ6zNy2YVYLrcwLccB,86,86.0,86,86,1,13839280,1.383928E7,13839280,13839280,1
0i0W3rECQEkZJwkP1IyksQ,34,34.0,34,34,1,4971141,4971141.0,4971141,4971141,1
5nisKPCPMYqMS8f8t4Xpp9,39,39.0,39,39,1,23398010,2.339801E7,23398010,23398010,1
5MMnwYs0hIxkENRsbkWJ2G,72,72.0,72,72,1,5986611,5986611.0,5986611,5986611,1
05c5EePexW3UVTUTsBPdTq,8,8.0,8,8,1,10863,10863.0,10863,10863,1
5cUTsWrxb9uuICptTjdaac,44,44.0,44,44,1,25554,25554.0,25554,25554,1
2CnjDMdpRjlWv04Xk3s6MW,66,66.0,66,66,1,145489371,1.45489371E8,145489371,145489371,1
52wtsCSN7bHavf5HXEJFbr,57,57.0,57,57,1,130194,130194.0,130194,130194,1
0o3ua5ufFK7nfRzbDUNoGA,70,70.0,70,70,1,107389514,1.07389514E8,107389514,107389514,1
7Lq4AAvyxB8RHWQU8YuKcM,31,31.0,31,31,1,4777574,4777574.0,4777574,4777574,1
0vgMFG2ABriKV1Omi4hHJ4,43,43.0,43,43,1,71238,71238.0,71238,71238,1
53IRnAWx13PYmoVYtemUBS,76,76.0,76,76,1,7299563,7299563.0,7299563,7299563,1
3uxdBOY4eCts8eOS03J9Qf,65,65.0,65,65,1,292059,292059.0,292059,292059,1
3k7XdOax96YAFfQ9Io5s9M,56,56.0,56,56,1,28421,28421.0,28421,28421,1
0z2BVrzRVNvmnFF37mDhev,55,55.0,55,55,1,7222118,7222118.0,7222118,7222118,1
3sa06xVNmLLYIxdNNmVQN8,69,69.0,69,69,1,1255871,1255871.0,1255871,1255871,1
7nUcblVth02Le1VMt0ji9F,40,40.0,40,40,1,16099,16099.0,16099,16099,1
6ws029JdM7CyhLgxto9MSU,34,34.0,34,34,1,2583984,2583984.0,2583984,2583984,1
6rW6FUhOATT7dBnup6UVHx,32,32.0,32,32,1,1502,1502.0,1502,1502,1
5e0726B3tYcuFnXXQ630Q7,43,43.0,43,43,1,4307803,4307803.0,4307803,4307803,1
6FFrva3VXMwabDvuHkX4ZU,56,56.0,56,56,1,963894,963894.0,963894,963894,1
0kzw2tRyuL9rzipi5ntlIy,60,60.0,60,60,1,2239954,2239954.0,2239954,2239954,1
2TeLIzFBe3hxkPR5FIQZut,72,72.0,72,72,1,26278854,2.6278854E7,26278854,26278854,1
6aLOekfwbytwWvQftxTEF0,51,51.0,51,51,1,145396321,1.45396321E8,145396321,145396321,1
52gvlDnre9craz9dKGObp8,68,68.0,68,68,1,415464,415464.0,415464,415464,1
2ZTaDBKD75iY6K3KKwXbSR,45,45.0,45,45,1,58949,58949.0,58949,58949,1
2Cd9iWfcOpGDHLz6tVA3G4,8,8.0,8,8,1,39809584,3.9809584E7,39809584,39809584,1
5CgImDCwodR7FKwd79i8Gv,49,49.0,49,49,1,301226,301226.0,301226,301226,1
0J1SCbRfBlJFlyhxCOPYxJ,36,36.0,36,36,1,19717,19717.0,19717,19717,1
5SpHSOne318K5q7EBYndT6,53,53.0,53,53,1,37431031,3.7431031E7,37431031,37431031,1
0LATteOxdYq4vXTNZ97r77,63,63.0,63,63,1,779731,779731.0,779731,779731,1
4euAGZTszWPrriggYK0HG9,79,79.0,79,79,1,14884765,1.4884765E7,14884765,14884765,1
3OnCnEWgy79xR5pr2kv4TX,47,47.0,47,47,1,137984,137984.0,137984,137984,1
760clbeDBWmBsBLbszWuNZ,55,55.0,55,55,1,333376,333376.0,333376,333376,1
5hw7dvgBRLvlCiALWwujYz,29,29.0,29,29,1,54636,54636.0,54636,54636,1
3Dy4xsff7c0fRaTJpA54yd,79,79.0,79,79,1,27141717,2.7141717E7,27141717,27141717,1
2AFgJ1Azad5HjsTa2QhFlZ,27,27.0,27,27,1,69,69.0,69,69,1
2JDKuwNu7ppELwLKKhRDVf,13,13.0,13,13,1,2,2.0,2,2,1
3kDO0ttXrVCWbKCS3sQeC1,70,70.0,70,70,1,1366758,1366758.0,1366758,1366758,1
3UDqYP3Sa9phBFAATXOixA,68,68.0,68,68,1,1364231,1364231.0,1364231,1364231,1
4uHuy9nBZi3P6uXxLjZxa7,53,53.0,53,53,1,130194,130194.0,130194,130194,1
418FPu58H5Q7hg3O2PBJhe,47,47.0,47,47,1,68465,68465.0,68465,68465,1
2Nru64NIfEGWsYioBy1s5C,46,46.0,46,46,1,130194,130194.0,130194,130194,1
1KQ0AjjjByOHxGSCfrMJ7Q,41,41.0,41,41,1,963,963.0,963,963,1
3xkHsmpQCBMytMJNiDf3Ii,88,88.0,88,88,1,7045466,7045466.0,7045466,7045466,1
17cia5k4BpGVlyEfqrFH50,74,74.0,74,74,1,49050008,4.9050008E7,49050008,49050008,1
0Gb6pfKdfoQ17jUqx1Yohc,50,50.0,50,50,1,26561582,2.6561582E7,26561582,26561582,1
4VMRsbfZzd3SfQtaJ1Wpwi,69,69.0,69,69,1,112957721,1.12957721E8,112957721,112957721,1
5L1WMbYfNFkmlyG407ke6S,50,50.0,50,50,1,2133043,2133043.0,2133043,2133043,1
6YHDQXIMTpcBHfsUqsvSgx,21,21.0,21,21,1,4292,4292.0,4292,4292,1
0zqBZqm5czQ3A4EoSdKFHj,60,60.0,60,60,1,41264069,4.1264069E7,41264069,41264069,1
550erGcdD9n6PnwxrvYqZT,62,62.0,62,62,1,145396321,1.45396321E8,145396321,145396321,1
67BtfxlNbhBmCDR2L2l8qd,69,69.0,69,69,1,12310527,1.2310527E7,12310527,12310527,1
1Bg2CNZw6S4e9cGWPmi0uI,65,65.0,65,65,1,15026799,1.5026799E7,15026799,15026799,1
41EgG6zD47crJxHLgD42CO,37,37.0,37,37,1,49083617,4.9083617E7,49083617,49083617,1
4ja2gzrNh9VNigzoXfmbwD,1,1.0,1,1,1,242892,242892.0,242892,242892,1
6uFn47ACjqYkc0jADwEdj1,73,73.0,73,73,1,13052901,1.3052901E7,13052901,13052901,1
5nzhL67GpF9szXWg5y509A,73,73.0,73,73,1,21650642,2.1650642E7,21650642,21650642,1
21RzyxY3EFaxVy6K4RqaU9,75,75.0,75,75,1,691772,691772.0,691772,691772,1
3l4ocz4JRx92xTAnqNTgGG,48,48.0,48,48,1,374677,374677.0,374677,374677,1
35RaFNWvYLgutIP2sO8axR,39,39.0,39,39,1,88407,88407.0,88407,88407,1
1Ey7PyLGNxvJNvzrxPMLMV,0,0.0,0,0,1,10472219,1.0472219E7,10472219,10472219,1
03XjE0nqkkQvktjlRXmsV6,0,0.0,0,0,1,15695162,1.5695162E7,15695162,15695162,1
2h1IPjP471JJRSShTHRUhi,0,0.0,0,0,1,107389514,1.07389514E8,107389514,107389514,1
7oAuqs6akGnPU3Tb00ZmyM,78,78.0,78,78,1,41176723,4.1176723E7,41176723,41176723,1
5dyDkXi1bnQKSyIdO0JXp8,1,1.0,1,1,1,45865,45865.0,45865,45865,1
7F8JbSCPBXm3IxMx2UMMhH,51,51.0,51,51,1,1405055,1405055.0,1405055,1405055,1
0FMjqbY3aWo1QDbo3GwXib,66,66.0,66,66,1,60804949,6.0804949E7,60804949,60804949,1
7GMiEYPbQgEHYouceWWxQr,25,25.0,25,25,1,39798156,3.9798156E7,39798156,39798156,1
1u6GCyU5atrzrAqwC55og1,44,44.0,44,44,1,26564677,2.6564677E7,26564677,26564677,1
0W4Kpfp1w2xkY3PrV714B7,5,5.0,5,5,1,5903211,5903211.0,5903211,5903211,1
314rgASNh722JZAnITZOeQ,0,0.0,0,0,1,120141,120141.0,120141,120141,1
2a8CtZyPdd8w2csZh7oxpc,44,44.0,44,44,1,10371098,1.0371098E7,10371098,10371098,1
7CZiLgkiVHhFcDkI2Y4lZ4,0,0.0,0,0,1,7052478,7052478.0,7052478,7052478,1
6vc2Jq2vaGu8z326kSrw92,78,78.0,78,78,1,9154839,9154839.0,9154839,9154839,1
1HfxPaJggVwFsvOtHbVzMz,49,49.0,49,49,1,161597,161597.0,161597,161597,1
54Y3ThTJ4b5YcBnZvAR0I6,29,29.0,29,29,1,1327604,1327604.0,1327604,1327604,1
0ntQJM78wzOLVeCUAW7Y45,83,83.0,83,83,1,5757305,5757305.0,5757305,5757305,1
4u4VElxO7JM4IR4jR4TL1s,61,61.0,61,61,1,218503,218503.0,218503,218503,1
0yac0FPhLRH9i9lOng3f81,77,77.0,77,77,1,3922290,3922290.0,3922290,3922290,1
2JnFCGmwCyvMX4osX2EmN9,0,0.0,0,0,1,4718,4718.0,4718,4718,1
5e0O7MjhNHq9G67qDFM8nR,57,57.0,57,57,1,267614,267614.0,267614,267614,1
5CXokdWISVHIcq4BsKwDvJ,51,51.0,51,51,1,1103638,1103638.0,1103638,1103638,1
3d3M8vIeW48Evttna1korw,18,18.0,18,18,1,23391272,2.3391272E7,23391272,23391272,1
2Eim9dmcVdtSHQe0UV50pV,26,26.0,26,26,1,23384088,2.3384088E7,23384088,23384088,1
5CQ30WqJwcep0pYcV4AMNc,79,79.0,79,79,1,15974926,1.5974926E7,15974926,15974926,1
29HtYBjZ4R0ZuEdmlrxJIt,30,30.0,30,30,1,183,183.0,183,183,1
5pOnmZnc4FsF9e04Etv5X3,47,47.0,47,47,1,78478,78478.0,78478,78478,1
1tJ1dV7PecKcLxRPxVefNP,21,21.0,21,21,1,553964,553964.0,553964,553964,1
7k2nR2eTRVuzAMCXUj3HMv,54,54.0,54,54,1,47720209,4.7720209E7,47720209,47720209,1
3EJ22lVARDROJPOAI1PdmW,30,30.0,30,30,1,159294,159294.0,159294,159294,1
0sZHxhoBaK0YEvvMV8blr6,65,65.0,65,65,1,10638829,1.0638829E7,10638829,10638829,1
7x9aauaA9cu6tyfpHnqDLo,77,77.0,77,77,1,18615260,1.861526E7,18615260,18615260,1
6RQ5IwG7uADz9LDWliJGjU,67,67.0,67,67,1,33043825,3.3043825E7,33043825,33043825,1
5lAnYvAIkSDNXqfo7DyFUm,75,75.0,75,75,1,34748949,3.4748949E7,34748949,34748949,1
1dBBmAddRRIw6GwF7dPz6z,58,58.0,58,58,1,51773650,5.177365E7,51773650,51773650,1
6Im9k8u9iIzKMrmV7BWtlF,76,76.0,76,76,1,107401919,1.07401919E8,107401919,107401919,1
5ybk0RVtJLh63xcoMyLoTQ,52,52.0,52,52,1,137471,137471.0,137471,137471,1
1SROgqdmfCbOmJKehC7gNX,23,23.0,23,23,1,2099978,2099978.0,2099978,2099978,1
1SN1vSPsr4V4tIUTR3s8YW,73,73.0,73,73,1,3877733,3877733.0,3877733,3877733,1
2ff11wPbkImzyEgaa2gcWC,47,47.0,47,47,1,1373052,1373052.0,1373052,1373052,1
51rXHuKN8Loc4sUlKPODgH,67,67.0,67,67,1,1632880,1632880.0,1632880,1632880,1
1Hy6lIQbEoCCCulXwjmu3L,0,0.0,0,0,1,1605820,1605820.0,1605820,1605820,1
1R0a2iXumgCiFb7HEZ7gUE,82,82.0,82,82,1,145443567,1.45443567E8,145443567,145443567,1
1A8j067qyiNwQnZT0bzUpZ,77,77.0,77,77,1,982462,982462.0,982462,982462,1
19yTqpHTUrw7mOcRDvXYzn,0,0.0,0,0,1,1045334,1045334.0,1045334,1045334,1
4cRBqWBjuccCowYVHFlXK6,68,68.0,68,68,1,103039388,1.03039388E8,103039388,103039388,1
6yaHCAtl9kA0K3FMumR2ph,0,0.0,0,0,1,71661,71661.0,71661,71661,1
1huvTbEYtgltjQRXzrNKGi,71,71.0,71,71,1,122773292,1.22773292E8,122773292,122773292,1
50paYwbnlozRhB0xQUISpv,25,25.0,25,25,1,218834,218834.0,218834,218834,1
7BT9K9BDqq6HI2oWH5UMZQ,38,38.0,38,38,1,145396321,1.45396321E8,145396321,145396321,1
7gJtmLyPTwKzhGzMBXtuXH,57,57.0,57,57,1,145489371,1.45489371E8,145489371,145489371,1
5ZyM4VMzHSaz8OlIZRuZBH,54,54.0,54,54,1,51821190,5.182119E7,51821190,51821190,1
2ihCaVdNZmnHZWt0fvAM7B,81,81.0,81,81,1,3615053,3615053.0,3615053,3615053,1
4BD4TlnlEbqcK1ZKXamN6k,39,39.0,39,39,1,12004691,1.2004691E7,12004691,12004691,1
5n44Y1e8exufbm9mmAvopf,57,57.0,57,57,1,718254,718254.0,718254,718254,1
72hSmnleYTiiOo23q8ZJIS,64,64.0,64,64,1,919870,919870.0,919870,919870,1
4I495JoutN1NX4nh8Vep56,28,28.0,28,28,1,3430,3430.0,3430,3430,1
6SAL2SZOyxD5IE6BfqZGEp,36,36.0,36,36,1,22416,22416.0,22416,22416,1
4H3KBBAe2Fcgv9lH6E10Oe,56,56.0,56,56,1,97044,97044.0,97044,97044,1
1Hr33nMSFTrM7TcPWjW01D,41,41.0,41,41,1,9676780,9676780.0,9676780,9676780,1
5yPdkiVYsRy9H0p9osaudl,50,50.0,50,50,1,143332,143332.0,143332,143332,1
6j0k95zP3uTCusiMwE3Oj3,34,34.0,34,34,1,9661696,9661696.0,9661696,9661696,1
7lQ8MOhq6IN2w8EYcFNSUk,87,87.0,87,87,1,104539036,1.04539036E8,104539036,104539036,1
3Knohqfb9jeYzL6wMZiWLM,62,62.0,62,62,1,499011,499011.0,499011,499011,1
1UmmSKPdCtBuJsmbZG9G3u,55,55.0,55,55,1,1800092,1800092.0,1800092,1800092,1
3RqbpJQUuIAO2kmU76bINN,32,32.0,32,32,1,4971141,4971141.0,4971141,4971141,1
0TfiCAUvYa58v4R0mjbsQB,45,45.0,45,45,1,4969994,4969994.0,4969994,4969994,1
7D5n2kpYH2WSqIyEO9MeXf,1,1.0,1,1,1,35196831,3.5196831E7,35196831,35196831,1
1prZ0pr6XoRCxcrC3MCL0M,68,68.0,68,68,1,13973668,1.3973668E7,13973668,13973668,1
4JOyMhad5dD81uGYLGgKrS,54,54.0,54,54,1,30718195,3.0718195E7,30718195,30718195,1
4MCkRDnhBmPym2PTHrOkLD,16,16.0,16,16,1,12,12.0,12,12,1
261jWBGVjAGH4SuOEVLlvO,71,71.0,71,71,1,2789144,2789144.0,2789144,2789144,1
3htoQPC7v5x04gWCQz1y2S,76,76.0,76,76,1,968416,968416.0,968416,968416,1
5PAKAADzrSpMDxcaRpSDCm,59,59.0,59,59,1,85034636,8.5034636E7,85034636,85034636,1
3WQ5w7ruC3c861lHXF9Gs2,65,65.0,65,65,1,85008100,8.50081E7,85008100,85008100,1
3nm4vLwtynGobSZQd9mmVf,47,47.0,47,47,1,72278,72278.0,72278,72278,1
7G7vBr1JZB9lZBnFExXSCY,32,32.0,32,32,1,1809,1809.0,1809,1809,1
331l3xABO0HMr1Kkyh2LZq,80,80.0,80,80,1,27143729,2.7143729E7,27143729,27143729,1
52eIcoLUM25zbQupAZYoFh,78,78.0,78,78,1,23813959,2.3813959E7,23813959,23813959,1
7D4z1XXjCNn82NITgTTmLE,29,29.0,29,29,1,7683,7683.0,7683,7683,1
7gJynFtygTiif6xdoipmUm,43,43.0,43,43,1,224352,224352.0,224352,224352,1
0YiqstoUoXgePF6Oi7ySra,45,45.0,45,45,1,4952,4952.0,4952,4952,1
4t2F57l6kWrg6lX8dnMoxg,23,23.0,23,23,1,37276,37276.0,37276,37276,1
2LJ4IEWN81ZvSQpSnWhIjN,46,46.0,46,46,1,15517,15517.0,15517,15517,1
1J14CdDAvBTE1AJYUOwl6C,75,75.0,75,75,1,728004,728004.0,728004,728004,1
0Bnh732W1DVmnXtV6mhk1U,0,0.0,0,0,1,20272,20272.0,20272,20272,1
4tc97Wa8SP5f9gaaOar8Kq,62,62.0,62,62,1,26564677,2.6564677E7,26564677,26564677,1
6UVZo6UKUZC1J2KPP3IIwQ,51,51.0,51,51,1,364003,364003.0,364003,364003,1
3Tc57t9l2O8FwQZtQOvPXK,74,74.0,74,74,1,118692183,1.18692183E8,118692183,118692183,1
0mlAOSILGRys2IbvyOT5VJ,73,73.0,73,73,1,10981084,1.0981084E7,10981084,10981084,1
2VxeLyX666F8uXCJ0dZF8B,84,84.0,84,84,1,42237551,4.2237551E7,42237551,42237551,1
7HsvTUJcXRQVK6QuALkAvW,58,58.0,58,58,1,15031490,1.503149E7,15031490,15031490,1
5PIfH6BzcmH04RDmtzF0BN,73,73.0,73,73,1,14950457,1.4950457E7,14950457,14950457,1
4P76CEIXrrWT2cgS1YrTMr,55,55.0,55,55,1,46895665,4.6895665E7,46895665,46895665,1
1QG3f3TYy9mci5ogEu2PyS,47,47.0,47,47,1,452756,452756.0,452756,452756,1
0LSzBkkQZZkwV656r6etLg,55,55.0,55,55,1,1229419,1229419.0,1229419,1229419,1
6wD28rNgCubXSUl80ddnNW,36,36.0,36,36,1,4694955,4694955.0,4694955,4694955,1
2eQicp6HN8q0NlnVEkeyL6,24,24.0,24,24,1,76720,76720.0,76720,76720,1
3Z0YN50RzRtmYre1bRG8H6,0,0.0,0,0,1,3424761,3424761.0,3424761,3424761,1
3VomGOOR0ACpFodt0TrakE,36,36.0,36,36,1,394922,394922.0,394922,394922,1
5axNLgNi7PbFpabUpks2jq,33,33.0,33,33,1,1804,1804.0,1804,1804,1
009ImBOrIUlWgla8U05RAC,77,77.0,77,77,1,38400585,3.8400585E7,38400585,38400585,1
1C2bCI0UwsgIzjgNihiH6N,21,21.0,21,21,1,19323,19323.0,19323,19323,1
68rcszAg5pbVaXVvR7LFNh,67,67.0,67,67,1,447958,447958.0,447958,447958,1
4MDpkzAyG2X0dmtOU0ZESX,58,58.0,58,58,1,51773650,5.177365E7,51773650,51773650,1
3BJe4B8zGnqEdQPMvfVjuS,83,83.0,83,83,1,51798111,5.1798111E7,51798111,51798111,1
6NFVMrNI3mHeFSAwdbAYfU,46,46.0,46,46,1,47996,47996.0,47996,47996,1
7gUpO6td4OOnu0Lf9vhcIV,64,64.0,64,64,1,13212719,1.3212719E7,13212719,13212719,1
4E6cwWJWZw2zWf7VFbH7wf,72,72.0,72,72,1,1987190,1987190.0,1987190,1987190,1
5y69gQtK33qxb8a24ACkCy,0,0.0,0,0,1,715855,715855.0,715855,715855,1
3XFyAs24R0vMfbHaVtLeM8,0,0.0,0,0,1,68,68.0,68,68,1
32yottFNSCL9Nho9biIKzY,59,59.0,59,59,1,1800497,1800497.0,1800497,1800497,1
22t3vCXfjQhIiXzGVSZNOz,48,48.0,48,48,1,1309042,1309042.0,1309042,1309042,1
2w3ScXudq4aD3K5HFO5xvx,67,67.0,67,67,1,13966197,1.3966197E7,13966197,13966197,1
2ZKgStqrbnW7J2yVdbmkuu,17,17.0,17,17,1,39,39.0,39,39,1
2UqyAeGC2Wa8cvpBGbfVYO,15,15.0,15,15,1,21,21.0,21,21,1
09okFAwc61wn82VZPWhjnP,52,52.0,52,52,1,483,483.0,483,483,1
5QXODpyzgm6im2HuECDdrj,12,12.0,12,12,1,10,10.0,10,10,1
1CDQzbCz4KSQxHe7LMEgRM,71,71.0,71,71,1,104559284,1.04559284E8,104559284,104559284,1
39L3LdlHS3gqB62HPWaJRg,79,79.0,79,79,1,102500980,1.0250098E8,102500980,102500980,1
6Gpim0VEZc2UZRVcapsWIv,62,62.0,62,62,1,130408,130408.0,130408,130408,1
4DHcnVTT87F0zZhRPYmZ3B,6,6.0,6,6,1,26558356,2.6558356E7,26558356,26558356,1
30XBkzzcubUJLANeXM4D0C,50,50.0,50,50,1,3634221,3634221.0,3634221,3634221,1
1xFkcJjWuLlq8CIymwSTw9,0,0.0,0,0,1,319352,319352.0,319352,319352,1
5fQktIRonwXwj9IVTQ3Z3f,0,0.0,0,0,1,94262,94262.0,94262,94262,1
5hM5arv9KDbCHS0k9uqwjr,83,83.0,83,83,1,9517000,9517000.0,9517000,9517000,1
3pHkh7d0lzM2AldUtz2x37,74,74.0,74,74,1,145396321,1.45396321E8,145396321,145396321,1
7kUzkS03Ov7VU43VvFCVoF,48,48.0,48,48,1,79399,79399.0,79399,79399,1
2qxmye6gAegTMjLKEBoR3d,81,81.0,81,81,1,5576552,5576552.0,5576552,5576552,1
2Wj1cS0hUzWrQPzYgZJj94,51,51.0,51,51,1,21591569,2.1591569E7,21591569,21591569,1
4kWO6O1BUXcZmaxitpVUwp,67,67.0,67,67,1,7979622,7979622.0,7979622,7979622,1
4hQ6UGyWQIGJmHSo0J88JW,70,70.0,70,70,1,53267200,5.32672E7,53267200,53267200,1
08bNPGLD8AhKpnnERrAc6G,17,17.0,17,17,1,34476607,3.4476607E7,34476607,34476607,1
65RVj700avlMvHjD1YS2iF,44,44.0,44,44,1,24951,24951.0,24951,24951,1
1pLfw3OyeXSDG71k4O9YAm,41,41.0,41,41,1,2918228,2918228.0,2918228,2918228,1
3H3qBumaYj67PT3aMEBvAP,65,65.0,65,65,1,113039308,1.13039308E8,113039308,113039308,1
4SqWKzw0CbA05TGszDgMlc,87,87.0,87,87,1,1047913,1047913.0,1047913,1047913,1
2nOTvYKyk51OSs90GvMgLW,67,67.0,67,67,1,10103479,1.0103479E7,10103479,10103479,1
1HNkqx9Ahdgi1Ixy2xkKkL,86,86.0,86,86,1,122789460,1.2278946E8,122789460,122789460,1
09N6k2FECWDBNL7DF5uo3j,52,52.0,52,52,1,39788275,3.9788275E7,39788275,39788275,1
30xcAlU1PqV0gFILqZ1A1P,51,51.0,51,51,1,126704,126704.0,126704,126704,1
5RgSyslysUK17GhRli5ksZ,46,46.0,46,46,1,112995439,1.12995439E8,112995439,112995439,1
7a86XRg84qjasly9f6bPSD,74,74.0,74,74,1,3051516,3051516.0,3051516,3051516,1
5OMwQFBcte0aWFJFqrr5oj,2,2.0,2,2,1,9154839,9154839.0,9154839,9154839,1
0mm5FQG94IBVjLDKEKk2Py,37,37.0,37,37,1,3748353,3748353.0,3748353,3748353,1
0iPGHWVM6qcTARzjk0eKxy,1,1.0,1,1,1,218550,218550.0,218550,218550,1
1fJFuvU2ldmeAm5nFIHcPP,74,74.0,74,74,1,9287487,9287487.0,9287487,9287487,1
3c7Ctlw9MKlIQPxRH3fOTt,68,68.0,68,68,1,37417943,3.7417943E7,37417943,37417943,1
5Xl87hTgoBbSnEXKNse77Q,71,71.0,71,71,1,1143926,1143926.0,1143926,1143926,1
1k2OaUl9NGaBA4wa3Ommvc,57,57.0,57,57,1,3650,3650.0,3650,3650,1
62Kl67cbs2k2fG0INkjYTd,55,55.0,55,55,1,1866,1866.0,1866,1866,1
6vyiGZsNWMMc3WTNaMeJ9F,64,64.0,64,64,1,9241516,9241516.0,9241516,9241516,1
2OUK5td58k4BV2GvFdfdzr,57,57.0,57,57,1,10890822,1.0890822E7,10890822,10890822,1
5oTeS54T2KErbIe5XwJbjW,34,34.0,34,34,1,85529,85529.0,85529,85529,1
5kUpfqQhj2qtaXxlsGkxBQ,0,0.0,0,0,1,25007,25007.0,25007,25007,1
3G9Yl95jGxSQHs9VnyBwKF,45,45.0,45,45,1,263005,263005.0,263005,263005,1
0YYftFKuZmU06epZRCYuYO,47,47.0,47,47,1,1581221,1581221.0,1581221,1581221,1
0aOFLVzkfXPuh8j8v3sShe,53,53.0,53,53,1,26106,26106.0,26106,26106,1
1Ame8XTX6QHY0l0ahqUhgv,67,67.0,67,67,1,10636129,1.0636129E7,10636129,10636129,1
74RYb1C6FZnrcUCN3tv6mq,0,0.0,0,0,1,626516,626516.0,626516,626516,1
1TDeDFUYHjZKLsO6bzoVg1,53,53.0,53,53,1,6737345,6737345.0,6737345,6737345,1
14nNemG2GpRL2vTgMO9QDE,0,0.0,0,0,1,15689879,1.5689879E7,15689879,15689879,1
4TMhakloPMPS84lNHNTSa3,54,54.0,54,54,1,23384088,2.3384088E7,23384088,23384088,1
7bcy34fBT2ap1L4bfPsl9q,72,72.0,72,72,1,118692183,1.18692183E8,118692183,118692183,1
6xTp4nC8NBRSYMxGqIikSh,55,55.0,55,55,1,650334,650334.0,650334,650334,1
4txKMpsSfZRV6durPuHVq0,67,67.0,67,67,1,15031490,1.503149E7,15031490,15031490,1
1yoMvmasuxZfqHEipJhRbp,78,78.0,78,78,1,38568546,3.8568546E7,38568546,38568546,1
12Fkyg9lpmaz2zmKOfw2Y2,67,67.0,67,67,1,47726839,4.7726839E7,47726839,47726839,1
6LsAAHotRLMOHfCsSfYCsz,65,65.0,65,65,1,45700057,4.5700057E7,45700057,45700057,1
2I4RBS5SI7sg7KSN5dc1Sf,35,35.0,35,35,1,84887,84887.0,84887,84887,1
3e7sxremeOE3wTySiOhGiP,81,81.0,81,81,1,24105967,2.4105967E7,24105967,24105967,1
6vnfObZ4Ys70SBAtti1xZ9,67,67.0,67,67,1,41119579,4.1119579E7,41119579,41119579,1
3ojTJaonfkL96iIWa47SU3,64,64.0,64,64,1,28305692,2.8305692E7,28305692,28305692,1
3BuLtAmXKy5uQYl4ED1zBT,59,59.0,59,59,1,3667184,3667184.0,3667184,3667184,1
5WNgbLnDlU0VRd7XOomHdv,38,38.0,38,38,1,13493,13493.0,13493,13493,1
0nhBKubnVz9yFNNprBniWz,69,69.0,69,69,1,9462835,9462835.0,9462835,9462835,1
6C6fHTuFUxVtJpBOOaMvJr,66,66.0,66,66,1,112918137,1.12918137E8,112918137,112918137,1
4DpNNXFMMxQEKl7r0ykkWA,73,73.0,73,73,1,22219090,2.221909E7,22219090,22219090,1
3vh4UVXsvtMCfpOzVCIR4F,44,44.0,44,44,1,1475109,1475109.0,1475109,1475109,1
1gtflD7JVxpozNitZJp6xu,34,34.0,34,34,1,23565,23565.0,23565,23565,1
6GmUVqe73u5YRfUUynZK6I,0,0.0,0,0,1,3758140,3758140.0,3758140,3758140,1
4bY2SbmhtGWyQLlBP9ZH4W,50,50.0,50,50,1,7647950,7647950.0,7647950,7647950,1
2q4rjDy9WhaN3o9MvDbO21,80,80.0,80,80,1,2408533,2408533.0,2408533,2408533,1
4SrRrB27n7fiRkQcPoKfpk,74,74.0,74,74,1,13822540,1.382254E7,13822540,13822540,1
56sWRGGeRFWgFhrMOgOyZC,47,47.0,47,47,1,1200822,1200822.0,1200822,1200822,1
5yGTQzYbEdY6B9RFZJypgt,64,64.0,64,64,1,683123,683123.0,683123,683123,1
3vkQ5DAB1qQMYO4Mr9zJN6,81,81.0,81,81,1,14888609,1.4888609E7,14888609,14888609,1
75airck78OVZNUDuStHb9p,43,43.0,43,43,1,1152,1152.0,1152,1152,1
7qjZnBKE73H4Oxkopwulqe,91,91.0,91,91,1,2789144,2789144.0,2789144,2789144,1
6yxZxKwf5HzBNlcdKDjvTL,15,15.0,15,15,1,156,156.0,156,156,1
08lwoqbPtnLRzBZW92dm0l,52,52.0,52,52,1,1436277,1436277.0,1436277,1436277,1
0sbtBCiW8PPgUzcXxewHAI,26,26.0,26,26,1,73,73.0,73,73,1
726SEjbF3ToEbYbn43gnxl,75,75.0,75,75,1,1317349,1317349.0,1317349,1317349,1
6fPan2saHdFaIHuTSatORv,79,79.0,79,79,1,118692183,1.18692183E8,118692183,118692183,1
0WbzKaO91ulIuqn3WNbEiT,51,51.0,51,51,1,10636129,1.0636129E7,10636129,10636129,1
01ppKlDRCmPpusO3yNrSRY,72,72.0,72,72,1,102571645,1.02571645E8,102571645,102571645,1
09u787BYeYIGd2mFIJ505t,60,60.0,60,60,1,66734917,6.6734917E7,66734917,66734917,1
32ZGcotUVtU3Zfz9lmM8Mi,53,53.0,53,53,1,31052119,3.1052119E7,31052119,31052119,1
45Nc6nYgV3yBvAeRaZt689,56,56.0,56,56,1,34748949,3.4748949E7,34748949,34748949,1
1ayV64ur8VWgc6OPtPRl1q,59,59.0,59,59,1,34735147,3.4735147E7,34735147,34735147,1
23Gdeg8PHxK7YymMcuG0A2,8,8.0,8,8,1,1319943,1319943.0,1319943,1319943,1
7kykl0pcJjoDhuL9Minuh9,30,30.0,30,30,1,49083617,4.9083617E7,49083617,49083617,1
6tDDoYIxWvMLTdKpjFkc1B,82,82.0,82,82,1,9475754,9475754.0,9475754,9475754,1
6ft4hAq6yde8jPZY2i5zLr,66,66.0,66,66,1,965027,965027.0,965027,965027,1
3aniWcwiiYKHpm3F5TdeKD,56,56.0,56,56,1,6632477,6632477.0,6632477,6632477,1
7os53rdrgA0OU6xC5xJruX,55,55.0,55,55,1,5642925,5642925.0,5642925,5642925,1
6EmBYjrpI0VLFxG3TCawNv,0,0.0,0,0,1,3062,3062.0,3062,3062,1
4uqh9bualXNHXXwO2wPorc,55,55.0,55,55,1,38400585,3.8400585E7,38400585,38400585,1
4P9Q0GojKVXpRTJCaL3kyy,71,71.0,71,71,1,145396321,1.45396321E8,145396321,145396321,1
4TlbZgqxhJ6uN3tpVyjw90,51,51.0,51,51,1,30545962,3.0545962E7,30545962,30545962,1
7fmVIBMLYiXRtTFOlxv90i,49,49.0,49,49,1,4307803,4307803.0,4307803,4307803,1
3KkXRkHbMCARz0aVfEt68P,81,81.0,81,81,1,47716988,4.7716988E7,47716988,47716988,1
5wNLSF0W0NZyu9eRpufdqn,47,47.0,47,47,1,12450,12450.0,12450,12450,1
3GCdLUSnKSMJhs4Tj6CV3s,89,89.0,89,89,1,44592005,4.4592005E7,44592005,44592005,1
5xi2SXmF3A5AIsuGXiUIZu,44,44.0,44,44,1,35582423,3.5582423E7,35582423,35582423,1
0tBbt8CrmxbjRP0pueQkyU,76,76.0,76,76,1,53260584,5.3260584E7,53260584,53260584,1
3507Teuh1vj1L5eMAJj80O,43,43.0,43,43,1,358475,358475.0,358475,358475,1
3RKjTYlQrtLXCq5ncswBPp,65,65.0,65,65,1,618711,618711.0,618711,618711,1
6JjEVlMkfHWMeYavkEYzNO,68,68.0,68,68,1,400264,400264.0,400264,400264,1
3lML37ujKr8GdxQqCYkCoz,56,56.0,56,56,1,2177447,2177447.0,2177447,2177447,1
0SzeKh1SKNy3maV2RCvwgu,30,30.0,30,30,1,111922,111922.0,111922,111922,1
46ydq5g3k17iLJs3qMDvO6,68,68.0,68,68,1,1379500,1379500.0,1379500,1379500,1
3zHq9ouUJQFQRf3cm1rRLu,77,77.0,77,77,1,13209377,1.3209377E7,13209377,13209377,1
4A4A6dwl5DqdqrZaEtKGPR,55,55.0,55,55,1,145396321,1.45396321E8,145396321,145396321,1
6PUIzlqotEmPuBfjbwYWOB,74,74.0,74,74,1,51773650,5.177365E7,51773650,51773650,1
3sMleqdCDalZ6xsAQe8xuY,62,62.0,62,62,1,1106316,1106316.0,1106316,1106316,1
1uXbwHHfgsXcUKfSZw5ZJ0,70,70.0,70,70,1,41172203,4.1172203E7,41172203,41172203,1
7LwGBxB0h0CVmkOZxYKn0g,58,58.0,58,58,1,256468,256468.0,256468,256468,1
3bYrSlgvWacP1LZV44pfzp,67,67.0,67,67,1,7849274,7849274.0,7849274,7849274,1
0f9VZFjbmAS5erjDan7mYn,36,36.0,36,36,1,153173,153173.0,153173,153173,1
2PpruBYCo4H7WOBJ7Q2EwM,82,82.0,82,82,1,3379382,3379382.0,3379382,3379382,1
7qLXBcYW78is9LygQBziAU,64,64.0,64,64,1,9661696,9661696.0,9661696,9661696,1
6MLsahMK3VvH9NUwXOktdS,65,65.0,65,65,1,13710072,1.3710072E7,13710072,13710072,1
1MqGKtY9L5qjPi8s7gX645,56,56.0,56,56,1,1013720,1013720.0,1013720,1013720,1
6Rqn2GFlmvmV4w9Ala0I1e,75,75.0,75,75,1,3231156,3231156.0,3231156,3231156,1
4zzfmeA6MXiM9O4anGZkq5,55,55.0,55,55,1,49083617,4.9083617E7,49083617,49083617,1
0LVM1OOIe0cWde0py7wm5B,44,44.0,44,44,1,398681,398681.0,398681,398681,1
1WKafez8TM4dVYlSsxi6dS,72,72.0,72,72,1,4683168,4683168.0,4683168,4683168,1
42TE25QlSmpwnxdhTspUbn,23,23.0,23,23,1,8658,8658.0,8658,8658,1
1ObrUCFugAMJoXcvpggbOd,62,62.0,62,62,1,5976603,5976603.0,5976603,5976603,1
6h6HgJ66laDl6bY8W59Jdn,56,56.0,56,56,1,220555,220555.0,220555,220555,1
3i058E8uxTsYqJ5NWZzqSj,71,71.0,71,71,1,34133561,3.4133561E7,34133561,34133561,1
5enxwA8aAbwZbf5qCHORXi,80,80.0,80,80,1,145443567,1.45443567E8,145443567,145443567,1
75MNhvTCCKsST3YqqUiU9r,6,6.0,6,6,1,122789460,1.2278946E8,122789460,122789460,1
2M45VfmTG2tJ9eh1s5Qoa5,19,19.0,19,19,1,412886,412886.0,412886,412886,1
6Wlq9rqkxrqj5Kls4Kw14H,64,64.0,64,64,1,145443567,1.45443567E8,145443567,145443567,1
6YYF7BRXYbGIHd3FLeU9R4,52,52.0,52,52,1,49050008,4.9050008E7,49050008,49050008,1
6vGnPFWExk8QXcRmxaoX3e,54,54.0,54,54,1,49083617,4.9083617E7,49083617,49083617,1
0fyNdwiOqyXyZ1OHhtRZ5y,48,48.0,48,48,1,49083617,4.9083617E7,49083617,49083617,1
1pV3J1Zk5mh20ncHiGlPhe,59,59.0,59,59,1,2177376,2177376.0,2177376,2177376,1
5vnpANH92iEajvGwE2oQ6r,46,46.0,46,46,1,35579266,3.5579266E7,35579266,35579266,1
7FIy6N0Q90ID7u1Gh9oGfe,0,0.0,0,0,1,115851,115851.0,115851,115851,1
7eB1V5LvAdxCc7brfGhRRo,79,79.0,79,79,1,118692183,1.18692183E8,118692183,118692183,1
7I7JbDv63ZJJsSi24DyJrz,72,72.0,72,72,1,145396321,1.45396321E8,145396321,145396321,1
5QKK7785dSYrutocW7lGub,51,51.0,51,51,1,718254,718254.0,718254,718254,1
4f38RwYxPBNhdvng6rAqEA,48,48.0,48,48,1,1041835,1041835.0,1041835,1041835,1
4sNG6zQBmtq7M8aeeKJRMQ,77,77.0,77,77,1,1082134,1082134.0,1082134,1082134,1
6DOBk1Pxe7q8YFI9Ozbrb3,43,43.0,43,43,1,9838934,9838934.0,9838934,9838934,1
0NDtICd6reOb1eRx4N8OtG,44,44.0,44,44,1,4694955,4694955.0,4694955,4694955,1
53mChDyESfwn9Dz8poHRf6,78,78.0,78,78,1,12560191,1.2560191E7,12560191,12560191,1
07KdHPTGNC07DqB34T1w7M,51,51.0,51,51,1,15689879,1.5689879E7,15689879,15689879,1
7uL9Q8h4hzzCuGTZ3Yttmv,40,40.0,40,40,1,320700,320700.0,320700,320700,1
4bXCcoesMt8u99xMsbLr9U,54,54.0,54,54,1,145443567,1.45443567E8,145443567,145443567,1
1kTPQnabROVkW9bUXdCGrB,49,49.0,49,49,1,145396321,1.45396321E8,145396321,145396321,1
3dOBB8XZNu8aqi7JstoRZO,58,58.0,58,58,1,150203,150203.0,150203,150203,1
5T7ZFtCcOgkpjxcuaeZbw0,76,76.0,76,76,1,40270893,4.0270893E7,40270893,40270893,1
2PkHdCRTfVmFz1eNV5YRp9,32,32.0,32,32,1,218834,218834.0,218834,218834,1
3tCwjWLicbjsMCvXhN0WOE,63,63.0,63,63,1,1610608,1610608.0,1610608,1610608,1
6jhzQyn6cwPHc85PE4qBp0,58,58.0,58,58,1,21591569,2.1591569E7,21591569,21591569,1
3Nlz7XyJSnBkCPDNbpv6nC,28,28.0,28,28,1,21606569,2.1606569E7,21606569,21606569,1
3Tu7uWBecS6GsLsL8UONKn,69,69.0,69,69,1,11939612,1.1939612E7,11939612,11939612,1
6RcgPZ49rLWNqHiEFEmKNZ,0,0.0,0,0,1,5770,5770.0,5770,5770,1
6j7hih15xG2cdYwIJnQXsq,63,63.0,63,63,1,1257429,1257429.0,1257429,1257429,1
3oHNJECGN3bBoGXejlw2b1,68,68.0,68,68,1,38393243,3.8393243E7,38393243,38393243,1
0dyWQoMOU9oERL6c9vxtRp,61,61.0,61,61,1,104517308,1.04517308E8,104517308,104517308,1
7cUhxtLxcNZXV6Qdpi8PTO,1,1.0,1,1,1,4725236,4725236.0,4725236,4725236,1
5UBBJnFxsfjFxfrtvErQoH,67,67.0,67,67,1,3785833,3785833.0,3785833,3785833,1
0qSo7sdP4dTDPpQWO1YGsX,24,24.0,24,24,1,1214801,1214801.0,1214801,1214801,1
1n7omixiROWs5q6xpWiQuL,67,67.0,67,67,1,608571,608571.0,608571,608571,1
1Qdnvn4XlmZANCVy3XjrQo,72,72.0,72,72,1,5146839,5146839.0,5146839,5146839,1
43o7PowhXdkjBlaGC6GIfg,52,52.0,52,52,1,1800092,1800092.0,1800092,1800092,1
1FI5hblwy9ZwyPg4Jr5hni,49,49.0,49,49,1,327164,327164.0,327164,327164,1
0trHOzAhNpGCsGBEu7dOJo,71,71.0,71,71,1,4290840,4290840.0,4290840,4290840,1
0YYLatZXRuNdjgu1Hduwry,52,52.0,52,52,1,22549768,2.2549768E7,22549768,22549768,1
5aHHf6jrqDRb1fcBmue2kn,58,58.0,58,58,1,30714318,3.0714318E7,30714318,30714318,1
6RxxVIvhvWHJq1Ay6RkaHZ,52,52.0,52,52,1,19064,19064.0,19064,19064,1
5pobX21I8uZdHM8YOWItU7,80,80.0,80,80,1,42275793,4.2275793E7,42275793,42275793,1
3gQVGuji0qQJipJGYbP88J,48,48.0,48,48,1,30470,30470.0,30470,30470,1
5H0FZbH9yGZWVzqG3613ds,36,36.0,36,36,1,268,268.0,268,268,1
27qC3KK5wjQzyNenY53fep,63,63.0,63,63,1,4780589,4780589.0,4780589,4780589,1
4AajxCEwGEsmHmT4H1TwjY,85,85.0,85,85,1,2789144,2789144.0,2789144,2789144,1
3NUH1LPxCuHJ5qvZ8VJ8Gj,47,47.0,47,47,1,769,769.0,769,769,1
0wDjQ6GVOrxxlPdNGYnG1o,41,41.0,41,41,1,6371210,6371210.0,6371210,6371210,1
4QpuZ1Qbcd11aOtY1kGMRg,75,75.0,75,75,1,1943383,1943383.0,1943383,1943383,1
5DYZA2gm4SxrBkvpLdLm6Q,0,0.0,0,0,1,25945,25945.0,25945,25945,1
4w2GLmK2wnioVnb5CPQeex,76,76.0,76,76,1,6315216,6315216.0,6315216,6315216,1
6oGaiEmRukrU7cafXnnxph,0,0.0,0,0,1,3595,3595.0,3595,3595,1
7F3q1XtxXjKFoTyo14fGQn,45,45.0,45,45,1,1990839,1990839.0,1990839,1990839,1
7aRCf5cLOFN1U7kvtChY1G,72,72.0,72,72,1,103067383,1.03067383E8,103067383,103067383,1
20UK2eUwlRzNuW60gzITuj,47,47.0,47,47,1,340014,340014.0,340014,340014,1
2WzAAerBvZvvFXgUpSwHZ9,63,63.0,63,63,1,192204,192204.0,192204,192204,1
3S8jK1mGzQi24ilFb45DAZ,70,70.0,70,70,1,85034636,8.5034636E7,85034636,85034636,1
4iJyoBOLtHqaGxP12qzhQI,80,80.0,80,80,1,85008100,8.50081E7,85008100,85008100,1
3ZapannD8BcNgyMheNdAaw,0,0.0,0,0,1,2177376,2177376.0,2177376,2177376,1
7CAbF0By0Fpnbiu6Xn5ZF7,73,73.0,73,73,1,6631275,6631275.0,6631275,6631275,1
2I8YAEA1VmCuP1wkJHMpTw,64,64.0,64,64,1,145542136,1.45542136E8,145542136,145542136,1
5yY9lUy8nbvjM1Uyo1Uqoc,72,72.0,72,72,1,22675640,2.267564E7,22675640,22675640,1
6fTt0CH2t0mdeB2N9XFG5r,63,63.0,63,63,1,12309710,1.230971E7,12309710,12309710,1
285pBltuF7vW8TeWk8hdRR,82,82.0,82,82,1,42551578,4.2551578E7,42551578,42551578,1
4LmAnpjlhWTahvRkYR8xJa,59,59.0,59,59,1,5039779,5039779.0,5039779,5039779,1
4SNtyKNyYJ8ERT7YLlnFBr,65,65.0,65,65,1,1524907,1524907.0,1524907,1524907,1
1yvMUkIOTeUNtNWlWRgANS,78,78.0,78,78,1,30545962,3.0545962E7,30545962,30545962,1
433P7tDcIAi6NLnf4Sh6tI,64,64.0,64,64,1,103039388,1.03039388E8,103039388,103039388,1
7k9GuJYLp2AzqokyEdwEw2,54,54.0,54,54,1,49248,49248.0,49248,49248,1
5QmdK8QFbY8TLVKPuJzexD,3,3.0,3,3,1,939937,939937.0,939937,939937,1
6oVhL0lLUMswqSV3VcKwJO,49,49.0,49,49,1,881054,881054.0,881054,881054,1
2NlmmAjGYrrjAp0MED5rGx,53,53.0,53,53,1,145443567,1.45443567E8,145443567,145443567,1
0fioLzGM8ngbD1w6fMmm45,0,0.0,0,0,1,26275803,2.6275803E7,26275803,26275803,1
3QuEpyj4kTRWiWuckd1hcK,55,55.0,55,55,1,42237551,4.2237551E7,42237551,42237551,1
0UqDHyajhOTknbgj1IjuNM,61,61.0,61,61,1,7220459,7220459.0,7220459,7220459,1
4NpDZPwSXmL0cCTaJuVrCw,76,76.0,76,76,1,7218544,7218544.0,7218544,7218544,1
6JhkNS62fXEiSTVKvou61C,40,40.0,40,40,1,4969994,4969994.0,4969994,4969994,1
3CmHvyZQQAGkKkTjTBFWN6,73,73.0,73,73,1,22721546,2.2721546E7,22721546,22721546,1
3Z25k4ZF6QENy2d9YatsM5,62,62.0,62,62,1,30726377,3.0726377E7,30726377,30726377,1
0Z2J91b2iTGLVTZC4fKgxf,80,80.0,80,80,1,22555572,2.2555572E7,22555572,22555572,1
6q43CVVE0VXEWlDjPdgH0c,32,32.0,32,32,1,5701,5701.0,5701,5701,1
4tniPU1iKcOa0VIjzOVxYi,55,55.0,55,55,1,42256604,4.2256604E7,42256604,42256604,1
6Ur4ZVoemg8EI6WT7aHBWk,62,62.0,62,62,1,15702014,1.5702014E7,15702014,15702014,1
6gBZsUc90myWngMU5VRYp5,65,65.0,65,65,1,9241516,9241516.0,9241516,9241516,1
3AEkhVn1MKsNYtVpVP58TV,17,17.0,17,17,1,553964,553964.0,553964,553964,1
1IzCS4zuowRsXu4YS8caOB,62,62.0,62,62,1,47720209,4.7720209E7,47720209,47720209,1
6h7BZEKFDFk8YMjgI86rjo,3,3.0,3,3,1,12548,12548.0,12548,12548,1
4uVML1MFsShK561usIGmX5,1,1.0,1,1,1,12548,12548.0,12548,12548,1
6F12MoUtqXHy8Pdy110YeS,65,65.0,65,65,1,19064,19064.0,19064,19064,1
6cs7PMoobGoGVz8xZlAnXb,50,50.0,50,50,1,4777574,4777574.0,4777574,4777574,1
1K39ty6o1sHwwlZwO6a7wK,75,75.0,75,75,1,145542136,1.45542136E8,145542136,145542136,1
2pdbNPIBRuAyspK97Blj0a,45,45.0,45,45,1,6595164,6595164.0,6595164,6595164,1
3TKakBgJaTH5INk0WhU4xP,72,72.0,72,72,1,77490,77490.0,77490,77490,1
4h9wh7iOZ0GGn8QVp4RAOB,81,81.0,81,81,1,18706004,1.8706004E7,18706004,18706004,1
4nAkPawzPeuy6V5h3ML8Ks,32,32.0,32,32,1,5446,5446.0,5446,5446,1
2etHQJxIbV0soyPhelVs9Y,65,65.0,65,65,1,2640883,2640883.0,2640883,2640883,1
2gVhfX2Gy1T9kDuS9azrF7,66,66.0,66,66,1,145443567,1.45443567E8,145443567,145443567,1
1dLXLETYiZohIZWnse4ypG,49,49.0,49,49,1,24108798,2.4108798E7,24108798,24108798,1
0twDAXczv1xpsH27t2fNO7,0,0.0,0,0,1,404,404.0,404,404,1
4hs2FbesB8qo6H5Berbikd,56,56.0,56,56,1,1105908,1105908.0,1105908,1105908,1
6zeeWid2sgw4lap2jV61PZ,70,70.0,70,70,1,16946293,1.6946293E7,16946293,16946293,1
6cblRiEGDRNZgowcm951R3,66,66.0,66,66,1,103039388,1.03039388E8,103039388,103039388,1
4XLu3tTSZiPFVC9mmuR6Zp,51,51.0,51,51,1,35579266,3.5579266E7,35579266,35579266,1
2fF3QzbGCrtrDXIdWcg1mv,29,29.0,29,29,1,145443567,1.45443567E8,145443567,145443567,1
4AAe07QOjdKUTTaRkzKNR5,36,36.0,36,36,1,97039,97039.0,97039,97039,1
72jbDTw1piOOj770jWNeaG,79,79.0,79,79,1,21359561,2.1359561E7,21359561,21359561,1
0NWqNXBJTpXbkI5rPWNy3p,61,61.0,61,61,1,112957721,1.12957721E8,112957721,112957721,1
4irYeuAi87yyGHcI4h9s0x,0,0.0,0,0,1,8957416,8957416.0,8957416,8957416,1
3sYDVtqO35oRSOIMx7dOqR,67,67.0,67,67,1,51798111,5.1798111E7,51798111,51798111,1
3K1tdhoeE6koNnWgAxEK9Y,71,71.0,71,71,1,22220366,2.2220366E7,22220366,22220366,1
6jG2YzhxptolDzLHTGLt7S,74,74.0,74,74,1,41172203,4.1172203E7,41172203,41172203,1
2vEuxSbxYtQFKcjN04UVKJ,21,21.0,21,21,1,39777995,3.9777995E7,39777995,39777995,1
3JEPfsHlaIfPsB6I8BY4Sl,47,47.0,47,47,1,5042529,5042529.0,5042529,5042529,1
2IcdRlgkwZuVC6AQdawHJ2,47,47.0,47,47,1,88437,88437.0,88437,88437,1
4h8VwCb1MTGoLKueQ1WgbD,9,9.0,9,9,1,23434999,2.3434999E7,23434999,23434999,1
3vooOYHU0Fi3ViCG7Ozh0Y,66,66.0,66,66,1,21591569,2.1591569E7,21591569,21591569,1
1n8rB9AhxiAvVP1E2c3yOd,48,48.0,48,48,1,145489371,1.45489371E8,145489371,145489371,1
2KHdTGFledSbPFx018uqdi,36,36.0,36,36,1,9782,9782.0,9782,9782,1
1mjMXiWYKSJ5XmJCC0O9HJ,59,59.0,59,59,1,68997177,6.8997177E7,68997177,68997177,1
66TRwr5uJwPt15mfFkzhbi,76,76.0,76,76,1,2408533,2408533.0,2408533,2408533,1
4pW1ftcpCJt1VxbPwVknz0,1,1.0,1,1,1,14091,14091.0,14091,14091,1
3AszgPDZd9q0DpDFt4HFBy,57,57.0,57,57,1,3382362,3382362.0,3382362,3382362,1
4aeCuOowYXJXrMZsVHZbfF,49,49.0,49,49,1,13822540,1.382254E7,13822540,13822540,1
5BQxl9Syi3aB0NC7kHGuy7,22,22.0,22,22,1,23384088,2.3384088E7,23384088,23384088,1
3X5BaX4nDeHQUJC5nLsiTy,53,53.0,53,53,1,8682,8682.0,8682,8682,1
4GBNnoGf1FgsPtsgghZ381,54,54.0,54,54,1,13999205,1.3999205E7,13999205,13999205,1
7rVmzyFA7f4rNGl9onF21E,67,67.0,67,67,1,112918137,1.12918137E8,112918137,112918137,1
0o9qBOmQbJCDZwPE3ODJPY,41,41.0,41,41,1,146944,146944.0,146944,146944,1
0CF9IePuDBqmQPWEgjQoX8,43,43.0,43,43,1,192735,192735.0,192735,192735,1
492ceDtqmafb6QD1Xfhpmo,71,71.0,71,71,1,8928,8928.0,8928,8928,1
0FPCqTZoiZpEs324IJFFpQ,57,57.0,57,57,1,10895519,1.0895519E7,10895519,10895519,1
0iB5f04XdJ2tcfhoVkeLV8,75,75.0,75,75,1,11247155,1.1247155E7,11247155,11247155,1
0LbZLBBZI1NfaDgb4dx0UD,65,65.0,65,65,1,26558356,2.6558356E7,26558356,26558356,1
1vvcEHQdaUTvWt0EIUYcFK,60,60.0,60,60,1,12478974,1.2478974E7,12478974,12478974,1
5w40ZYhbBMAlHYNDaVJIUu,74,74.0,74,74,1,47720209,4.7720209E7,47720209,47720209,1
46cdw28EXOhDPnD1emDC6T,1,1.0,1,1,1,467788,467788.0,467788,467788,1
1ri9ZUkBJVFUdgwzCnfcYs,69,69.0,69,69,1,16646605,1.6646605E7,16646605,16646605,1
5Fw2jZDnkv3k49Uq5NDLjg,0,0.0,0,0,1,9183,9183.0,9183,9183,1
0WSEq9Ko4kFPt8yo3ICd6T,71,71.0,71,71,1,31038851,3.1038851E7,31038851,31038851,1
09yItO0N246XPP2j55EpYO,48,48.0,48,48,1,2177177,2177177.0,2177177,2177177,1
27OeeYzk6klgBh83TSvGMA,3,3.0,3,3,1,6595164,6595164.0,6595164,6595164,1
0otRX6Z89qKkHkQ9OqJpKt,83,83.0,83,83,1,20848055,2.0848055E7,20848055,20848055,1
44ADyYoY5liaRa3EOAl4uf,1,1.0,1,1,1,26568626,2.6568626E7,26568626,26568626,1
40Rpg3LkZwwzuHJ3GdjMma,52,52.0,52,52,1,12471348,1.2471348E7,12471348,12471348,1
7uX3gufAoBVqKVoD3dBLLD,56,56.0,56,56,1,118728633,1.18728633E8,118728633,118728633,1
6ilc4vQcwMPlvAHFfsTGng,9,9.0,9,9,1,17373704,1.7373704E7,17373704,17373704,1
27PTd8bvvSpk9qXtNwxbe7,54,54.0,54,54,1,107418606,1.07418606E8,107418606,107418606,1
7vRriwrloYVaoAe3a9wJHe,73,73.0,73,73,1,1588874,1588874.0,1588874,1588874,1
5MeZ2oryBpcktBzNte6tEE,37,37.0,37,37,1,173156,173156.0,173156,173156,1
2KrOAg6FftbjgSKdd2a4rS,57,57.0,57,57,1,145396321,1.45396321E8,145396321,145396321,1
4RXpgGM7A4Hg7cFBoH5KyF,4,4.0,4,4,1,23434221,2.3434221E7,23434221,23434221,1
6z5Yh7kOKeLjqIsNdokIpU,66,66.0,66,66,1,4307803,4307803.0,4307803,4307803,1
5zyfzNnBzN7f7PVkJFnW2g,56,56.0,56,56,1,60830643,6.0830643E7,60830643,60830643,1
1d5dIwX0QGabBASb3gI3VA,47,47.0,47,47,1,11936949,1.1936949E7,11936949,11936949,1
5zTzDqrEmseqL2G8ElgBu7,0,0.0,0,0,1,12004691,1.2004691E7,12004691,12004691,1
4kflIGfjdZJW4ot2ioixTB,2,2.0,2,2,1,66720643,6.6720643E7,66720643,66720643,1
6gI6Ra5ajMJTjioyETyW7D,44,44.0,44,44,1,3836,3836.0,3836,3836,1
0Ajm7DFmbGEURySKm7G2jf,69,69.0,69,69,1,7052478,7052478.0,7052478,7052478,1
5wQnmLuC1W7ATsArWACrgW,80,80.0,80,80,1,10298850,1.029885E7,10298850,10298850,1
6NM525U7IB4Zhpn8d921uX,45,45.0,45,45,1,3165404,3165404.0,3165404,3165404,1
1m4ZjbibTvvmYIJyXAIuxv,50,50.0,50,50,1,1605379,1605379.0,1605379,1605379,1
4hrae8atte6cRlSC9a7VCO,3,3.0,3,3,1,2152404,2152404.0,2152404,2152404,1
48mJX8glOrQkrSdVBjc0Wb,60,60.0,60,60,1,1200822,1200822.0,1200822,1200822,1
2esxVrlugqjoQtQcj82x8R,17,17.0,17,17,1,23384088,2.3384088E7,23384088,23384088,1
0dbAErtMEXKJtY1Bc2Xrry,20,20.0,20,20,1,131000,131000.0,131000,131000,1
5bzrHkXxh96jtXOIq6rC7j,34,34.0,34,34,1,2957,2957.0,2957,2957,1
4n7JWRT5fH2YqqWMljGcYf,12,12.0,12,12,1,107,107.0,107,107,1
4HtnDLx3vClYrhiqpYb5nC,43,43.0,43,43,1,785952,785952.0,785952,785952,1
4SOxaqGSBvLFYgP4rNNVvO,20,20.0,20,20,1,64,64.0,64,64,1
3awweDjWIuXNMogMClJnvE,71,71.0,71,71,1,6604924,6604924.0,6604924,6604924,1
6gPOwGszseqYL7w02opoy1,60,60.0,60,60,1,49050008,4.9050008E7,49050008,49050008,1
2uqYupMHANxnwgeiXTZXzd,82,82.0,82,82,1,416933,416933.0,416933,416933,1
5sdQOyqq2IDhvmx2lHOpwd,78,78.0,78,78,1,11611877,1.1611877E7,11611877,11611877,1
7BHy2ewm97h3omtCyq2I3H,37,37.0,37,37,1,5996,5996.0,5996,5996,1
2D4dV2KXDTszzJ3p3cFqhA,72,72.0,72,72,1,112957721,1.12957721E8,112957721,112957721,1
2m3ObD945KvpE5y9A1eUWm,59,59.0,59,59,1,145489371,1.45489371E8,145489371,145489371,1
4MGexoZc12lqE0hYkq9YYx,53,53.0,53,53,1,145489371,1.45489371E8,145489371,145489371,1
37AGgp9VP8TVJBfEat74Bj,62,62.0,62,62,1,5642925,5642925.0,5642925,5642925,1
51EMSRpNm9Rg5rGViVCczv,65,65.0,65,65,1,561316,561316.0,561316,561316,1
4y5Rc93eja2ysUeGlDNQeM,31,31.0,31,31,1,5450,5450.0,5450,5450,1
16mrdTSWwfVfOiZNw84tQC,51,51.0,51,51,1,2177177,2177177.0,2177177,2177177,1
7HLglWbzDheHZ3VZUbxGLC,47,47.0,47,47,1,21644763,2.1644763E7,21644763,21644763,1
7KZ5MMVgBVox9ycroB2UrI,63,63.0,63,63,1,41107596,4.1107596E7,41107596,41107596,1
514rhnksEwHUh6LxXsQ4Y9,65,65.0,65,65,1,53267200,5.32672E7,53267200,53267200,1
1RGasjWLZ4qMN7wbtkLa3u,71,71.0,71,71,1,118692183,1.18692183E8,118692183,118692183,1
1X9lQq3uFCamS5axIV9yBg,22,22.0,22,22,1,185071,185071.0,185071,185071,1
5bcTCxgc7xVfSaMV3RuVke,77,77.0,77,77,1,23078931,2.3078931E7,23078931,23078931,1
4VZO9ICuHMFrHlsawAoP4k,49,49.0,49,49,1,17501,17501.0,17501,17501,1
4tRLfSHpbjlIjV97RPWr9Y,0,0.0,0,0,1,2101848,2101848.0,2101848,2101848,1
3wtV2ifnHzirkAElgTGh63,58,58.0,58,58,1,60830643,6.0830643E7,60830643,60830643,1
24GW45u8aZYiFhLmnOma9u,46,46.0,46,46,1,21598900,2.15989E7,21598900,21598900,1
4lsOsGMzO1yCjGVucoWOZ1,68,68.0,68,68,1,2545147,2545147.0,2545147,2545147,1
5u1YbXeoLpDuunADJIxQpE,36,36.0,36,36,1,35140,35140.0,35140,35140,1
1gk3FhAV07q9Jg77UxnVjX,68,68.0,68,68,1,4568462,4568462.0,4568462,4568462,1
6n2GPvMJtFZ4ckoc9EWHMx,50,50.0,50,50,1,26561582,2.6561582E7,26561582,26561582,1
7eZ7ODAt9cALYnWLO8F6Fd,52,52.0,52,52,1,112957721,1.12957721E8,112957721,112957721,1
0385HqYimoTQaHZP17KwG1,3,3.0,3,3,1,23079295,2.3079295E7,23079295,23079295,1
0ltBH1JNzSvQJPjJpvTu9B,52,52.0,52,52,1,8971415,8971415.0,8971415,8971415,1
3FFcZZq3Z3EJrhUecwcMdG,1,1.0,1,1,1,17928214,1.7928214E7,17928214,17928214,1
1u1Ps262k227FPAm5BVUjd,50,50.0,50,50,1,7528620,7528620.0,7528620,7528620,1
1ua6hBq18qZLyprXjMcpyf,39,39.0,39,39,1,3014,3014.0,3014,3014,1
1wdoaja3ueHHvzobn2jE2n,49,49.0,49,49,1,4777574,4777574.0,4777574,4777574,1
7lThyMeq8wY06ZeWrPwNrn,0,0.0,0,0,1,4777574,4777574.0,4777574,4777574,1
6RpwIW5RFEANmVaZqkXSkV,8,8.0,8,8,1,1090,1090.0,1090,1090,1
2YGwSRjcY4Hjz6fktW9619,59,59.0,59,59,1,4969994,4969994.0,4969994,4969994,1
6BrMEbPSSj55nQhkgf6DnE,78,78.0,78,78,1,7728723,7728723.0,7728723,7728723,1
0mMlCTDHCyBiCv0Dj0dDyN,41,41.0,41,41,1,1866,1866.0,1866,1866,1
18jgn5QOjqsEx9TiqH4e1E,43,43.0,43,43,1,10892928,1.0892928E7,10892928,10892928,1
4MxRKmmyxI79W8cRy7MzsW,49,49.0,49,49,1,1676,1676.0,1676,1676,1
3VDscoFlf37ByuqWBPt0j6,24,24.0,24,24,1,19649,19649.0,19649,19649,1
1XTY6rA7XQosc0ynkkE9kN,72,72.0,72,72,1,4309419,4309419.0,4309419,4309419,1
6QT6j7rKt7Vk3IuV2AUO9W,81,81.0,81,81,1,49050008,4.9050008E7,49050008,49050008,1
6AhPqnecwhUB6MsLM2fOaY,43,43.0,43,43,1,55213,55213.0,55213,55213,1
3vivz6HB6mf5ELpDFjl9Lb,34,34.0,34,34,1,3547184,3547184.0,3547184,3547184,1
03tkoHY4zggSmNK4SXvHMc,24,24.0,24,24,1,21585,21585.0,21585,21585,1
1i5VGJwl7gFw0hQP4dVDgK,0,0.0,0,0,1,15684530,1.568453E7,15684530,15684530,1
3cWmqvMwVQKDigWLSZ3w9h,66,66.0,66,66,1,15026799,1.5026799E7,15026799,15026799,1
7E1jVNoWuemqUryI4FxsVD,65,65.0,65,65,1,107374593,1.07374593E8,107374593,107374593,1
4zV3Og5KgrNyZEhzrZzwuk,0,0.0,0,0,1,907757,907757.0,907757,907757,1
6OJogoHnrl8bdsgt2Wv8xi,47,47.0,47,47,1,719836,719836.0,719836,719836,1
2dgFqt3w9xIQRjhPtwNk3D,71,71.0,71,71,1,145396321,1.45396321E8,145396321,145396321,1
5ZS3gQ3D51mOjSgwJH6hGN,14,14.0,14,14,1,301499,301499.0,301499,301499,1
197Cfcl1BI9Q0ZuxKt1Zah,38,38.0,38,38,1,301499,301499.0,301499,301499,1
0JidtrxZkPKGlqc8rbE5lB,38,38.0,38,38,1,41817,41817.0,41817,41817,1
3T9CfDxFYqZWSKxd0BhZrb,63,63.0,63,63,1,45764832,4.5764832E7,45764832,45764832,1
2qxagPKgS2Wc05MLmJucBE,45,45.0,45,45,1,46895665,4.6895665E7,46895665,46895665,1
1wthp2KAndNsDPZxEGVNKK,41,41.0,41,41,1,20852039,2.0852039E7,20852039,20852039,1
2oaK4JLVnmRGIO9ytBE1bt,76,76.0,76,76,1,23226759,2.3226759E7,23226759,23226759,1
3dqUv6E7L24BDImpGJWYGL,69,69.0,69,69,1,369917,369917.0,369917,369917,1
659mtBqBiCt0Ohz7FI5cZ7,51,51.0,51,51,1,940315,940315.0,940315,940315,1
0k6DnZMLoEUH8NGD5zh2SE,75,75.0,75,75,1,28305692,2.8305692E7,28305692,28305692,1
6mH3qVIeOsnQIAho5eWwhH,61,61.0,61,61,1,390914,390914.0,390914,390914,1
7y2YUIyCuVhBidENVT0068,0,0.0,0,0,1,13211271,1.3211271E7,13211271,13211271,1
5IGIcBOolBeKNJB6VnsZ8i,52,52.0,52,52,1,9668759,9668759.0,9668759,9668759,1
67awxiNHNyjMXhVgsHuIrs,70,70.0,70,70,1,9277034,9277034.0,9277034,9277034,1
4PPiV0xlKze0D4G93UWLji,48,48.0,48,48,1,2342918,2342918.0,2342918,2342918,1
5jyUBKpmaH670zrXrE0wmO,68,68.0,68,68,1,1009832,1009832.0,1009832,1009832,1
5VQLMrWhailAhErKNUSnv1,44,44.0,44,44,1,145443567,1.45443567E8,145443567,145443567,1
4QhWbupniDd44EDtnh2bFJ,78,78.0,78,78,1,20287929,2.0287929E7,20287929,20287929,1
3ZAMtgYJFoHwJjFkhkXqKr,60,60.0,60,60,1,11542638,1.1542638E7,11542638,11542638,1
6DdO7Uae9vuo9Dr73lejwD,31,31.0,31,31,1,51798111,5.1798111E7,51798111,51798111,1
3MGJF1CDFGfjXESL2Heva0,62,62.0,62,62,1,18205037,1.8205037E7,18205037,18205037,1
1gv4xPanImH17bKZ9rOveR,75,75.0,75,75,1,18205037,1.8205037E7,18205037,18205037,1
4uQY80TKE1u4ZQZQKHzVEi,66,66.0,66,66,1,38393243,3.8393243E7,38393243,38393243,1
3j9doYYO5P45az02QB1qKS,0,0.0,0,0,1,4946,4946.0,4946,4946,1
14Qcrx6Dfjvcj0H8oV8oUW,16,16.0,16,16,1,73,73.0,73,73,1
63Pi2NAx5yCgeLhCTOrEou,84,84.0,84,84,1,1125738,1125738.0,1125738,1125738,1
3sbezh9MMCQrr4KY7zw13j,50,50.0,50,50,1,31785695,3.1785695E7,31785695,31785695,1
2NPxL1QqPrD1a7OLHjVcAP,59,59.0,59,59,1,4290840,4290840.0,4290840,4290840,1
5cZqsjVs6MevCnAkasbEOX,84,84.0,84,84,1,8166087,8166087.0,8166087,8166087,1
6sCtddSFg3foJn4K2pIhfQ,68,68.0,68,68,1,3474128,3474128.0,3474128,3474128,1
5cFyfZ4T1dlnNO6QRH66K6,48,48.0,48,48,1,4969994,4969994.0,4969994,4969994,1
4tReFKumS5bcFahdXDiM1b,76,76.0,76,76,1,5106570,5106570.0,5106570,5106570,1
4pbJqGIASGPr0ZpGpnWkDn,77,77.0,77,77,1,55195235,5.5195235E7,55195235,55195235,1
1jOLTO379yIu9aMnCkpMQl,58,58.0,58,58,1,30714318,3.0714318E7,30714318,30714318,1
4cVw1IeHrFuVS58Glolglb,25,25.0,25,25,1,2891,2891.0,2891,2891,1
51opBUruRqfn4bgIuf5nwU,56,56.0,56,56,1,42237551,4.2237551E7,42237551,42237551,1
5kyEFLnypTwNgVAWO5nN4N,43,43.0,43,43,1,21811,21811.0,21811,21811,1
0smgg2Ek3JrwQnydC0uqrF,35,35.0,35,35,1,11030,11030.0,11030,11030,1
0So4ciNFmHfZhawnplagFs,58,58.0,58,58,1,1214137,1214137.0,1214137,1214137,1
2UXo2v3rhGMvHBaBlPpe8w,31,31.0,31,31,1,11036,11036.0,11036,11036,1
2PnlsTsOTLE5jnBnNe2K0A,77,77.0,77,77,1,31785695,3.1785695E7,31785695,31785695,1
0Zl8Pv3prUGynL2PYKQg1G,0,0.0,0,0,1,1745641,1745641.0,1745641,1745641,1
5wbg8kepMFoMzHOEuxiI0q,78,78.0,78,78,1,7403257,7403257.0,7403257,7403257,1
6LAicOLiCrHw0bmaLBDbC8,58,58.0,58,58,1,10348240,1.034824E7,10348240,10348240,1
56FJytSOFacrwLOYdvg7V7,0,0.0,0,0,1,5733,5733.0,5733,5733,1
6GGtHZgBycCgGBUhZo81xe,84,84.0,84,84,1,51821190,5.182119E7,51821190,51821190,1
6sDfeHgrQvvBFdg88Qq8TM,49,49.0,49,49,1,135139,135139.0,135139,135139,1
2ER7HL3wKh5e7eKWwz02fS,0,0.0,0,0,1,73788,73788.0,73788,73788,1
496vIKS2INz840xZaKncvR,61,61.0,61,61,1,66734917,6.6734917E7,66734917,66734917,1
0e8nrvls4Qqv5Rfa2UhqmO,73,73.0,73,73,1,12310527,1.2310527E7,12310527,12310527,1
5ajjAnNRh8bxFvaVHzpPjh,71,71.0,71,71,1,8493078,8493078.0,8493078,8493078,1
65OVbaJR5O1RmwOQx0875b,76,76.0,76,76,1,103067383,1.03067383E8,103067383,103067383,1
6qCsKKS7Ol63SJW3LOIX5R,61,61.0,61,61,1,26558356,2.6558356E7,26558356,26558356,1
57j65yC2HggQfmYNc6rdOK,72,72.0,72,72,1,8768495,8768495.0,8768495,8768495,1
7InHgiDyJ0GtvnIVslWNPK,51,51.0,51,51,1,149030,149030.0,149030,149030,1
0AS63m1wHv9n4VVRizK6Hc,80,80.0,80,80,1,45706269,4.5706269E7,45706269,45706269,1
4PnNzWe1LJoAMD5j5RHpI0,63,63.0,63,63,1,3817987,3817987.0,3817987,3817987,1
2VlLbhGLVJgdOW7kKdWWFc,73,73.0,73,73,1,118692183,1.18692183E8,118692183,118692183,1
2Vastz1dhnZq0BhvasIgJ6,36,36.0,36,36,1,4694955,4694955.0,4694955,4694955,1
3dQEShIMs5TW8H3eUh11r7,60,60.0,60,60,1,112957721,1.12957721E8,112957721,112957721,1
6Qm9MaditCcx5V62rVHYqu,60,60.0,60,60,1,715689,715689.0,715689,715689,1
3Doc0i6JsXK3N1DhhYvmmV,34,34.0,34,34,1,7528679,7528679.0,7528679,7528679,1
1mXuMM6zjPgjL4asbBsgnt,69,69.0,69,69,1,38409786,3.8409786E7,38409786,38409786,1
64yrDBpcdwEdNY9loyEGbX,76,76.0,76,76,1,17330579,1.7330579E7,17330579,17330579,1
1asnqohK6MboIkoR5R3Osz,0,0.0,0,0,1,32194,32194.0,32194,32194,1
6r6wolzRxCSNuY7arMNwMe,44,44.0,44,44,1,143398,143398.0,143398,143398,1
1ICBjx8MKVqZdXCnpUVfAB,43,43.0,43,43,1,499011,499011.0,499011,499011,1
1jlG3KJ3gdYmhfuySFfpO1,78,78.0,78,78,1,12008159,1.2008159E7,12008159,12008159,1
0gmbgwZ8iqyMPmXefof8Yf,85,85.0,85,85,1,7846032,7846032.0,7846032,7846032,1
2PcGgcJ9Pp8KeDHqk3VX2S,18,18.0,18,18,1,23384088,2.3384088E7,23384088,23384088,1
4oT5126hWjtMCeZMu2RnSx,55,55.0,55,55,1,42237551,4.2237551E7,42237551,42237551,1
25jgQBxuUkGDdCG1WGKKN9,87,87.0,87,87,1,26538275,2.6538275E7,26538275,26538275,1
3xytfOwki3uHqzhvMWI6HN,59,59.0,59,59,1,85008100,8.50081E7,85008100,85008100,1
4J1xDjTOAxqpFxaRtd4zh6,64,64.0,64,64,1,6114655,6114655.0,6114655,6114655,1
76ZM9zykOducwZYWRjYsll,22,22.0,22,22,1,9683,9683.0,9683,9683,1
6SaSFVlIQC1L6Fh1QKLeFi,68,68.0,68,68,1,12328041,1.2328041E7,12328041,12328041,1
6TT1rkkXEDaITj1xSOovbY,53,53.0,53,53,1,78550,78550.0,78550,78550,1
5lfHlUT9WtSGw12jw7dSkk,61,61.0,61,61,1,49083617,4.9083617E7,49083617,49083617,1
444vevlQjTnKioLLncteGv,59,59.0,59,59,1,47716988,4.7716988E7,47716988,47716988,1
1HACm8dpVpqDnJy6TLZJgu,0,0.0,0,0,1,325311,325311.0,325311,325311,1
2fxf6o5ZqGdOAaWYzjBhpa,41,41.0,41,41,1,2348,2348.0,2348,2348,1
1HhNoOuqm1a5MXYEgAFl8o,2,2.0,2,2,1,58364373,5.8364373E7,58364373,58364373,1
1MZtr7IH5qtjIkqrXj8WOJ,57,57.0,57,57,1,9449714,9449714.0,9449714,9449714,1
6iiAfo4wTA2CVC3Uwx9uh8,61,61.0,61,61,1,145396321,1.45396321E8,145396321,145396321,1
1H7KnK26kc1YyellpbINEn,69,69.0,69,69,1,15612601,1.5612601E7,15612601,15612601,1
2Fy7HnmB6XcL9LAiEfI8EY,17,17.0,17,17,1,16520,16520.0,16520,16520,1
5USsRaiqL1RNKRm1fTJ3JM,58,58.0,58,58,1,51798111,5.1798111E7,51798111,51798111,1
0uYPsl955ngOyNBzfp0EYg,40,40.0,40,40,1,92948,92948.0,92948,92948,1
24PduPUSUwJrs4AQvPcOG9,44,44.0,44,44,1,79354,79354.0,79354,79354,1
4FMYawPobGOVURtUDCRZaz,46,46.0,46,46,1,265664,265664.0,265664,265664,1
1q1nfxQxNTbBxQZrhEcjYd,0,0.0,0,0,1,72476,72476.0,72476,72476,1
5CLGzJsGqhCEECcpnFQA8x,68,68.0,68,68,1,1409983,1409983.0,1409983,1409983,1
5hiqtrACtMJkNpaNHj0n9Z,28,28.0,28,28,1,145443567,1.45443567E8,145443567,145443567,1
5qtPsIs6BHsOGmlFsbpgL1,28,28.0,28,28,1,4430,4430.0,4430,4430,1
6B69v0kDUWJqWz1W3lNrz2,46,46.0,46,46,1,645009,645009.0,645009,645009,1
3XpWHoNyQ9yisgHkiSMT7U,22,22.0,22,22,1,4141,4141.0,4141,4141,1
4SYUUlkScpNR1QvPscXf8t,61,61.0,61,61,1,47716988,4.7716988E7,47716988,47716988,1
5F0SoxMfLTHc5IPEE9tcZx,0,0.0,0,0,1,106730,106730.0,106730,106730,1
3vv9phIu6Y1vX3jcqaGz5Z,80,80.0,80,80,1,21359561,2.1359561E7,21359561,21359561,1
3rkqoRDgiQBpmBvEhBPCC3,43,43.0,43,43,1,4972305,4972305.0,4972305,4972305,1
4tqcoej1zPvwePZCzuAjJd,80,80.0,80,80,1,27077429,2.7077429E7,27077429,27077429,1
3JsydWaf2Ev4ehaLUjj3SY,85,85.0,85,85,1,85034636,8.5034636E7,85034636,85034636,1
0NNyFQfKvZq0PyRNtQkZLJ,36,36.0,36,36,1,640544,640544.0,640544,640544,1
3yiopxxeHuwcpAg4e57Zjt,51,51.0,51,51,1,107374593,1.07374593E8,107374593,107374593,1
0nNh57CedtpSjca7uhbrtg,37,37.0,37,37,1,1441913,1441913.0,1441913,1441913,1
5fp6m6Zo4LetiWaMMrPjy5,51,51.0,51,51,1,37357,37357.0,37357,37357,1
1bM50INir8voAkVoKuvEUI,77,77.0,77,77,1,13749886,1.3749886E7,13749886,13749886,1
0SiywuOBRcynK0uKGWdCnn,85,85.0,85,85,1,42237551,4.2237551E7,42237551,42237551,1
4QRCdMTZegDH27rOUbOEFY,56,56.0,56,56,1,259200,259200.0,259200,259200,1
4iG2gAwKXsOcijVaVXzRPW,76,76.0,76,76,1,3571591,3571591.0,3571591,3571591,1
1jJci4qxiYcOHhQR247rEU,81,81.0,81,81,1,3571100,3571100.0,3571100,3571100,1
5CFthll5TbZDuWalGzrqxM,42,42.0,42,42,1,9676780,9676780.0,9676780,9676780,1
15qrWkkYCfmtu1uRpGf48L,63,63.0,63,63,1,104584370,1.0458437E8,104584370,104584370,1
6ZOBP3NvffbU4SZcrnt1k6,81,81.0,81,81,1,4907847,4907847.0,4907847,4907847,1
0w7XPnFp1jA7w7C8t89zJi,53,53.0,53,53,1,1800092,1800092.0,1800092,1800092,1
6T1HM2y4KgdPHKTeHpuedV,35,35.0,35,35,1,4968982,4968982.0,4968982,4968982,1
0I1DJdLt9BKOb7GWmWxCjo,76,76.0,76,76,1,3857056,3857056.0,3857056,3857056,1
7MfEDP2TL40OPiUDwZiyVk,40,40.0,40,40,1,23384088,2.3384088E7,23384088,23384088,1
1Q1BtmfMhRbzZ6uPV3Xk1r,54,54.0,54,54,1,7433128,7433128.0,7433128,7433128,1
6Uk0UJTOuv9HsEMEY8vPF8,14,14.0,14,14,1,402,402.0,402,402,1
1P00H6UbBZZ38joqkrn0Wc,36,36.0,36,36,1,6379004,6379004.0,6379004,6379004,1
25uMKq5kygC2woAfeetEfE,65,65.0,65,65,1,47716988,4.7716988E7,47716988,47716988,1
56UsK8ziDSA2SrD7hPtApH,64,64.0,64,64,1,72278,72278.0,72278,72278,1
6Qb7YsAqH4wWFUMbGsCpap,74,74.0,74,74,1,46886554,4.6886554E7,46886554,46886554,1
7AYmToZ5y67fBjq4RLFbuq,58,58.0,58,58,1,41172203,4.1172203E7,41172203,41172203,1
33uKUpu9ZXsHhcxRLoxnWI,75,75.0,75,75,1,7403257,7403257.0,7403257,7403257,1
2p6Fh5ruk8YUaO43huubHW,63,63.0,63,63,1,956325,956325.0,956325,956325,1
7x3PDe2wqgIoGEApGslnKN,34,34.0,34,34,1,9991,9991.0,9991,9991,1
6zJejIfVYLgjud3lTk4DLB,0,0.0,0,0,1,467908,467908.0,467908,467908,1
5RBOcBpJXaNnHCGViJmYhh,76,76.0,76,76,1,584762,584762.0,584762,584762,1
18asYwWugKjjsihZ0YvRxO,72,72.0,72,72,1,7979622,7979622.0,7979622,7979622,1
5SixeLvPsYpk7qq9lo5xYg,64,64.0,64,64,1,653844,653844.0,653844,653844,1
3GzP5kZnidYHNScG7wDGHd,0,0.0,0,0,1,5704,5704.0,5704,5704,1
463Zbb2V5mG4mFflg2RS41,51,51.0,51,51,1,113039308,1.13039308E8,113039308,113039308,1
3xHzVzvqtHw5KTjfGvMJjm,5,5.0,5,5,1,96043,96043.0,96043,96043,1
3OOq1TNTXniaeOZotrH1tW,0,0.0,0,0,1,19,19.0,19,19,1
0fiijtFXDJ9MOVwgSaEQJ5,75,75.0,75,75,1,1334303,1334303.0,1334303,1334303,1
6CagMrZXJUdGGIw6Eaepos,59,59.0,59,59,1,26559943,2.6559943E7,26559943,26559943,1
1aDklx1GaBqHFowCzz63wU,54,54.0,54,54,1,718358,718358.0,718358,718358,1
4zwq3QUKgMNk0NSLl7fpbP,69,69.0,69,69,1,580473,580473.0,580473,580473,1
7BqHUALzNBTanL6OvsqmC1,81,81.0,81,81,1,34476607,3.4476607E7,34476607,34476607,1
4ksuI04WMvUnJbHQjgs3L5,55,55.0,55,55,1,103067383,1.03067383E8,103067383,103067383,1
3CA9pLiwRIGtUBiMjbZmRw,77,77.0,77,77,1,103094105,1.03094105E8,103094105,103094105,1
3EPXxR3ImUwfayaurPi3cm,74,74.0,74,74,1,4155089,4155089.0,4155089,4155089,1
1lsBTdE6MGsKeZCD6llNu7,70,70.0,70,70,1,25306511,2.5306511E7,25306511,25306511,1
2OJiL2xsAFEucNu8pFXWVd,0,0.0,0,0,1,38492,38492.0,38492,38492,1
7tr2za8SQg2CI8EDgrdtNl,75,75.0,75,75,1,23079295,2.3079295E7,23079295,23079295,1
3eR23VReFzcdmS7TYCrhCe,76,76.0,76,76,1,8670011,8670011.0,8670011,8670011,1
3jYJFJ5Nv2wmT24QFOGicc,37,37.0,37,37,1,112003,112003.0,112003,112003,1
0Nf53RDPZEjFrQE4B5n6Vf,60,60.0,60,60,1,10539134,1.0539134E7,10539134,10539134,1
5eo5uGyM4q70CLU3LZphfu,60,60.0,60,60,1,12004691,1.2004691E7,12004691,12004691,1
5REUneyhDiCunxDY2VUvsE,27,27.0,27,27,1,23528,23528.0,23528,23528,1
4Mj3JpAE20w8zON9b2tZD1,19,19.0,19,19,1,773,773.0,773,773,1
4kTBakk3h2S678cajDcVTw,53,53.0,53,53,1,2343115,2343115.0,2343115,2343115,1
6mdasWi8SB0FQs6vLqVNt0,23,23.0,23,23,1,21606569,2.1606569E7,21606569,21606569,1
4rsW3WCZBGwhHfJWuHRwyT,1,1.0,1,1,1,1139139,1139139.0,1139139,1139139,1
4Mnnd0fBRucoxGhtG7MccI,56,56.0,56,56,1,112957721,1.12957721E8,112957721,112957721,1
68Xux7qaiqW1oM1y5zwKl1,45,45.0,45,45,1,1321,1321.0,1321,1321,1
0AIpGG5dxEgnAymhdJRSZ0,78,78.0,78,78,1,1339928,1339928.0,1339928,1339928,1
0sHW1jXe6Sou3437gJQNGA,68,68.0,68,68,1,104559284,1.04559284E8,104559284,104559284,1
6BaxqcoEM9r3LXisTyJjST,63,63.0,63,63,1,12460618,1.2460618E7,12460618,12460618,1
3rDFqo8yv93PtTmdOYOPzX,47,47.0,47,47,1,11935198,1.1935198E7,11935198,11935198,1
6IwKcFdiRQZOWeYNhUiWIv,71,71.0,71,71,1,12898539,1.2898539E7,12898539,12898539,1
70ATI6K6i1TXfRfID7bcN0,0,0.0,0,0,1,9563308,9563308.0,9563308,9563308,1
2DHgvPQD1jApRnT1DBZdrS,61,61.0,61,61,1,60830643,6.0830643E7,60830643,60830643,1
0EqtsCvcDjEz6svFsaV5HN,57,57.0,57,57,1,265205,265205.0,265205,265205,1
2aoo2jlRnM3A0NyLQqMN2f,74,74.0,74,74,1,7367112,7367112.0,7367112,7367112,1
7rBDz6W2lURrbQihF0xFIL,51,51.0,51,51,1,7437933,7437933.0,7437933,7437933,1
3dlsM9f2tA0NmLmi69iaaL,14,14.0,14,14,1,5,5.0,5,5,1
1DUgMWUUmDtJUzmpIKx7CE,11,11.0,11,11,1,940,940.0,940,940,1
4tC01INaxF5Ho7tgfckbAO,38,38.0,38,38,1,169,169.0,169,169,1
0iJ3PwXTZJLykvWxZ6oapY,30,30.0,30,30,1,162,162.0,162,162,1
0IVAYMUDvpzFxIEuGc71SM,74,74.0,74,74,1,1719900,1719900.0,1719900,1719900,1
7p6h6v4qbTIKq6iiuRcdgO,42,42.0,42,42,1,4083,4083.0,4083,4083,1
74X2u8JMVooG2QbjRxXwR8,76,76.0,76,76,1,7960904,7960904.0,7960904,7960904,1
71BqAINEnezjQfxE4VuJfq,73,73.0,73,73,1,145396321,1.45396321E8,145396321,145396321,1
2YSzYUF3jWqb9YP9VXmpjE,75,75.0,75,75,1,103039388,1.03039388E8,103039388,103039388,1
5ZQ2slXNqImBi0SdomcjYN,56,56.0,56,56,1,8793654,8793654.0,8793654,8793654,1
0mBP9X2gPCuapvpZ7TGDk3,67,67.0,67,67,1,25301942,2.5301942E7,25301942,25301942,1
4pi1G1x8tl9VfdD9bL3maT,63,63.0,63,63,1,2338401,2338401.0,2338401,2338401,1
38GBNKZUhfBkk3oNlWzRYd,75,75.0,75,75,1,118692183,1.18692183E8,118692183,118692183,1
4EoE743bWWiZ4ttkdPCNbA,53,53.0,53,53,1,8765920,8765920.0,8765920,8765920,1
5NU40QTlXrDUJzDBdv79bg,62,62.0,62,62,1,85022258,8.5022258E7,85022258,85022258,1
1daDRI9ahBonbWD8YcxOIB,81,81.0,81,81,1,26558356,2.6558356E7,26558356,26558356,1
113xf7t4qNM7038YJvauik,75,75.0,75,75,1,21598900,2.15989E7,21598900,21598900,1
7inCfDM4S3xsVzgOUqSJOH,49,49.0,49,49,1,21591569,2.1591569E7,21591569,21591569,1
1xzBco0xcoJEDXktl7Jxrr,73,73.0,73,73,1,1781959,1781959.0,1781959,1781959,1
6a0gRYXKK0YU69cXaB2RrK,60,60.0,60,60,1,81181104,8.1181104E7,81181104,81181104,1
7eBqSVxrzQZtK2mmgRG6lC,76,76.0,76,76,1,12752220,1.275222E7,12752220,12752220,1
7wkBcI20lntbYCcNn3k8iQ,36,36.0,36,36,1,1198145,1198145.0,1198145,1198145,1
2P5gfMtCcKP0CkmgqFMyPg,33,33.0,33,33,1,145443567,1.45443567E8,145443567,145443567,1
2OWKDTonST8HNko3dBlPPp,55,55.0,55,55,1,46891061,4.6891061E7,46891061,46891061,1
1rIKgCH4H52lrvDcz50hS8,82,82.0,82,82,1,10914235,1.0914235E7,10914235,10914235,1
6kex4EBAj0WHXDKZMEJaaF,69,69.0,69,69,1,12460874,1.2460874E7,12460874,12460874,1
55Am8neGJkdj2ADaM3aw5H,79,79.0,79,79,1,20852039,2.0852039E7,20852039,20852039,1
761SMhVKJlJlUCUveNcq1m,55,55.0,55,55,1,90176,90176.0,90176,90176,1
6l4xX3N7JQH5FAMgFXWsrU,49,49.0,49,49,1,24092,24092.0,24092,24092,1
5VYBergVrUDcb8QyEg70cF,3,3.0,3,3,1,17373704,1.7373704E7,17373704,17373704,1
0nrXQ2iKJFnPQYXZHKky9u,47,47.0,47,47,1,77758,77758.0,77758,77758,1
4L7jMAP8UcIe309yQmkdcO,2,2.0,2,2,1,20293960,2.029396E7,20293960,20293960,1
7dgMCxPTzL2QA59rLQfqLe,0,0.0,0,0,1,5769,5769.0,5769,5769,1
2r7BPog74oaTG5shNYiUnV,79,79.0,79,79,1,112918137,1.12918137E8,112918137,112918137,1
3fzDcbJZC7HoTHeH2Z1R4A,40,40.0,40,40,1,5161216,5161216.0,5161216,5161216,1
4X5xWMINgGA6l0GoyYkMcr,55,55.0,55,55,1,2265465,2265465.0,2265465,2265465,1
2r6DdaSbkbwoPzuK6NjLPn,62,62.0,62,62,1,26564677,2.6564677E7,26564677,26564677,1
3icywpqJ6o39VY61BXcGQS,39,39.0,39,39,1,26564677,2.6564677E7,26564677,26564677,1
4Jvz8OW0kOa6RK23YPKMtj,47,47.0,47,47,1,42275793,4.2275793E7,42275793,42275793,1
0COqiPhxzoWICwFCS4eZcp,87,87.0,87,87,1,6165678,6165678.0,6165678,6165678,1
0MKGH8UMfCnq5w7nG06oM5,5,5.0,5,5,1,23391272,2.3391272E7,23391272,23391272,1
2AVkArcfALVk2X8sfPRzya,71,71.0,71,71,1,220437,220437.0,220437,220437,1
68APF7rM3bIxKCjqeO1QSZ,68,68.0,68,68,1,394628,394628.0,394628,394628,1
4KVFJwMQtIAeRJVAIOGkye,32,32.0,32,32,1,1803,1803.0,1803,1803,1
7lCBSUxEyin3JvrGEegRah,26,26.0,26,26,1,163172,163172.0,163172,163172,1
0TQ5bJ44VHnFZyC16folF0,16,16.0,16,16,1,4,4.0,4,4,1
4XMtEsNnR4nOFeyTBQqxnp,37,37.0,37,37,1,267,267.0,267,267,1
6xV7Be6XEvkSnighmh2Tzj,90,90.0,90,90,1,24420596,2.4420596E7,24420596,24420596,1
3Y1EvIgEVw51XtgNEgpz5c,79,79.0,79,79,1,6318755,6318755.0,6318755,6318755,1
629DixmZGHc7ILtEntuiWE,81,81.0,81,81,1,118692183,1.18692183E8,118692183,118692183,1
18WFFUIsewmA8g31KAeo3e,74,74.0,74,74,1,145396321,1.45396321E8,145396321,145396321,1
5imsnhkfPCm3wajS9ksb21,53,53.0,53,53,1,22688560,2.268856E7,22688560,22688560,1
51TYqTZ1eTZsHVcrt0mmqe,39,39.0,39,39,1,78478,78478.0,78478,78478,1
4OMJGnvZfDvsePyCwRGO7X,12,12.0,12,12,1,46891061,4.6891061E7,46891061,46891061,1
6dgUya35uo964z7GZXM07g,83,83.0,83,83,1,26516295,2.6516295E7,26516295,26516295,1
6qj02zSeEJGWZ4c0dn5QzJ,62,62.0,62,62,1,34139515,3.4139515E7,34139515,34139515,1
1r6qzxz77Tvbrvqd1Q1MIN,64,64.0,64,64,1,956277,956277.0,956277,956277,1
72BP8GgwyHJK1mtZUpgYkm,25,25.0,25,25,1,340030,340030.0,340030,340030,1
2g1QPpTd4o8gTAapxEUPnz,55,55.0,55,55,1,198548,198548.0,198548,198548,1
50nfwKoDiSYg8zOCREWAm5,81,81.0,81,81,1,122773292,1.22773292E8,122773292,122773292,1
45OX2jjEw1l7lOFJfDP9fv,69,69.0,69,69,1,13266900,1.32669E7,13266900,13266900,1
4CYTQpr2jc4uBScYvpEK2w,59,59.0,59,59,1,15026799,1.5026799E7,15026799,15026799,1
71bVLWfQwDmvr1IhkvnsgK,41,41.0,41,41,1,5588772,5588772.0,5588772,5588772,1
2IKJtXeR5UsaUjZB46fTOK,58,58.0,58,58,1,107374593,1.07374593E8,107374593,107374593,1
6bdq6oMieSnPmcwrolEQgV,0,0.0,0,0,1,20279,20279.0,20279,20279,1
4UwpZj3TX1cymAooiwY1oB,30,30.0,30,30,1,5996,5996.0,5996,5996,1
5Ed7pmWTQvNYtKpEPi6HiM,0,0.0,0,0,1,194007,194007.0,194007,194007,1
6IPwKM3fUUzlElbvKw2sKl,87,87.0,87,87,1,8765920,8765920.0,8765920,8765920,1
7BobFYBxQki9axrrk1WtbD,22,22.0,22,22,1,853,853.0,853,853,1
64KRxmbqypPBlya4nxFmDn,26,26.0,26,26,1,145443567,1.45443567E8,145443567,145443567,1
1IeaUAXU0erOItNGzc2I7S,0,0.0,0,0,1,45813,45813.0,45813,45813,1
5mCPDVBb16L4XQwDdbRUpz,85,85.0,85,85,1,103067383,1.03067383E8,103067383,103067383,1
6uBhi9gBXWjanegOb2Phh0,76,76.0,76,76,1,6111369,6111369.0,6111369,6111369,1
3rchbdfMJ48si8MqFRs6wP,49,49.0,49,49,1,967620,967620.0,967620,967620,1
0pdHkJIInkch0K9jLBBRaZ,64,64.0,64,64,1,15695162,1.5695162E7,15695162,15695162,1
7rLDARtJALM7QdiJDMXW7m,61,61.0,61,61,1,41180800,4.11808E7,41180800,41180800,1
6axLEm9t29JqORFwNFUket,40,40.0,40,40,1,376028,376028.0,376028,376028,1
7I5fYc4qKJddht8Ozhqqdx,67,67.0,67,67,1,1738831,1738831.0,1738831,1738831,1
3I7OmVsk4Hm5LBbs2GmhlD,62,62.0,62,62,1,9517000,9517000.0,9517000,9517000,1
5hheGdf1cb4rK0FNiedCfK,73,73.0,73,73,1,14078228,1.4078228E7,14078228,14078228,1
6Vc5wAMmXdKIAM7WUoEb7N,70,70.0,70,70,1,649992,649992.0,649992,649992,1
6fxVffaTuwjgEk5h9QyRjy,73,73.0,73,73,1,122773292,1.22773292E8,122773292,122773292,1
0O3TAouZE4vL9dM5SyxgvH,80,80.0,80,80,1,17330082,1.7330082E7,17330082,17330082,1
2QjOHCTQ1Jl3zawyYOpxh6,91,91.0,91,91,1,21606569,2.1606569E7,21606569,21606569,1
7IohFKIwrb75c4XaqX7WWo,59,59.0,59,59,1,4427316,4427316.0,4427316,4427316,1
6mnjcTmK8TewHfyOp3fC9C,3,3.0,3,3,1,9156883,9156883.0,9156883,9156883,1
7KukxsBh9dX8qGa1P1loXb,23,23.0,23,23,1,13710072,1.3710072E7,13710072,13710072,1
1PuC9MYD9goa9IaO0QoQCB,37,37.0,37,37,1,13710072,1.3710072E7,13710072,13710072,1
7BqBn9nzAq8spo5e7cZ0dJ,84,84.0,84,84,1,75455093,7.5455093E7,75455093,75455093,1
2hdy9Wt9qp7M7d0U3ossu2,71,71.0,71,71,1,17755451,1.7755451E7,17755451,17755451,1
6ScJMrlpiLfZUGtWp4QIVt,69,69.0,69,69,1,17938214,1.7938214E7,17938214,17938214,1
507bYMYfbm6sUS9iEAaeSd,72,72.0,72,72,1,3830824,3830824.0,3830824,3830824,1
70FCugJxa7XW04Np6iYJdI,78,78.0,78,78,1,18860205,1.8860205E7,18860205,18860205,1
0jqK7sGTLsHPkQrrcrGuKD,70,70.0,70,70,1,4326825,4326825.0,4326825,4326825,1
7LAJWSKK8JMIZAcblgUMS6,56,56.0,56,56,1,2585958,2585958.0,2585958,2585958,1
18sytW2s53Of6NVudQyUlH,65,65.0,65,65,1,852150,852150.0,852150,852150,1
7sOBuRK26Ov7CR5fRSR7Om,54,54.0,54,54,1,26956,26956.0,26956,26956,1
04a44cx2PJthIbN2aLMXhl,91,91.0,91,91,1,9256589,9256589.0,9256589,9256589,1
7vQX4zU0JdBmIuQUCve0EU,40,40.0,40,40,1,227,227.0,227,227,1
7woJR9AI4OwLIpzzP6Y3Yy,40,40.0,40,40,1,32,32.0,32,32,1
3cw7Ahcd0o9sof1gf0QJZO,14,14.0,14,14,1,4,4.0,4,4,1
4XKCwXacGJ0Am1s7oD2rDM,53,53.0,53,53,1,53263844,5.3263844E7,53263844,53263844,1
32zIEMp3nOlBDTLgAMfDVB,23,23.0,23,23,1,60,60.0,60,60,1
0hzck1SKuiZM0x3oiAgeP3,63,63.0,63,63,1,15684530,1.568453E7,15684530,15684530,1
4Ir7CB5dXbd0fGBQ1rW85m,47,47.0,47,47,1,10890822,1.0890822E7,10890822,10890822,1
6ehWdR7cGDXnT7aKEASJxE,73,73.0,73,73,1,18615260,1.861526E7,18615260,18615260,1
5sp71CUt0jXRNqHblPGp7b,69,69.0,69,69,1,49050008,4.9050008E7,49050008,49050008,1
7oEQMrBcT9kvJF1mJpk5IP,1,1.0,1,1,1,17365648,1.7365648E7,17365648,17365648,1
0DWdj2oZMBFSzRsi2Cvfzf,80,80.0,80,80,1,60358474,6.0358474E7,60358474,60358474,1
0Fl4eWzVaMUOdXcOrj6F1q,62,62.0,62,62,1,41172203,4.1172203E7,41172203,41172203,1
4kJT7Yj6Za01KfKHjb7mZE,75,75.0,75,75,1,2132400,2132400.0,2132400,2132400,1
5DgMOfCM7ifytnuRYiXk1p,0,0.0,0,0,1,20920,20920.0,20920,20920,1
4NgherJDfCXWBZBYheM4jK,71,71.0,71,71,1,342581,342581.0,342581,342581,1
1Zz0sHugKITBf0ItiuhmkK,49,49.0,49,49,1,2784626,2784626.0,2784626,2784626,1
3ExweHKZF9B752DPQByRVT,56,56.0,56,56,1,145396321,1.45396321E8,145396321,145396321,1
1VEUiSaTs78NhvS2o0kIO1,0,0.0,0,0,1,289,289.0,289,289,1
0djfvA3c8AxxlQolu6zn6K,43,43.0,43,43,1,112918137,1.12918137E8,112918137,112918137,1
1MgV7FIyNxIG7WzMRJV5HC,80,80.0,80,80,1,145489371,1.45489371E8,145489371,145489371,1
2DEZmgHKAvm41k4J3R2E9Y,77,77.0,77,77,1,102500980,1.0250098E8,102500980,102500980,1
6IRdLKIyS4p7XNiP8r6rsx,72,72.0,72,72,1,118728633,1.18728633E8,118728633,118728633,1
4apiNNK0jp9uqn3JDG9My1,2,2.0,2,2,1,11004914,1.1004914E7,11004914,11004914,1
5zOAudPQIs5U8zP6LQGHmH,48,48.0,48,48,1,8585717,8585717.0,8585717,8585717,1
07NxDD1iKCHbAldceD7QLP,67,67.0,67,67,1,145489371,1.45489371E8,145489371,145489371,1
4HwDCXsMBC7SUdp2WT4MZP,80,80.0,80,80,1,10472219,1.0472219E7,10472219,10472219,1
2WLp3CjnM7iLR7aTrNdwcX,32,32.0,32,32,1,49050008,4.9050008E7,49050008,49050008,1
3hRV0jL3vUpRrcy398teAU,89,89.0,89,89,1,2166950,2166950.0,2166950,2166950,1
4R8BdwRidxAWaYyFNU00P1,70,70.0,70,70,1,648181,648181.0,648181,648181,1
0iyglTS5t81u4SFDZOGIQx,43,43.0,43,43,1,104042,104042.0,104042,104042,1
4uhSo9cVBVpdDCNxf4MBaP,59,59.0,59,59,1,51773650,5.177365E7,51773650,51773650,1
78O33U6jbQtNiNfbkZudpd,78,78.0,78,78,1,17938214,1.7938214E7,17938214,17938214,1
4pSPMXaCjbaV3VSzZQYC7H,0,0.0,0,0,1,18205037,1.8205037E7,18205037,18205037,1
7rl7ao5pb9BhvAzPdWStxi,78,78.0,78,78,1,42256604,4.2256604E7,42256604,42256604,1
717TY4sfgKQm4kFbYQIzgo,59,59.0,59,59,1,17755451,1.7755451E7,17755451,17755451,1
2OUGsO7kZyYsDBrYuQlwtg,1,1.0,1,1,1,72493,72493.0,72493,72493,1
3jzzpIMxy4AqdjuJyARWKc,38,38.0,38,38,1,22421,22421.0,22421,22421,1
3R7bfoEKPkxaukeC3ZSn4o,53,53.0,53,53,1,1215070,1215070.0,1215070,1215070,1
4KacUpvbA3Mfo05gttTjhN,72,72.0,72,72,1,4327444,4327444.0,4327444,4327444,1
7ppPZa3TRUSGKaks9wH7VT,71,71.0,71,71,1,12381444,1.2381444E7,12381444,12381444,1
4UVKy0DI1hOlL8xF99Ba5j,54,54.0,54,54,1,6505444,6505444.0,6505444,6505444,1
6mFkJmJqdDVQ1REhVfGgd1,81,81.0,81,81,1,22721546,2.2721546E7,22721546,22721546,1
5p1cQtrKCakcObQYSw4QBL,13,13.0,13,13,1,1909,1909.0,1909,1909,1
6bRShWkISHLntvD63TTbGn,42,42.0,42,42,1,729,729.0,729,729,1
56LQyaXsYWQZ2b7OPLAKEO,66,66.0,66,66,1,9241516,9241516.0,9241516,9241516,1
6hOzyj0ywlDrxOXGP44b4U,52,52.0,52,52,1,15689879,1.5689879E7,15689879,15689879,1
3It5ZyIlvFxgrxAkiQLGBR,57,57.0,57,57,1,47716988,4.7716988E7,47716988,47716988,1
6YSpHC2T6TyelO5TVeWQHA,36,36.0,36,36,1,115119,115119.0,115119,115119,1
5LrN7yUQAzvthd4QujgPFr,77,77.0,77,77,1,4684957,4684957.0,4684957,4684957,1
3dnP0JxCgygwQH9Gm7q7nb,75,75.0,75,75,1,6442976,6442976.0,6442976,6442976,1
55ccsX7MhCOtw4AlN1juZM,28,28.0,28,28,1,2114,2114.0,2114,2114,1
6ssrPy7Oy7FDFQcMlQ6Hw8,0,0.0,0,0,1,2339,2339.0,2339,2339,1
2egNpOad1kRNG32VE5uHtF,37,37.0,37,37,1,15028,15028.0,15028,15028,1
6azVi5ToFHo6KfKs6SstAC,52,52.0,52,52,1,5531839,5531839.0,5531839,5531839,1
6gI9b2VsoWhjhIuIeToDVs,2,2.0,2,2,1,44592005,4.4592005E7,44592005,44592005,1
5CzixCxDkRXX9mScCmah8O,75,75.0,75,75,1,102571645,1.02571645E8,102571645,102571645,1
3RfTeIrWS8LNrfHYwechtt,3,3.0,3,3,1,329420,329420.0,329420,329420,1
4u4NyuceXP7Uzh7XFJKCr1,65,65.0,65,65,1,85034636,8.5034636E7,85034636,85034636,1
6EPxapAlha7pEyn5kXgW3R,57,57.0,57,57,1,5642365,5642365.0,5642365,5642365,1
2U5WueTLIK5WJLD7mvDODv,76,76.0,76,76,1,42528657,4.2528657E7,42528657,42528657,1
2XW3vH6ZqMHvlzUSfhWW2X,0,0.0,0,0,1,2145729,2145729.0,2145729,2145729,1
79s5XnCN4TJKTVMSmOx8Ep,76,76.0,76,76,1,15616692,1.5616692E7,15616692,15616692,1
1iIWEIXzaEmvj01drmh0fM,0,0.0,0,0,1,12855,12855.0,12855,12855,1
4GvdsVns332wQ3JsWAg2OV,62,62.0,62,62,1,3007903,3007903.0,3007903,3007903,1
64p6ua7zpf66s62StC2QLv,62,62.0,62,62,1,413516,413516.0,413516,413516,1
55gUKnpyMQ4X5Gds6f2Shy,0,0.0,0,0,1,4779199,4779199.0,4779199,4779199,1
1pJQAHpD51J7GYaFrrFO9S,47,47.0,47,47,1,21360805,2.1360805E7,21360805,21360805,1
4VuS959DSpr82t3qBqCrWG,73,73.0,73,73,1,122773292,1.22773292E8,122773292,122773292,1
58zsLZPvfflaiIbNWoA22O,77,77.0,77,77,1,2244656,2244656.0,2244656,2244656,1
4oeaIftdpT3JuZLcCkKmVE,63,63.0,63,63,1,112918137,1.12918137E8,112918137,112918137,1
6JLiWJptfEdsz3TW4dnQGy,62,62.0,62,62,1,7054208,7054208.0,7054208,7054208,1
2YlZnw2ikdb837oKMKjBkW,72,72.0,72,72,1,15744271,1.5744271E7,15744271,15744271,1
2EmLwhd0RfEyFQjXNIenJG,63,63.0,63,63,1,9676780,9676780.0,9676780,9676780,1
7s04y518Or1UCXQxwWiOlx,19,19.0,19,19,1,21598900,2.15989E7,21598900,21598900,1
6lanRgr6wXibZr8KgzXxBl,83,83.0,83,83,1,4308713,4308713.0,4308713,4308713,1
2eF2x1BkgilhaZ2AipRY8j,67,67.0,67,67,1,66720643,6.6720643E7,66720643,66720643,1
66h8hB4In6t725WtAPL23J,55,55.0,55,55,1,104517308,1.04517308E8,104517308,104517308,1
1WtTLtofvcjQM3sXSMkDdX,62,62.0,62,62,1,3429213,3429213.0,3429213,3429213,1
360UM2DaiHZPRu0EsrOvMp,68,68.0,68,68,1,3469963,3469963.0,3469963,3469963,1
5eALoO9RRACvoxvLKF9zt4,65,65.0,65,65,1,7302348,7302348.0,7302348,7302348,1
7B1QliUMZv7gSTUGAfMRRD,66,66.0,66,66,1,5042529,5042529.0,5042529,5042529,1
6kesIBNAY17BoAz28pnWMC,68,68.0,68,68,1,3300881,3300881.0,3300881,3300881,1
4rl0xZYeGwqV43wh8qhQXX,44,44.0,44,44,1,17755451,1.7755451E7,17755451,17755451,1
4xgQw7ZW702iZpa2jIqRXP,27,27.0,27,27,1,16043117,1.6043117E7,16043117,16043117,1
62V2ZHslgQV98gH4AuVXnr,92,92.0,92,92,1,145396321,1.45396321E8,145396321,145396321,1
51IMjTw9T8BliGgPMSFqEr,42,42.0,42,42,1,25025,25025.0,25025,25025,1
2CspwnypzT7rcWI9RfsoSb,73,73.0,73,73,1,12337033,1.2337033E7,12337033,12337033,1
2GxrNKugF82CnoRFbQfzPf,80,80.0,80,80,1,1377042,1377042.0,1377042,1377042,1
6wf7Yu7cxBSPrRlWeSeK0Q,84,84.0,84,84,1,118692183,1.18692183E8,118692183,118692183,1
5pNFibJLq7dvoDVIIcQBkn,65,65.0,65,65,1,7978695,7978695.0,7978695,7978695,1
4OmfWzukSVD140NiAIEjem,71,71.0,71,71,1,6427334,6427334.0,6427334,6427334,1
3F5CgOj3wFlRv51JsHbxhe,80,80.0,80,80,1,103039388,1.03039388E8,103039388,103039388,1
35mvY5S1H3J2QZyna3TFe0,79,79.0,79,79,1,107389514,1.07389514E8,107389514,107389514,1
59qrUpoplZxbIZxk6X0Bm3,71,71.0,71,71,1,12460242,1.2460242E7,12460242,12460242,1
2mPoUsnXJBJlR9mrGTuyIN,19,19.0,19,19,1,70,70.0,70,70,1
6zYuVnHTZQbFSQ9BAhhf9S,51,51.0,51,51,1,1588874,1588874.0,1588874,1588874,1
0pM91oR6zMZcepPBklxO8Q,58,58.0,58,58,1,11034315,1.1034315E7,11034315,11034315,1
6vN77lE9LK6HP2DewaN6HZ,75,75.0,75,75,1,21644763,2.1644763E7,21644763,21644763,1
47JVgLUOFUp4iZ60wR5nv2,31,31.0,31,31,1,149033,149033.0,149033,149033,1
3abKAw6reL2U3vhAe98ZsY,57,57.0,57,57,1,5292781,5292781.0,5292781,5292781,1
3ebXMykcMXOcLeJ9xZ17XH,75,75.0,75,75,1,15121268,1.5121268E7,15121268,15121268,1
2LMkwUfqC6S6s6qDVlEuzV,84,84.0,84,84,1,20280852,2.0280852E7,20280852,20280852,1
1lpLrlyweOShEKXT1bpcDd,0,0.0,0,0,1,472580,472580.0,472580,472580,1
57kR5SniQIbsbVoIjjOUDa,74,74.0,74,74,1,9281733,9281733.0,9281733,9281733,1
5Az8KU81g2aLBbJN67F2CI,70,70.0,70,70,1,1704555,1704555.0,1704555,1704555,1
6hr4weuSidHy2LNMw8UVJ2,66,66.0,66,66,1,4140524,4140524.0,4140524,4140524,1
0qwcGscxUHGZTgq0zcaqk1,66,66.0,66,66,1,12006589,1.2006589E7,12006589,12006589,1
7hJ1fEr1nf2e4qsE4bfmcc,44,44.0,44,44,1,26558356,2.6558356E7,26558356,26558356,1
5XeFesFbtLpXzIVDNQP22n,91,91.0,91,91,1,32059138,3.2059138E7,32059138,32059138,1
4fhGY82iVNJRoREitkVvJs,41,41.0,41,41,1,21591569,2.1591569E7,21591569,21591569,1
1mKXFLRA179hdOWQBwUk9e,82,82.0,82,82,1,18203604,1.8203604E7,18203604,18203604,1
2cyLCuYnTA0zcdxYW9O3Yk,60,60.0,60,60,1,2625044,2625044.0,2625044,2625044,1
0JbSghVDghtFEurrSO8JrC,75,75.0,75,75,1,9406293,9406293.0,9406293,9406293,1
4fo7zZTzAJd66iUxDQ5xUD,43,43.0,43,43,1,124893,124893.0,124893,124893,1
0S7XIu0dn63ayGxjefd5It,57,57.0,57,57,1,301146,301146.0,301146,301146,1
7LR85XLWw2yXqKBSI5brbG,78,78.0,78,78,1,10376731,1.0376731E7,10376731,10376731,1
0PSZ9G584Ve27GK6ThlY6P,71,71.0,71,71,1,9247395,9247395.0,9247395,9247395,1
0IVAlb0cFCH1cQ974iR1TU,66,66.0,66,66,1,1631498,1631498.0,1631498,1631498,1
3UQJj5HkrsZKZFDx9JL2nZ,62,62.0,62,62,1,3371242,3371242.0,3371242,3371242,1
7J1uxwnxfQLu4APicE5Rnj,85,85.0,85,85,1,37431031,3.7431031E7,37431031,37431031,1
574y1r7o2tRA009FW0LE7v,62,62.0,62,62,1,22717804,2.2717804E7,22717804,22717804,1
0Jw3cPBXlGnA6DEJrZSTI0,56,56.0,56,56,1,456253,456253.0,456253,456253,1
79ez2OeIl0jD5tvwyoaG5B,22,22.0,22,22,1,382,382.0,382,382,1
1tMRh8jiYlmatpVeWWesCe,70,70.0,70,70,1,2885506,2885506.0,2885506,2885506,1
3R71L8KTSrVNgCyiQ6LUhG,54,54.0,54,54,1,192735,192735.0,192735,192735,1
7bn5nXdatftk0CHSrd7NHQ,71,71.0,71,71,1,1378074,1378074.0,1378074,1378074,1
5AcMQNZ4wMPHUXjnY9gB9a,0,0.0,0,0,1,864537,864537.0,864537,864537,1
2hrycoFU1mZw6YPvMcn8yC,71,71.0,71,71,1,340128,340128.0,340128,340128,1
62fqMvguJbsSs9HKhhRfuS,68,68.0,68,68,1,6315216,6315216.0,6315216,6315216,1
5VgoGgTKESo347mnjZl1ok,20,20.0,20,20,1,69,69.0,69,69,1
62E2nR0od0M5HYxuYLaDz7,71,71.0,71,71,1,145443567,1.45443567E8,145443567,145443567,1
4d9PtIEVij9jW5OaLinH66,66,66.0,66,66,1,145489371,1.45489371E8,145489371,145489371,1
2h3MDMf8sd9s4XIzpTBIjX,57,57.0,57,57,1,145489371,1.45489371E8,145489371,145489371,1
3qw7SeZ7FYkNdlQtGEMKJr,0,0.0,0,0,1,77411,77411.0,77411,77411,1
4rlQza35DE4Prh5yonxnCs,68,68.0,68,68,1,7310428,7310428.0,7310428,7310428,1
3ytMGJUOv7KvVpOSAow62b,44,44.0,44,44,1,1486975,1486975.0,1486975,1486975,1
5CRnOqHHcREG9NPtq7xHge,35,35.0,35,35,1,821037,821037.0,821037,821037,1
5TdvqBeEp4O7S8atGCUKOg,0,0.0,0,0,1,26106,26106.0,26106,26106,1
71wFwRo8xGc4lrcyKwsvba,77,77.0,77,77,1,102610644,1.02610644E8,102610644,102610644,1
0DhvbmscwStZ6KyORk9w5j,39,39.0,39,39,1,3672166,3672166.0,3672166,3672166,1
1kdWw77ZpYOkhxeuhzU1j6,65,65.0,65,65,1,145396321,1.45396321E8,145396321,145396321,1
18XtVNT6ySpgmdqtJ2gesa,39,39.0,39,39,1,3885,3885.0,3885,3885,1
3fJeJZlQVMCKZUw0BbPkSq,55,55.0,55,55,1,29433,29433.0,29433,29433,1
5bWpoR6bbx1J49ZIrrpS11,29,29.0,29,29,1,149035,149035.0,149035,149035,1
4aVmfly4CkmibiRLn5AHc2,48,48.0,48,48,1,4308713,4308713.0,4308713,4308713,1
5t3Vk8bRKylx4fjj7qlbib,74,74.0,74,74,1,118760311,1.18760311E8,118760311,118760311,1
3YU6vJbjYUG0tiJyXf9x5V,0,0.0,0,0,1,6295376,6295376.0,6295376,6295376,1
0juT0SxjBNkTPTHuFJn61I,44,44.0,44,44,1,20671,20671.0,20671,20671,1
3CyFYCjPynnKTstb7EY0fT,33,33.0,33,33,1,4848,4848.0,4848,4848,1
5mPSyjLatqB00IkPqRlbTE,59,59.0,59,59,1,103067383,1.03067383E8,103067383,103067383,1
42ydLwx4i5V49RXHOozJZq,70,70.0,70,70,1,12274170,1.227417E7,12274170,12274170,1
5gWtkdgdyt5bZt9i6n3Kqd,69,69.0,69,69,1,22219090,2.221909E7,22219090,22219090,1
40xhyfAPDoMtv494MfPevP,67,67.0,67,67,1,41176723,4.1176723E7,41176723,41176723,1
5oAOK7xCJD8hzp9PuxjULL,56,56.0,56,56,1,112957721,1.12957721E8,112957721,112957721,1
7N3tpCdAc9LdVnqdQVfeLe,21,21.0,21,21,1,21591569,2.1591569E7,21591569,21591569,1
2EBCVPNAG46nbgs6jXPGvv,78,78.0,78,78,1,34293318,3.4293318E7,34293318,34293318,1
0qOnSQQF0yzuPWsXrQ9paz,82,82.0,82,82,1,1672769,1672769.0,1672769,1672769,1
2apOX7v2XfpROPrS4xudGo,30,30.0,30,30,1,13710072,1.3710072E7,13710072,13710072,1
4OSBTYWVwsQhGLF9NHvIbR,79,79.0,79,79,1,66705650,6.670565E7,66705650,66705650,1
0ZqWBTU1EkdVPAMwQgfKiv,56,56.0,56,56,1,104539036,1.04539036E8,104539036,104539036,1
7hCNBVRhHzcsRAv0TQnOzq,74,74.0,74,74,1,75492598,7.5492598E7,75492598,75492598,1
2CEgGE6aESpnmtfiZwYlbV,74,74.0,74,74,1,2367394,2367394.0,2367394,2367394,1
1Ci7oic2gpYknc5TujzCUd,55,55.0,55,55,1,984364,984364.0,984364,984364,1
05nDuLXu5ejNOM05LNbS8a,66,66.0,66,66,1,9676780,9676780.0,9676780,9676780,1
1fgvJXlcZ7uIddMpqsqw0L,66,66.0,66,66,1,13708054,1.3708054E7,13708054,13708054,1
2Ih217RCGAmyQR68Nn7Cqo,77,77.0,77,77,1,11064671,1.1064671E7,11064671,11064671,1
2UdgERUlcBOP42g02PeSDc,23,23.0,23,23,1,23391272,2.3391272E7,23391272,23391272,1
2vEQ9zBiwbAVXzS2SOxodY,2,2.0,2,2,1,1342110,1342110.0,1342110,1342110,1
5QTxFnGygVM4jFQiBovmRo,79,79.0,79,79,1,1717249,1717249.0,1717249,1717249,1
5PXUWF5p5Prmul75Rye7mb,33,33.0,33,33,1,39,39.0,39,39,1
7Eb9i3xmiLuY5MiY6AhzzL,72,72.0,72,72,1,476523,476523.0,476523,476523,1
1hoeP1oPYlhcv6iRCtB7pT,36,36.0,36,36,1,10539134,1.0539134E7,10539134,10539134,1
1efXUbx5gsLd2sqjszBtx1,65,65.0,65,65,1,1364231,1364231.0,1364231,1364231,1
5MaylVPhkFko6nsismO2F4,46,46.0,46,46,1,2505,2505.0,2505,2505,1
2Zklf7erz34GATO3TDfFPS,21,21.0,21,21,1,27,27.0,27,27,1
2yR2sziCF4WEs3klW1F38d,75,75.0,75,75,1,4573539,4573539.0,4573539,4573539,1
6dOtVTDdiauQNBQEDOtlAB,94,94.0,94,94,1,118692183,1.18692183E8,118692183,118692183,1
5D34wRmbFS29AjtTOP2QJe,72,72.0,72,72,1,107401919,1.07401919E8,107401919,107401919,1
5QANrRucwudemMzx5kXlUM,42,42.0,42,42,1,23528,23528.0,23528,23528,1
68SmyiqELVaDMCvoFgrJ8b,59,59.0,59,59,1,130408,130408.0,130408,130408,1
4D1k6x4MXTaSnljSvAXhaf,73,73.0,73,73,1,4573539,4573539.0,4573539,4573539,1
0837Am3wsBxCmfxo1DiFmz,45,45.0,45,45,1,49536,49536.0,49536,49536,1
4t0niaO4hHvwt5MGFhO355,39,39.0,39,39,1,60659,60659.0,60659,60659,1
5Z55fSa40aCWHg7nFufpSU,18,18.0,18,18,1,312847,312847.0,312847,312847,1
0MMyJUC3WNnFS1lit5pTjk,80,80.0,80,80,1,49050008,4.9050008E7,49050008,49050008,1
1Zl8Bd5JBcpCLPZoI23UCP,38,38.0,38,38,1,5470,5470.0,5470,5470,1
5S4aYQAJOwJMAamANWlICO,68,68.0,68,68,1,145443567,1.45443567E8,145443567,145443567,1
0PvFJmanyNQMseIFrU708S,74,74.0,74,74,1,15612601,1.5612601E7,15612601,15612601,1
4b93D55xv3YCH5mT4p6HPn,76,76.0,76,76,1,795653,795653.0,795653,795653,1
7A20WnLkjtZU2d7hIB6Ziu,60,60.0,60,60,1,11850722,1.1850722E7,11850722,11850722,1
2hloaUoRonYssMuqLCBLTX,78,78.0,78,78,1,107389514,1.07389514E8,107389514,107389514,1
5p7ujcrUXASCNwRaWNHR1C,6,6.0,6,6,1,22397897,2.2397897E7,22397897,22397897,1
6xbraxG0bSBOuAr5IUXmtM,62,62.0,62,62,1,1119776,1119776.0,1119776,1119776,1
58q2HKrzhC3ozto2nDdN4z,79,79.0,79,79,1,25956015,2.5956015E7,25956015,25956015,1
28TkNtKHx6UnOZuoyv3Jzv,0,0.0,0,0,1,71486,71486.0,71486,71486,1
4rgwri7LajWVZvdj2N81SS,62,62.0,62,62,1,6051989,6051989.0,6051989,6051989,1
3Vo4wInECJQuz9BIBMOu8i,75,75.0,75,75,1,75492598,7.5492598E7,75492598,75492598,1
7gvd8xj4QgPqbQSsn5pV7d,2,2.0,2,2,1,27289223,2.7289223E7,27289223,27289223,1
5eTNdkstwKaNahHf41fJ9u,64,64.0,64,64,1,46891061,4.6891061E7,46891061,46891061,1
5HDPtsnyb3maFmPL8LLUTG,60,60.0,60,60,1,122802777,1.22802777E8,122802777,122802777,1
5QcUPHiLbnUHbIF2Me4Fra,23,23.0,23,23,1,14911,14911.0,14911,14911,1
23L5CiUhw2jV1OIMwthR3S,78,78.0,78,78,1,15121577,1.5121577E7,15121577,15121577,1
0pw6zKvwrs0BakTr5AGup9,53,53.0,53,53,1,15684530,1.568453E7,15684530,15684530,1
6K4t31amVTZDgR3sKmwUJJ,87,87.0,87,87,1,9509731,9509731.0,9509731,9509731,1
5jsw9uXEGuKyJzs0boZ1bT,84,84.0,84,84,1,45700057,4.5700057E7,45700057,45700057,1
5O2P9iiztwhomNh8xkR9lJ,86,86.0,86,86,1,40270893,4.0270893E7,40270893,40270893,1
1YRjRHdl0aEtzHEn1uGi8k,54,54.0,54,54,1,27141717,2.7141717E7,27141717,27141717,1
52XjrfqvrxaMtjCDYEKkXN,55,55.0,55,55,1,763143,763143.0,763143,763143,1
4qikXelSRKvoCqFcHLB2H2,69,69.0,69,69,1,31052119,3.1052119E7,31052119,31052119,1
4XNrMwGx1SqP01sqkGTDmo,74,74.0,74,74,1,45764832,4.5764832E7,45764832,45764832,1
2HPmy1uA2SSJVVTduU9g2q,44,44.0,44,44,1,11939612,1.1939612E7,11939612,11939612,1
2eJ8ij1T3cNUKiGdcUvKhy,0,0.0,0,0,1,85022258,8.5022258E7,85022258,85022258,1
1GTC0gBd5B8YmVf3tRl9Ln,48,48.0,48,48,1,8972549,8972549.0,8972549,8972549,1
4Pgh4b9rY9vVuXXl4Y1ob8,54,54.0,54,54,1,10214903,1.0214903E7,10214903,10214903,1
561jH07mF1jHuk7KlaeF0s,85,85.0,85,85,1,104539036,1.04539036E8,104539036,104539036,1
2xV1M8wBD75UTsvTnE7pV3,40,40.0,40,40,1,17766757,1.7766757E7,17766757,17766757,1
4Yf5bqU3NK4kNOypcrLYwU,82,82.0,82,82,1,31785695,3.1785695E7,31785695,31785695,1
7AB0cUXnzuSlAnyHOqmrZr,70,70.0,70,70,1,31785695,3.1785695E7,31785695,31785695,1
3rUMH7i22tlkymhDPOmXUv,59,59.0,59,59,1,1604690,1604690.0,1604690,1604690,1
5IXk34xSm6rxNgXkCveC3r,54,54.0,54,54,1,4909653,4909653.0,4909653,4909653,1
6HE1qegGf98n96rSjj6Z1Z,38,38.0,38,38,1,4971141,4971141.0,4971141,4971141,1
1mI12kERORxUPtlrQe0OMb,40,40.0,40,40,1,4971141,4971141.0,4971141,4971141,1
4ukiv6Rp5N4tQZSBT9JRLo,58,58.0,58,58,1,4968982,4968982.0,4968982,4968982,1
02jNknvAjc2SXTOcnAa06E,0,0.0,0,0,1,1487314,1487314.0,1487314,1487314,1
0kish3Tobj6Wq0we74343q,0,0.0,0,0,1,15810313,1.5810313E7,15810313,15810313,1
7yzbimr8WVyAtBX3Eg6UL9,63,63.0,63,63,1,3701043,3701043.0,3701043,3701043,1
2d9KBVxb6bUfVCjjv1JAVe,49,49.0,49,49,1,829906,829906.0,829906,829906,1
4fQMGlCawbTkH9yPPZ49kP,69,69.0,69,69,1,339450,339450.0,339450,339450,1
2Xunjp5lfCjPJKuiWEVA5O,60,60.0,60,60,1,42237551,4.2237551E7,42237551,42237551,1
0UueyZtX0ogyXQWhg6Xkpz,59,59.0,59,59,1,557610,557610.0,557610,557610,1
5b3XJ1pjrHO5JtY2PcTjnI,72,72.0,72,72,1,10892928,1.0892928E7,10892928,10892928,1
4C2Y3Y2x2PbOqwdNBuLjP3,50,50.0,50,50,1,26561582,2.6561582E7,26561582,26561582,1
5VxmI3IdgAxWVvUnJoLuY2,67,67.0,67,67,1,6322030,6322030.0,6322030,6322030,1
1IHWl5LamUGEuP4ozKQSXZ,83,83.0,83,83,1,102536542,1.02536542E8,102536542,102536542,1
7jqWQnp2usYfyGwWJrQT0c,0,0.0,0,0,1,630,630.0,630,630,1
4cG7HUWYHBV6R6tHn1gxrl,75,75.0,75,75,1,161181,161181.0,161181,161181,1
2Wo6QQD1KMDWeFkkjLqwx5,8,8.0,8,8,1,1153939,1153939.0,1153939,1153939,1
51umGIauwIZln39b3hsso2,56,56.0,56,56,1,15527,15527.0,15527,15527,1
7uoFMmxln0GPXQ0AcCBXRq,77,77.0,77,77,1,30541347,3.0541347E7,30541347,30541347,1
1WjGvMbHE23jEipydV80Mu,52,52.0,52,52,1,81181104,8.1181104E7,81181104,81181104,1
6BJbOXDlgVAXSaq6wYFYT2,62,62.0,62,62,1,41119579,4.1119579E7,41119579,41119579,1
11L064movtyopGdLiX4sVg,62,62.0,62,62,1,103039388,1.03039388E8,103039388,103039388,1
0kqC185OTcnuhbz4T7g5RB,24,24.0,24,24,1,145489371,1.45489371E8,145489371,145489371,1
4Ro98RCK90oHqqSZUnTFq5,63,63.0,63,63,1,10241515,1.0241515E7,10241515,10241515,1
1e1JKLEDKP7hEQzJfNAgPl,77,77.0,77,77,1,15026799,1.5026799E7,15026799,15026799,1
76hfruVvmfQbw0eYn1nmeC,81,81.0,81,81,1,4592239,4592239.0,4592239,4592239,1
6b3b7lILUJqXcp6w9wNQSm,68,68.0,68,68,1,30541347,3.0541347E7,30541347,30541347,1
4nVBt6MZDDP6tRVdQTgxJg,84,84.0,84,84,1,40270893,4.0270893E7,40270893,40270893,1
2YlQCqBj6FJsrQmc8K2CGa,42,42.0,42,42,1,26561582,2.6561582E7,26561582,26561582,1
0JmiBCpWc1IAc0et7Xm7FL,1,1.0,1,1,1,3758140,3758140.0,3758140,3758140,1
7nECwCDHS1JvQbrmuorZIH,46,46.0,46,46,1,145489371,1.45489371E8,145489371,145489371,1
4k80K0b6KZ2QjAYkXON7q6,65,65.0,65,65,1,18203604,1.8203604E7,18203604,18203604,1
2igwFfvr1OAGX9SKDCPBwO,84,84.0,84,84,1,10374049,1.0374049E7,10374049,10374049,1
16XNMRA2Mu2xsEJtDSVZuy,29,29.0,29,29,1,166440,166440.0,166440,166440,1
6sK6Q7OquDV86Fk1ezAyN5,0,0.0,0,0,1,55561,55561.0,55561,55561,1
4EQkcrSLF3QdlwNca7sMXY,55,55.0,55,55,1,104517308,1.04517308E8,104517308,104517308,1
63OQupATfueTdZMWTxW03A,80,80.0,80,80,1,13831380,1.383138E7,13831380,13831380,1
5nE1r9s9e1rqZ4oqFs4tBh,35,35.0,35,35,1,4971141,4971141.0,4971141,4971141,1
2i5K0EdMY5zFs9t7KfYK3k,56,56.0,56,56,1,23391272,2.3391272E7,23391272,23391272,1
4NrOXecpvKxTkN4nbPQ6my,37,37.0,37,37,1,534917,534917.0,534917,534917,1
711sUHL5feGZQ4HZai697P,41,41.0,41,41,1,1324293,1324293.0,1324293,1324293,1
745H5CctFr12Mo7cqa1BMH,79,79.0,79,79,1,3282964,3282964.0,3282964,3282964,1
2TEQvxxQabwLQMqWMg1qGu,93,93.0,93,93,1,145396321,1.45396321E8,145396321,145396321,1
44qwFRuzjU1ArExgtzCifq,13,13.0,13,13,1,3,3.0,3,3,1
0xDNdoBbBTBFITgFrFelEs,15,15.0,15,15,1,21,21.0,21,21,1
4TkNyuyiF2YgYi0FAabEqI,41,41.0,41,41,1,3637,3637.0,3637,3637,1
6RIguoA2YSb8IgMgjLaYQE,5,5.0,5,5,1,423959,423959.0,423959,423959,1
50utqknCBo0N3QAQbXIPKV,66,66.0,66,66,1,2268298,2268298.0,2268298,2268298,1
3NO0uDaqtPzSSU9GAj39hC,48,48.0,48,48,1,157326,157326.0,157326,157326,1
2tQG2nFEHhWsH05kFKlC4A,50,50.0,50,50,1,34293318,3.4293318E7,34293318,34293318,1
7iHS8LZMgCl6q2agTKhi3j,28,28.0,28,28,1,11026,11026.0,11026,11026,1
4ni2PRjuIORNFXvWB74SqX,62,62.0,62,62,1,786453,786453.0,786453,786453,1
06JvOZ39sK8D8SqiqfaxDU,71,71.0,71,71,1,31052119,3.1052119E7,31052119,31052119,1
6ATny9d6fJ7O3dbIR3Pknj,27,27.0,27,27,1,340022,340022.0,340022,340022,1
6PERP62TejQjgHu81OHxgM,21,21.0,21,21,1,49083617,4.9083617E7,49083617,49083617,1
2Oycxb8QbPkpHTo8ZrmG0B,70,70.0,70,70,1,26564677,2.6564677E7,26564677,26564677,1
3mKYIAjkfQk0mjrMRATPCx,43,43.0,43,43,1,17337,17337.0,17337,17337,1
2RdEC8Ff83WkX7kDVCHseE,85,85.0,85,85,1,6315216,6315216.0,6315216,6315216,1
39LLxExYz6ewLAcYrzQQyP,79,79.0,79,79,1,46891061,4.6891061E7,46891061,46891061,1
2x0RZdkZcD8QRI53XT4GI5,68,68.0,68,68,1,23434221,2.3434221E7,23434221,23434221,1
28bTPsU7iAILCcL02TrVUO,36,36.0,36,36,1,1105853,1105853.0,1105853,1105853,1
0mZI1NpihIVcho2f9MmqSW,64,64.0,64,64,1,81197976,8.1197976E7,81197976,81197976,1
0b9oOr2ZgvyQu88wzixux9,66,66.0,66,66,1,14561716,1.4561716E7,14561716,14561716,1
4X9YfVcnf1TcwJ2EE72wx9,47,47.0,47,47,1,34675,34675.0,34675,34675,1
4ofwffwvvnbSkrMSCKQDaC,74,74.0,74,74,1,4312205,4312205.0,4312205,4312205,1
7284Lm1fMEABEFBrtMgUWR,46,46.0,46,46,1,19255400,1.92554E7,19255400,19255400,1
6jA8HL9i4QGzsj6fjoxp8Y,63,63.0,63,63,1,15121577,1.5121577E7,15121577,15121577,1
5iujP4oGYJCAacXaQHHJs2,2,2.0,2,2,1,6381,6381.0,6381,6381,1
1Q3t9fWvHUXKsMmpD2XpUu,70,70.0,70,70,1,4298554,4298554.0,4298554,4298554,1
5fr0ocIee7TpDCRWaK0002,0,0.0,0,0,1,940315,940315.0,940315,940315,1
3WvZJVAqJ0aWdEfFHquH1c,46,46.0,46,46,1,241463,241463.0,241463,241463,1
7lAoovVf67mECK18oOpJbc,54,54.0,54,54,1,10379778,1.0379778E7,10379778,10379778,1
13HYthybjhM3iyWcfl8VcN,0,0.0,0,0,1,406556,406556.0,406556,406556,1
7KKoGA5nKLJ6Q4wPXFJcNt,56,56.0,56,56,1,316990,316990.0,316990,316990,1
7H7NyZ3G075GqPx2evsfeb,82,82.0,82,82,1,7996784,7996784.0,7996784,7996784,1
6EwNJz8CuVsrsLvXprJ20Q,53,53.0,53,53,1,145396321,1.45396321E8,145396321,145396321,1
4sI6OS9gbJB3nEtBwN9dpb,0,0.0,0,0,1,62853,62853.0,62853,62853,1
6qn9YLKt13AGvpq9jfO8py,83,83.0,83,83,1,68997177,6.8997177E7,68997177,68997177,1
2m17BTWlZq0wtS9cpJsCfM,57,57.0,57,57,1,198507,198507.0,198507,198507,1
0GROiXm03OrMC5ltXLhGIu,77,77.0,77,77,1,112918137,1.12918137E8,112918137,112918137,1
2hw47GMKL6LXwp5BJgPxXf,57,57.0,57,57,1,66720643,6.6720643E7,66720643,66720643,1
5nnVrfFGpXfrS4EYQLWefE,38,38.0,38,38,1,111922,111922.0,111922,111922,1
3kMrazSvILsgcwtidZd1Qd,72,72.0,72,72,1,668219,668219.0,668219,668219,1
5vD26IkwDiML53quxoRa3U,0,0.0,0,0,1,284406,284406.0,284406,284406,1
5kRgOJD7wN77OHjiGhkpjL,47,47.0,47,47,1,61215,61215.0,61215,61215,1
5LcKJ4r47n35jpzKePOG4g,22,22.0,22,22,1,23391272,2.3391272E7,23391272,23391272,1
2OZVskV28xxJjjhQqKTLSg,88,88.0,88,88,1,10638942,1.0638942E7,10638942,10638942,1
3gZqHdjeKghI5QFjTdOWCU,68,68.0,68,68,1,9256589,9256589.0,9256589,9256589,1
3VU5hcDFXuX8aDwfn7GDeY,51,51.0,51,51,1,10888670,1.088867E7,10888670,10888670,1
0D0sL5obrdmmulgZddQ01E,31,31.0,31,31,1,8658,8658.0,8658,8658,1
3Nl5OkkmS5DaBZvuYofpAt,75,75.0,75,75,1,49050008,4.9050008E7,49050008,49050008,1
5oJw81e2Tzr2rC0lHXnDPb,51,51.0,51,51,1,47720209,4.7720209E7,47720209,47720209,1
1VP3Sl3UqXFDvWi8tOKle1,46,46.0,46,46,1,4141160,4141160.0,4141160,4141160,1
4FAKtPVycI4DxoOHC01YqD,70,70.0,70,70,1,8820592,8820592.0,8820592,8820592,1
4mowfIHVIYRoepbExd1cwu,52,52.0,52,52,1,241502,241502.0,241502,241502,1
0wavGRldH0AWyu2zvTz8zb,68,68.0,68,68,1,145489371,1.45489371E8,145489371,145489371,1
5hnGrTBaEsdukpDF6aZg8a,75,75.0,75,75,1,4153847,4153847.0,4153847,4153847,1
6eQARsls2o0rLd6ee12Z5c,43,43.0,43,43,1,2177177,2177177.0,2177177,2177177,1
3yMC1KsTwh0ceXdIe4QQAQ,59,59.0,59,59,1,1764567,1764567.0,1764567,1764567,1
65zIby9Z03d1bhGvLNJNrA,73,73.0,73,73,1,171799,171799.0,171799,171799,1
0DwVfCYLrVXgvejYbWwZAd,63,63.0,63,63,1,4759233,4759233.0,4759233,4759233,1
2HCxusSmxO6vcEf41cbGXY,0,0.0,0,0,1,640710,640710.0,640710,640710,1
62SxKnRm6b1A4p9UNsxOdG,35,35.0,35,35,1,2089,2089.0,2089,2089,1
4Yxc55NX3tAXC2mHRAhtcW,78,78.0,78,78,1,49050008,4.9050008E7,49050008,49050008,1
2aPTvyE09vUCRwVvj0I8WK,79,79.0,79,79,1,17333176,1.7333176E7,17333176,17333176,1
7p2ewixAShLpjDZrnzZK7c,57,57.0,57,57,1,25960760,2.596076E7,25960760,25960760,1
3afkJSKX0EAMsJXTZnDXXJ,74,74.0,74,74,1,9462835,9462835.0,9462835,9462835,1
7HuBDWi18s4aJM8UFnNheH,73,73.0,73,73,1,145396321,1.45396321E8,145396321,145396321,1
6K8VQ84MqhsoakN5MjrnVR,78,78.0,78,78,1,10539134,1.0539134E7,10539134,10539134,1
2eAAEa8pxKF7My0EO4rFgR,65,65.0,65,65,1,46886554,4.6886554E7,46886554,46886554,1
0Rsxpur05BLNcXmcArEZnI,46,46.0,46,46,1,47193,47193.0,47193,47193,1
5XosyDOFbjUxmibJtCOlpX,36,36.0,36,36,1,4696577,4696577.0,4696577,4696577,1
62W7SoneY4BEZe8VXsKZNW,29,29.0,29,29,1,189207,189207.0,189207,189207,1
5tf1VVWniHgryyumXyJM7w,79,79.0,79,79,1,3275657,3275657.0,3275657,3275657,1
6tSqyn7JhHxyLbwG8zGu2T,47,47.0,47,47,1,23962,23962.0,23962,23962,1
2H4zwjbv0D0ggDhf0E8j8j,0,0.0,0,0,1,4777574,4777574.0,4777574,4777574,1
1p80LdxRV74UKvL8gnD7ky,74,74.0,74,74,1,145489371,1.45489371E8,145489371,145489371,1
6YzJIzT0FMxrEpRlUeLpAT,25,25.0,25,25,1,39798156,3.9798156E7,39798156,39798156,1
2IRK3qdY6BzbKxKr8eBk8o,40,40.0,40,40,1,38393243,3.8393243E7,38393243,38393243,1
6mSnSuOhgHHohqeBw76jRV,79,79.0,79,79,1,1363182,1363182.0,1363182,1363182,1
6LrNqp69g8ngQ0Oem7DGWK,51,51.0,51,51,1,51773650,5.177365E7,51773650,51773650,1
25cUhiAod71TIQSNicOaW3,70,70.0,70,70,1,6130984,6130984.0,6130984,6130984,1
0srwKuJPH8yBzzFUJMBQM2,2,2.0,2,2,1,7315854,7315854.0,7315854,7315854,1
2q6fxAvSpqXR4jx9Ne7RGz,61,61.0,61,61,1,718358,718358.0,718358,718358,1
02Z1u6mX0puSryZFJpqV0G,35,35.0,35,35,1,38385499,3.8385499E7,38385499,38385499,1
5XRHGXut00SrJUFmcn2lQF,69,69.0,69,69,1,18703625,1.8703625E7,18703625,18703625,1
5cxp9kjCFyJwzv3lzeX7ku,67,67.0,67,67,1,7647950,7647950.0,7647950,7647950,1
65hzDZbjAZpJZZf3diITpP,50,50.0,50,50,1,247035,247035.0,247035,247035,1
6ucR4KfvsBFWCMVFDvyKKl,74,74.0,74,74,1,3468690,3468690.0,3468690,3468690,1
6x3MXBheoO7innyXyDYZSD,49,49.0,49,49,1,9668759,9668759.0,9668759,9668759,1
7ygpwy2qP3NbrxVkHvUhXY,71,71.0,71,71,1,12399445,1.2399445E7,12399445,12399445,1
2u2udGmop1z67EPpr91km7,69,69.0,69,69,1,37431031,3.7431031E7,37431031,37431031,1
648BMGrt98kUbLo24A4vgj,63,63.0,63,63,1,1745505,1745505.0,1745505,1745505,1
6gRNWnK8b8BVfzrF65HGcf,51,51.0,51,51,1,2812337,2812337.0,2812337,2812337,1
2R1JBaPdZd9CSJtk1Vkj1Z,50,50.0,50,50,1,114271,114271.0,114271,114271,1
0UsJ9rmUdyUkggAWRDRp3T,44,44.0,44,44,1,729,729.0,729,729,1
6Vt8jXXIHv8U6GwQWUoYJD,42,42.0,42,42,1,10130,10130.0,10130,10130,1
7GzG576kRqJqBPe6Owokoy,48,48.0,48,48,1,963,963.0,963,963,1
4sWQbsLLH2NEbO79DSZCL9,62,62.0,62,62,1,112918137,1.12918137E8,112918137,112918137,1
6jDGDtQPC46pFqxph3qdbD,21,21.0,21,21,1,112957721,1.12957721E8,112957721,112957721,1
0u6LpMA9z4ZY3PKRXQfrxP,29,29.0,29,29,1,1434,1434.0,1434,1434,1
4fqdWNsoOpyYKJTz36R3QB,37,37.0,37,37,1,12471,12471.0,12471,12471,1
0W0iAC1VGlB82PI6elxFYf,73,73.0,73,73,1,145489371,1.45489371E8,145489371,145489371,1
1XBYiRV30ykHw5f4wm6qEn,86,86.0,86,86,1,6595164,6595164.0,6595164,6595164,1
5qzLdvRViHUrRNdkpakG7C,67,67.0,67,67,1,102536542,1.02536542E8,102536542,102536542,1
6dA1JQt3f3meGzahhNN75m,62,62.0,62,62,1,7299563,7299563.0,7299563,7299563,1
1mLkmVH9jcPZ7lr5D3i7Sb,29,29.0,29,29,1,26272346,2.6272346E7,26272346,26272346,1
1WXKO7Zy52KtX0S1OtUpB6,25,25.0,25,25,1,187,187.0,187,187,1
7fPSEiiNsZ5JybOoXLkaZN,52,52.0,52,52,1,1391888,1391888.0,1391888,1391888,1
0wihfILRNOwE2156Shezc8,74,74.0,74,74,1,102536542,1.02536542E8,102536542,102536542,1
1ei3hzQmrgealgRKFxIcWn,75,75.0,75,75,1,7055537,7055537.0,7055537,7055537,1
0fkHdHiGkus3r5aPMqYMKa,33,33.0,33,33,1,103849,103849.0,103849,103849,1
4yNoUQkYf1QF8iYlEzNynH,60,60.0,60,60,1,1613435,1613435.0,1613435,1613435,1
3uUuGVFu1V7jTQL60S1r8z,77,77.0,77,77,1,3098388,3098388.0,3098388,3098388,1
79UJTjTabqsQUhLkTJlSit,0,0.0,0,0,1,699249,699249.0,699249,699249,1
7DyPHYkcnkHpPNUrEwitdf,46,46.0,46,46,1,5445,5445.0,5445,5445,1
0VjIjW4GlUZAMYd2vXMi3b,89,89.0,89,89,1,112957721,1.12957721E8,112957721,112957721,1
5lZNun3sgfIsCrz15Lw5wS,32,32.0,32,32,1,90530,90530.0,90530,90530,1
0t3ZvGKlmYmVsDzBJAXK8C,76,76.0,76,76,1,47716988,4.7716988E7,47716988,47716988,1
6w8pFOKn42O418qwcQElZ3,75,75.0,75,75,1,4153847,4153847.0,4153847,4153847,1
09lmraDvzBT3pUQ2rUtJzK,52,52.0,52,52,1,103067383,1.03067383E8,103067383,103067383,1
6jWuqSMRhj3RYp2oDGDgc4,9,9.0,9,9,1,1272,1272.0,1272,1272,1
7sO5G9EABYOXQKNPNiE9NR,81,81.0,81,81,1,5610584,5610584.0,5610584,5610584,1
2fGxYYMQbVqgIdaqfz2OwA,48,48.0,48,48,1,26561582,2.6561582E7,26561582,26561582,1
707d8L3OzWPJSli7qpnejO,53,53.0,53,53,1,967413,967413.0,967413,967413,1
2R4AlwtrrkMaRKojcTIzmL,82,82.0,82,82,1,7990625,7990625.0,7990625,7990625,1
6hmhG1b4LEyNuashVvuIAo,77,77.0,77,77,1,10911229,1.0911229E7,10911229,10911229,1
0SGkqnVQo9KPytSri1H6cF,63,63.0,63,63,1,11542638,1.1542638E7,11542638,11542638,1
0mBKv9DkYfQHjdMcw2jdyI,70,70.0,70,70,1,75455093,7.5455093E7,75455093,75455093,1
4BhGTc3Cgay2U1QcTS7vQe,73,73.0,73,73,1,103039388,1.03039388E8,103039388,103039388,1
2Dtn6xdm8SZcHPrto79eSK,53,53.0,53,53,1,21591569,2.1591569E7,21591569,21591569,1
5d4Q9bLZWtsL90vvSh8UWr,46,46.0,46,46,1,18203604,1.8203604E7,18203604,18203604,1
4TCL0qqKyqsMZml0G3M9IM,70,70.0,70,70,1,42275793,4.2275793E7,42275793,42275793,1
0AGAl2fZLAoGxGd5dO77Cp,56,56.0,56,56,1,430274,430274.0,430274,430274,1
0mUyMawtxj1CJ76kn9gIZK,75,75.0,75,75,1,323888,323888.0,323888,323888,1
7D0RhFcb3CrfPuTJ0obrod,90,90.0,90,90,1,60804949,6.0804949E7,60804949,60804949,1
3MayfpbIgeGye2ilwK3LII,49,49.0,49,49,1,37417943,3.7417943E7,37417943,37417943,1
1H5N26VqHR4JhuaRKY2I0u,67,67.0,67,67,1,7731427,7731427.0,7731427,7731427,1
1k1Bqnv2R0uJXQN4u6LKYt,81,81.0,81,81,1,2005746,2005746.0,2005746,2005746,1
1Iw5iLfAwDvS6frI82gMoV,72,72.0,72,72,1,9509731,9509731.0,9509731,9509731,1
7hGhnUEepGK4DBPMj7bc1Y,33,33.0,33,33,1,9764,9764.0,9764,9764,1
512iljhgcY6CaENb5AZUYi,42,42.0,42,42,1,30239,30239.0,30239,30239,1
6AaZ2E0giZiHkWVfL8hjF1,44,44.0,44,44,1,31785695,3.1785695E7,31785695,31785695,1
3qCCQas6tIP15Yjgu3gl9S,59,59.0,59,59,1,7978695,7978695.0,7978695,7978695,1
2VOZniNxFIDl8ydLltrMNb,74,74.0,74,74,1,2857629,2857629.0,2857629,2857629,1
1bDbXMyjaUIooNwFE9wn0N,75,75.0,75,75,1,103039388,1.03039388E8,103039388,103039388,1
0E0DRHf5PfMeor0ZCwB3oT,80,80.0,80,80,1,102571645,1.02571645E8,102571645,102571645,1
3tT0edvgS4R76tEAUV2fVz,0,0.0,0,0,1,97074,97074.0,97074,97074,1
5zFglKYiknIxks8geR8rcL,75,75.0,75,75,1,45777722,4.5777722E7,45777722,45777722,1
0rrZNf3kegFA9mK9BBb9sC,24,24.0,24,24,1,5448,5448.0,5448,5448,1
32XaqPVTVkkuOiOPQZ3SpA,67,67.0,67,67,1,8765920,8765920.0,8765920,8765920,1
2cc8Sw1OnCuA5bV8nqWqpE,69,69.0,69,69,1,286728,286728.0,286728,286728,1
6gi6y1xwmVszDWkUqab1qw,75,75.0,75,75,1,1315942,1315942.0,1315942,1315942,1
2toVe5hfuIi97ytDPDbQFt,72,72.0,72,72,1,7315854,7315854.0,7315854,7315854,1
4lJNen4SMTIJMahALc3DcB,67,67.0,67,67,1,30545962,3.0545962E7,30545962,30545962,1
4WzhjxvLP95y7AMDy0Atwb,64,64.0,64,64,1,12274759,1.2274759E7,12274759,12274759,1
0ruhQupkyGoUxmsExWXEoa,45,45.0,45,45,1,21606569,2.1606569E7,21606569,21606569,1
4lnAN2S1fcI0SjxEbksZVr,75,75.0,75,75,1,53263844,5.3263844E7,53263844,53263844,1
7DQZkEvdWfNaStl9XhR334,0,0.0,0,0,1,1327111,1327111.0,1327111,1327111,1
7cioKB5CHVzk09SOtTyn0T,74,74.0,74,74,1,41172203,4.1172203E7,41172203,41172203,1
37sINbJZcFdHFAsVNsPq1i,76,76.0,76,76,1,8809453,8809453.0,8809453,8809453,1
1yG491M3fRfowMdGN5pey4,49,49.0,49,49,1,145396321,1.45396321E8,145396321,145396321,1
3LlAyCYU26dvFZBDUIMb7a,72,72.0,72,72,1,58375520,5.837552E7,58375520,58375520,1
3TGRqZ0a2l1LRblBkJoaDx,72,72.0,72,72,1,5140332,5140332.0,5140332,5140332,1
51v7yO07BdGgP6hv0OaDe2,63,63.0,63,63,1,301316,301316.0,301316,301316,1
70OkogQFdbKotGlMKEMGXB,43,43.0,43,43,1,424177,424177.0,424177,424177,1
5JkTN6THtYH6bpOoHjOysc,55,55.0,55,55,1,441127,441127.0,441127,441127,1
0O45fw2L5vsWpdsOdXwNAR,85,85.0,85,85,1,15826961,1.5826961E7,15826961,15826961,1
003vvx7Niy0yvhvHt4a68B,88,88.0,88,88,1,8006321,8006321.0,8006321,8006321,1
6ooluO7DiEhI1zmK94nRCM,5,5.0,5,5,1,2991445,2991445.0,2991445,2991445,1
7K4Aq4awgYvDKEJdEvvl4j,51,51.0,51,51,1,2758038,2758038.0,2758038,2758038,1
57Coopi4KriNAIdBzCOVY1,31,31.0,31,31,1,13710072,1.3710072E7,13710072,13710072,1
6LgJvl0Xdtc73RJ1mmpotq,72,72.0,72,72,1,13822540,1.382254E7,13822540,13822540,1
4RvWPyQ5RL0ao9LPZeSouE,87,87.0,87,87,1,4101657,4101657.0,4101657,4101657,1
3xdvASc5xe9ccUaP3T4FaT,34,34.0,34,34,1,398681,398681.0,398681,398681,1
5sBDrrtLGbV64QJnEqfjer,92,92.0,92,92,1,3568209,3568209.0,3568209,3568209,1
0xBkxNqWKMXoSDGDoh0Cof,0,0.0,0,0,1,10,10.0,10,10,1
7kELE0IKw7OLCaHZgsVm10,22,22.0,22,22,1,486,486.0,486,486,1
6RSG1dKPV5gEvILwJb4QtS,71,71.0,71,71,1,145396321,1.45396321E8,145396321,145396321,1
56y1jOTK0XSvJzVv9vHQBK,76,76.0,76,76,1,34748949,3.4748949E7,34748949,34748949,1
5BK0uqwY9DNfZ630STAEaq,64,64.0,64,64,1,145396321,1.45396321E8,145396321,145396321,1
6jRq8gaZhMUyy5RclRPcAf,73,73.0,73,73,1,5067774,5067774.0,5067774,5067774,1
4xqrdfXkTW4T0RauPLv3WA,84,84.0,84,84,1,12430671,1.2430671E7,12430671,12430671,1
6KF3l0dtaqHanpwJVmz3mB,50,50.0,50,50,1,869651,869651.0,869651,869651,1
1aXV8GrmQLvgoFtBPERP7E,77,77.0,77,77,1,2740985,2740985.0,2740985,2740985,1
5KE9b4x7Zj2A8XtbkqhqTe,63,63.0,63,63,1,47722935,4.7722935E7,47722935,47722935,1
5hQSXkFgbxjZo9uCwd11so,77,77.0,77,77,1,145396321,1.45396321E8,145396321,145396321,1
0KoiMHhqKLoL4xM54rcWYY,73,73.0,73,73,1,9277034,9277034.0,9277034,9277034,1
1vYh9x8UmFTLbXiizk9Qc5,60,60.0,60,60,1,7761454,7761454.0,7761454,7761454,1
0yvPEnB032fojLfVluFjUv,71,71.0,71,71,1,27288825,2.7288825E7,27288825,27288825,1
6me7F0aaZjwDo6RJ5MrfBD,81,81.0,81,81,1,314693,314693.0,314693,314693,1
75ZvA4QfFiZvzhj2xkaWAh,75,75.0,75,75,1,47716988,4.7716988E7,47716988,47716988,1
12VWzyPDBCc8fqeWCAfNwR,1,1.0,1,1,1,103039388,1.03039388E8,103039388,103039388,1
3BtuIIrQlkujKPuWF2B85z,73,73.0,73,73,1,103094105,1.03094105E8,103094105,103094105,1
5wsHtmFHWntJzcN6n8ivjd,53,53.0,53,53,1,1605047,1605047.0,1605047,1605047,1
1Lim1Py7xBgbAkAys3AGAG,4,4.0,4,4,1,6302021,6302021.0,6302021,6302021,1
267nfLfaSSDa9ivHncHynh,73,73.0,73,73,1,2041343,2041343.0,2041343,2041343,1
2vwlzO0Qp8kfEtzTsCXfyE,80,80.0,80,80,1,26558356,2.6558356E7,26558356,26558356,1
5FljCWR0cys07PQ9277GTz,62,62.0,62,62,1,12460874,1.2460874E7,12460874,12460874,1
4kuttaimghZdfXE8G3puvR,31,31.0,31,31,1,23550,23550.0,23550,23550,1
3vJ7kCW4ROYpWFqlvFBkWb,38,38.0,38,38,1,51798111,5.1798111E7,51798111,51798111,1
7yO48FWUkqsrdxrwkGcnwl,60,60.0,60,60,1,27141717,2.7141717E7,27141717,27141717,1
3qBAaoahAIR8cMaE0GAyGi,0,0.0,0,0,1,8512,8512.0,8512,8512,1
44ut2KJnt0HQMnUaMlDv9W,52,52.0,52,52,1,104559284,1.04559284E8,104559284,104559284,1
5TJGQSZpO3A1aabRqOuW0E,33,33.0,33,33,1,9408174,9408174.0,9408174,9408174,1
4AFwnrH5atiJoAd5xS5QtR,69,69.0,69,69,1,8810761,8810761.0,8810761,8810761,1
4TsmezEQVSZNNPv5RJ65Ov,79,79.0,79,79,1,69030894,6.9030894E7,69030894,69030894,1
3QvOV1QYPPre7gjppKyeON,57,57.0,57,57,1,911314,911314.0,911314,911314,1
6JZqIYmwDjYcw8nawqst7a,50,50.0,50,50,1,3856287,3856287.0,3856287,3856287,1
7rKyITVLEwldhdXIy7P6Vw,61,61.0,61,61,1,391604,391604.0,391604,391604,1
1TKTiKp3zbNgrBH2IwSwIx,69,69.0,69,69,1,22717804,2.2717804E7,22717804,22717804,1
2iczyHyjgSKeT5HrXkdv2X,26,26.0,26,26,1,192,192.0,192,192,1
23JdfQOgv9Z3MsSAaIsjmB,37,37.0,37,37,1,139,139.0,139,139,1
79FhzZ45MijTqx3oKsNE1H,31,31.0,31,31,1,398681,398681.0,398681,398681,1
6wHpLMmp98aHcV8L1JFrj8,87,87.0,87,87,1,2885506,2885506.0,2885506,2885506,1
7IwMagdxfa8GLK0JOcDTsP,48,48.0,48,48,1,107374593,1.07374593E8,107374593,107374593,1
1cOboCuWYI2osTOfolMRS6,83,83.0,83,83,1,6968754,6968754.0,6968754,6968754,1
7z7kvUQGwlC6iOl7vMuAr9,75,75.0,75,75,1,112995439,1.12995439E8,112995439,112995439,1
6FxRH7N7Q86i6aixaSYYzx,69,69.0,69,69,1,3275657,3275657.0,3275657,3275657,1
0sPs2Nm4rPaM79v3IiG2iY,1,1.0,1,1,1,146944,146944.0,146944,146944,1
7dstLFiyNkxcLJVj8q76Ch,56,56.0,56,56,1,62468,62468.0,62468,62468,1
7iVHRWUwWqrGwjotzYewWe,0,0.0,0,0,1,15689879,1.5689879E7,15689879,15689879,1
7z2DKGAsPPdxOwTzMaVYD4,35,35.0,35,35,1,264177,264177.0,264177,264177,1
54bFM56PmE4YLRnqpW6Tha,68,68.0,68,68,1,118728633,1.18728633E8,118728633,118728633,1
45rpQzLQWofg1S8ULBuEVk,0,0.0,0,0,1,91961,91961.0,91961,91961,1
3zKxgW0eUAw1v4m7eZcrns,42,42.0,42,42,1,41131037,4.1131037E7,41131037,41131037,1
6AzKhCHOms83jvNVLsz0Bt,59,59.0,59,59,1,5545344,5545344.0,5545344,5545344,1
6J2LdBN97cDWn0MLxYh9HB,79,79.0,79,79,1,2069532,2069532.0,2069532,2069532,1
7aDjF0SOFLRFuBFDi8UbrY,0,0.0,0,0,1,11476,11476.0,11476,11476,1
7bbYT48HWWIbL3YKmtMNzn,71,71.0,71,71,1,10462018,1.0462018E7,10462018,10462018,1
7xagQoIf776ukUlgH4TyyB,53,53.0,53,53,1,107389514,1.07389514E8,107389514,107389514,1
7xoUc6faLbCqZO6fQEYprd,85,85.0,85,85,1,107374593,1.07374593E8,107374593,107374593,1
471JGLzHPrgM4lS9mNOEIt,56,56.0,56,56,1,12004691,1.2004691E7,12004691,12004691,1
2xLOMHjkOK8nzxJ4r6yOKR,61,61.0,61,61,1,38400585,3.8400585E7,38400585,38400585,1
0A7IeiBclI7J6fSKnVJT2s,23,23.0,23,23,1,158042,158042.0,158042,158042,1
7liZGwyLYFBSobxHLazRAt,49,49.0,49,49,1,112995439,1.12995439E8,112995439,112995439,1
78NOjcwjSb7qSrPtKUAHiy,41,41.0,41,41,1,3549,3549.0,3549,3549,1
1KNEo25B740JX8ZcphK4Xm,57,57.0,57,57,1,40270893,4.0270893E7,40270893,40270893,1
1nZzRJbFvCEct3uzu04ZoL,73,73.0,73,73,1,38385499,3.8385499E7,38385499,38385499,1
5n3dcdVRHsS7FZgrprMQ4w,0,0.0,0,0,1,4779199,4779199.0,4779199,4779199,1
2yrCEHRl6qP9YtUzRTKqZx,42,42.0,42,42,1,301226,301226.0,301226,301226,1
0HPD5WQqrq7wPWR7P7Dw1i,84,84.0,84,84,1,9160918,9160918.0,9160918,9160918,1
1D4PL9B8gOg78jiHg3FvBb,75,75.0,75,75,1,145489371,1.45489371E8,145489371,145489371,1
2GMtIdNwKgif9mgoF9IoVX,35,35.0,35,35,1,111922,111922.0,111922,111922,1
6ic8OlLUNEATToEFU3xmaH,84,84.0,84,84,1,17755451,1.7755451E7,17755451,17755451,1
2Fs18NaCDuluPG1DHGw1XG,73,73.0,73,73,1,3672166,3672166.0,3672166,3672166,1
5hkgrWxkobGtg30I7DsfVu,65,65.0,65,65,1,7647950,7647950.0,7647950,7647950,1
5vdp5UmvTsnMEMESIF2Ym7,81,81.0,81,81,1,55202163,5.5202163E7,55202163,55202163,1
72PVbRKkUimweUPV0nKAPs,71,71.0,71,71,1,85050158,8.5050158E7,85050158,85050158,1
7gKxCvTDWwV9wBhdeBbr3l,86,86.0,86,86,1,1524283,1524283.0,1524283,1524283,1
5Dg1VGthgPfQasqbX5GHDE,65,65.0,65,65,1,9241516,9241516.0,9241516,9241516,1
7a1D1K7sgFtumXN02ZdbUd,61,61.0,61,61,1,9256589,9256589.0,9256589,9256589,1
60Jn0ge4EIHRecFarOZ5qn,66,66.0,66,66,1,968416,968416.0,968416,968416,1
1pnDvUuAEd6z8bKEsbAjk1,67,67.0,67,67,1,22675640,2.267564E7,22675640,22675640,1
0Z7nGFVCLfixWctgePsRk9,73,73.0,73,73,1,41172203,4.1172203E7,41172203,41172203,1
4LRxmh62YHxSHL4hGLq0ln,54,54.0,54,54,1,26561582,2.6561582E7,26561582,26561582,1
0yIfmL323f1ECR1X86RRXs,37,37.0,37,37,1,241463,241463.0,241463,241463,1
0Bfr92yPEr9KocUpWP8xmh,52,52.0,52,52,1,4296747,4296747.0,4296747,4296747,1
1797zYiX4cKosMH836X9Gt,74,74.0,74,74,1,102500980,1.0250098E8,102500980,102500980,1
1CfuBY3BDdKpooQ9L5zgUc,69,69.0,69,69,1,42528657,4.2528657E7,42528657,42528657,1
4qgMPzf9QOETWQFUcFkHD4,62,62.0,62,62,1,473107,473107.0,473107,473107,1
1058fW9H3fZA6QjYCdOBad,65,65.0,65,65,1,35576126,3.5576126E7,35576126,35576126,1
1xVVYE1ahLotRpppJViVzs,57,57.0,57,57,1,15031490,1.503149E7,15031490,15031490,1
3Q4gttWQ6hxqWOa3tHoTNi,83,83.0,83,83,1,103094105,1.03094105E8,103094105,103094105,1
0vvG3fsZx0sb3pGvxj77Z4,42,42.0,42,42,1,36308,36308.0,36308,36308,1
7aiClxsDWFRQ0Kzk5KI5ku,3,3.0,3,3,1,5067759,5067759.0,5067759,5067759,1
6aYjVWuTtLWjRu1OYK9a6h,42,42.0,42,42,1,95832,95832.0,95832,95832,1
0EyWYj1NsLsaFPpuJkcdIe,19,19.0,19,19,1,88407,88407.0,88407,88407,1
3BsUcp4CFmJh39OKP4qbLx,54,54.0,54,54,1,58351,58351.0,58351,58351,1
6D7GVQWJ09EBxQlZqPgGIo,0,0.0,0,0,1,24505,24505.0,24505,24505,1
0sVgOxAOOAj0K8PdFEGhrR,44,44.0,44,44,1,35576126,3.5576126E7,35576126,35576126,1
5en9p2aG425kWmkge9qDXc,31,31.0,31,31,1,112003,112003.0,112003,112003,1
1D8bmUIhLHEO4KMS2SHwUx,49,49.0,49,49,1,39788275,3.9788275E7,39788275,39788275,1
5v9iJSk2leCP8JCGpIzEkr,51,51.0,51,51,1,274288,274288.0,274288,274288,1
5zb7npjQqoJ7Kcpq4yD9qn,61,61.0,61,61,1,3702045,3702045.0,3702045,3702045,1
3vFdNZTedff0LeqZjWxS1W,57,57.0,57,57,1,1104896,1104896.0,1104896,1104896,1
5rgrBsAFYMun6yhtnLKRPz,79,79.0,79,79,1,10564033,1.0564033E7,10564033,10564033,1
4P5NRoaJ75FFkciu8W4gET,30,30.0,30,30,1,9668759,9668759.0,9668759,9668759,1
6wJwkMo278iWVlWl1XQ4WA,72,72.0,72,72,1,53263844,5.3263844E7,53263844,53263844,1
6IS7RAH2yBYzOyqggWSDxm,0,0.0,0,0,1,259,259.0,259,259,1
0QaFbGRALtsnrIb4rcyxuj,29,29.0,29,29,1,90502,90502.0,90502,90502,1
6epn3r7S14KUqlReYr77hA,83,83.0,83,83,1,85022258,8.5022258E7,85022258,85022258,1
3XcYPyuk0BwiB4w6tgKpOC,36,36.0,36,36,1,448638,448638.0,448638,448638,1
6OtCIsQZ64Vs1EbzztvAv4,74,74.0,74,74,1,18700851,1.8700851E7,18700851,18700851,1
5OusUgzHz6Ulb3GZT7WUo5,67,67.0,67,67,1,2011461,2011461.0,2011461,2011461,1
1hrsEHe39nYu1pJx0Nrxd7,60,60.0,60,60,1,1441603,1441603.0,1441603,1441603,1
04KTF78FFg8sOHC1BADqbY,77,77.0,77,77,1,3741931,3741931.0,3741931,3741931,1
52gqeRlrBE7hqMlRxEsi6y,1,1.0,1,1,1,2152404,2152404.0,2152404,2152404,1
0i8YMDgoNR63GyXUmUcqHd,44,44.0,44,44,1,4968982,4968982.0,4968982,4968982,1
0weAUscowxeqDtpCgtbpgp,72,72.0,72,72,1,1155240,1155240.0,1155240,1155240,1
5Tbpp3OLLClPJF8t1DmrFD,76,76.0,76,76,1,15089626,1.5089626E7,15089626,15089626,1
1bdXMstfxFWYSkEFTnJMoN,2,2.0,2,2,1,32177831,3.2177831E7,32177831,32177831,1
2xSXw1EqGSAKc1e4TPaQvV,50,50.0,50,50,1,9347176,9347176.0,9347176,9347176,1
2MZeoO5my5Z2opiQHm150R,75,75.0,75,75,1,1460038,1460038.0,1460038,1460038,1
6HjYE79OOCGEhkIRfXLqrz,68,68.0,68,68,1,12320084,1.2320084E7,12320084,12320084,1
45J4avUb9Ni0bnETYaYFVJ,83,83.0,83,83,1,44606446,4.4606446E7,44606446,44606446,1
24SJ5ugsrMU20yLjZIsxlI,28,28.0,28,28,1,808436,808436.0,808436,808436,1
6YfWYo6lZ5SehOhr1MIi4d,24,24.0,24,24,1,1176,1176.0,1176,1176,1
1I2M8MhLJmlV4SEQK8YyLc,41,41.0,41,41,1,23528,23528.0,23528,23528,1
6gcuJpHu0Ey30D5WR76y98,67,67.0,67,67,1,12320084,1.2320084E7,12320084,12320084,1
4mxiv6HQfhqgIuN5iOONQd,71,71.0,71,71,1,2822145,2822145.0,2822145,2822145,1
3jEwcGvrpycRZ5XSspZ5vJ,38,38.0,38,38,1,8404,8404.0,8404,8404,1
6EJM2LrfhSq0xwaef7gH9u,26,26.0,26,26,1,39528,39528.0,39528,39528,1
75yRQ1RE96bpNPhQvcOveR,20,20.0,20,20,1,7557,7557.0,7557,7557,1
0UvZcEfpzVyx47QsRbjyBz,71,71.0,71,71,1,102571645,1.02571645E8,102571645,102571645,1
3NKUFgqI2sMrtIRGx5IHwx,37,37.0,37,37,1,20753,20753.0,20753,20753,1
27NovPIUIRrOZoCHxABJwK,73,73.0,73,73,1,12310277,1.2310277E7,12310277,12310277,1
0YeDG5HnKnG7jpArkzsSPa,61,61.0,61,61,1,145489371,1.45489371E8,145489371,145489371,1
6Up545NUflOiXo8cEraH49,74,74.0,74,74,1,3134316,3134316.0,3134316,3134316,1
7iDa6hUg2VgEL1o1HjmfBn,70,70.0,70,70,1,9838934,9838934.0,9838934,9838934,1
0lMbuWUpfTWhEmOKxppEau,62,62.0,62,62,1,23078238,2.3078238E7,23078238,23078238,1
1rWzYSHyZ5BiI4DnDRCwy7,1,1.0,1,1,1,10462018,1.0462018E7,10462018,10462018,1
3O8NlPh2LByMU9lSRSHedm,72,72.0,72,72,1,103067383,1.03067383E8,103067383,103067383,1
7EiZI6JVHllARrX9PUvAdX,82,82.0,82,82,1,22675640,2.267564E7,22675640,22675640,1
1bAvtmTl0F9loyz9AwPwp7,58,58.0,58,58,1,112918137,1.12918137E8,112918137,112918137,1
66hayvUbTotekKU3H4ta1f,76,76.0,76,76,1,1081127,1081127.0,1081127,1081127,1
68Dni7IE4VyPkTOH9mRWHr,85,85.0,85,85,1,27077429,2.7077429E7,27077429,27077429,1
6WVRhBxRMW9fn6sRkt2gWn,0,0.0,0,0,1,4779199,4779199.0,4779199,4779199,1
4gbVRS8gloEluzf0GzDOFc,84,84.0,84,84,1,45764832,4.5764832E7,45764832,45764832,1
5e5h9GeNY6janbVi34tn9e,48,48.0,48,48,1,112918137,1.12918137E8,112918137,112918137,1
42Uw9frN5ZVX40mRU3hHFL,53,53.0,53,53,1,66705650,6.670565E7,66705650,66705650,1
4hrAKlxfblnG7llBEEX7TR,59,59.0,59,59,1,3786304,3786304.0,3786304,3786304,1
5eZiC96lRq6IPHEOnbw0KS,55,55.0,55,55,1,4777574,4777574.0,4777574,4777574,1
3sfLB3q6o4sFyWGfFCJ9zQ,52,52.0,52,52,1,3751254,3751254.0,3751254,3751254,1
2gIEaB4cjCV8FyI2YDCDGn,33,33.0,33,33,1,3751254,3751254.0,3751254,3751254,1
4wH4dJgrsxONID6KS2tDQM,84,84.0,84,84,1,4727543,4727543.0,4727543,4727543,1
5zqJlEJcn0EfnvAScH8swK,51,51.0,51,51,1,30721676,3.0721676E7,30721676,30721676,1
0qU806xTLhuZ5kCrex2x4r,69,69.0,69,69,1,5106570,5106570.0,5106570,5106570,1
4zEvxRDaKDoFlHxK7Hy0wg,71,71.0,71,71,1,5401129,5401129.0,5401129,5401129,1
59kHPbwyyCApYA8RQQEuXm,73,73.0,73,73,1,3371242,3371242.0,3371242,3371242,1
3bbfY8yDDwzLvvx3tFwy8i,51,51.0,51,51,1,1308429,1308429.0,1308429,1308429,1
05aYqGC8NNxr4jiHbQXLG3,35,35.0,35,35,1,722,722.0,722,722,1
5LlDzb8dY5h4npkWKVmjT5,40,40.0,40,40,1,193279,193279.0,193279,193279,1
3Vg7nPYlOrCkcV1abKbRQ1,68,68.0,68,68,1,22682234,2.2682234E7,22682234,22682234,1
13z51T6P8M8r73mVViasqS,0,0.0,0,0,1,100865,100865.0,100865,100865,1
2gyxAWHebV7xPYVxqoi86f,75,75.0,75,75,1,49067177,4.9067177E7,49067177,49067177,1
6QS24xFgmG0XPxsmFhGTYS,42,42.0,42,42,1,16946293,1.6946293E7,16946293,16946293,1
6bbjMFCiXYhTRCfclucV4S,53,53.0,53,53,1,22219090,2.221909E7,22219090,22219090,1
1GKqff6G0zabRInKN9Vz1S,55,55.0,55,55,1,4299545,4299545.0,4299545,4299545,1
4C6Uex2ILwJi9sZXRdmqXp,67,67.0,67,67,1,34295707,3.4295707E7,34295707,34295707,1
4tYFy8ALRjIZvnvSLw5lxN,76,76.0,76,76,1,102571645,1.02571645E8,102571645,102571645,1
140FZc81yT89NfXsooPWWW,41,41.0,41,41,1,644963,644963.0,644963,644963,1
4HOryCnbme0zBnF8LWij3f,72,72.0,72,72,1,118728633,1.18728633E8,118728633,118728633,1
2769RhOZs0ezRncRW1vryp,66,66.0,66,66,1,2554758,2554758.0,2554758,2554758,1
3k7ne7VmH43ZPWxPdvPUgR,58,58.0,58,58,1,145489371,1.45489371E8,145489371,145489371,1
76mOLcXOjOEhyY4mMF1l3r,63,63.0,63,63,1,145489371,1.45489371E8,145489371,145489371,1
2olxzvoFI9IpxqFeUv7WOX,64,64.0,64,64,1,145396321,1.45396321E8,145396321,145396321,1
1Y2xv06UOclv7HpuMSqFq1,0,0.0,0,0,1,94208,94208.0,94208,94208,1
4QIo4oxwzzafcBWkKjDpXY,70,70.0,70,70,1,118728633,1.18728633E8,118728633,118728633,1
577YBGuskWkVDCxZrLRB4v,78,78.0,78,78,1,21644763,2.1644763E7,21644763,21644763,1
5FjY0HhXdLRXRkIEMd5xPQ,47,47.0,47,47,1,196577,196577.0,196577,196577,1
1dS4l6xmdgEhCZTAhdOm4N,66,66.0,66,66,1,81181104,8.1181104E7,81181104,81181104,1
5aCDaZpXFV0MBPgeAPBYV2,32,32.0,32,32,1,430168,430168.0,430168,430168,1
2o4T1vhu0kbTcKCGxFsSiw,21,21.0,21,21,1,47757,47757.0,47757,47757,1
1dwTG4PVhiWzeu0fUfMMMb,43,43.0,43,43,1,71368,71368.0,71368,71368,1
6VrLYoQKdhu1Jruei06t65,70,70.0,70,70,1,5912706,5912706.0,5912706,5912706,1
2sp2w9gJOg2Y1zqtMjF91f,33,33.0,33,33,1,104517308,1.04517308E8,104517308,104517308,1
2UZ8C6abrCuhjelaK1MFz1,0,0.0,0,0,1,354566,354566.0,354566,354566,1
1D4XFKolp63mNqqMXJJL1V,66,66.0,66,66,1,3737266,3737266.0,3737266,3737266,1
5r67bGhYXZNqk2m2Wupfmu,69,69.0,69,69,1,68997177,6.8997177E7,68997177,68997177,1
3MxJGBnYaP4yQYUv90HLqZ,60,60.0,60,60,1,40270893,4.0270893E7,40270893,40270893,1
1bXHMidMrVaiBkpGo05Ze5,46,46.0,46,46,1,2626020,2626020.0,2626020,2626020,1
5UOo694cVvjcPFqLFiNWGU,53,53.0,53,53,1,51821190,5.182119E7,51821190,51821190,1
6wN4nT2qy3MQc098yL3Eu9,73,73.0,73,73,1,28316378,2.8316378E7,28316378,28316378,1
0IkKz2J93C94Ei4BvDop7P,69,69.0,69,69,1,4430911,4430911.0,4430911,4430911,1
0fMAyo16WDEhIGoQHMSFCK,40,40.0,40,40,1,7528679,7528679.0,7528679,7528679,1
2cnhi0n4UMWCXQIEaVjnm5,0,0.0,0,0,1,4946,4946.0,4946,4946,1
60PAzFNW3vAiAiVK6DRJfB,70,70.0,70,70,1,7685474,7685474.0,7685474,7685474,1
6QNphn62YKaHG1hrnPSoHi,57,57.0,57,57,1,213395,213395.0,213395,213395,1
4SRqDmPxYX0pUb5B5ut2Ri,1,1.0,1,1,1,10217787,1.0217787E7,10217787,10217787,1
6faRsCMylJKKQqESbwJTA9,54,54.0,54,54,1,91895,91895.0,91895,91895,1
4VoMMy2Rl2rV3lx2zooOGX,14,14.0,14,14,1,2816087,2816087.0,2816087,2816087,1
3WibbMr6canxRJXhNtAvLU,62,62.0,62,62,1,3380735,3380735.0,3380735,3380735,1
00suglGfe7WNFpS1YyCTt6,49,49.0,49,49,1,30106,30106.0,30106,30106,1
104YdibC7VQy78xAVmgRYr,54,54.0,54,54,1,1800820,1800820.0,1800820,1800820,1
7ILYtGTvkUDpUh0gZ40ggX,27,27.0,27,27,1,60,60.0,60,60,1
7LuzjzUXiJge2Ql3Lqv8x8,36,36.0,36,36,1,398681,398681.0,398681,398681,1
1qbmS6ep2hbBRaEZFpn7BX,95,95.0,95,95,1,1499215,1499215.0,1499215,1499215,1
7ci52ucfgE7xV5XTa81i0a,43,43.0,43,43,1,8703,8703.0,8703,8703,1
4309sR6S14Qku6jqdqMI0I,0,0.0,0,0,1,6157207,6157207.0,6157207,6157207,1
6tNgRQ0K2NYZ0Rb9l9DzL8,74,74.0,74,74,1,49083617,4.9083617E7,49083617,49083617,1
5oJmBs9L5xwDkUbDWqn6Wr,61,61.0,61,61,1,341193,341193.0,341193,341193,1
6uHyUNwt9h4Q1Um222MDai,27,27.0,27,27,1,26272346,2.6272346E7,26272346,26272346,1
3NanY0K4okhIQzL33U5Ad8,63,63.0,63,63,1,4761364,4761364.0,4761364,4761364,1
6wAFvJPpTZVirBKGZ4EnMW,58,58.0,58,58,1,145489371,1.45489371E8,145489371,145489371,1
3LtpKP5abr2qqjunvjlX5i,77,77.0,77,77,1,9666661,9666661.0,9666661,9666661,1
6fcwTf51NfFQ4C8eq7a04K,47,47.0,47,47,1,794,794.0,794,794,1
3ElGRG3DqSzzkh1b2wnbzf,60,60.0,60,60,1,715149,715149.0,715149,715149,1
37NfmgIw3hLatdtt7c8PNm,51,51.0,51,51,1,107389514,1.07389514E8,107389514,107389514,1
0ZLuW8uOXdFNWcI40C0OC2,63,63.0,63,63,1,4350533,4350533.0,4350533,4350533,1
0Nzivfp90nH1WCPAMm7PV4,41,41.0,41,41,1,49050008,4.9050008E7,49050008,49050008,1
3ko9jEHNt4O5fjKN65ULJp,58,58.0,58,58,1,107401919,1.07401919E8,107401919,107401919,1
2iVsPIS2yjS4xhs5Rdy65O,57,57.0,57,57,1,5642365,5642365.0,5642365,5642365,1
0EhpEsp4L0oRGM0vmeaN5e,69,69.0,69,69,1,39113380,3.911338E7,39113380,39113380,1
3mC8VlVBwdVxCTq4cYZr64,47,47.0,47,47,1,46886554,4.6886554E7,46886554,46886554,1
1wcAKUbAyMRy0uSsFbyiCv,48,48.0,48,48,1,356342,356342.0,356342,356342,1
0fpC8u0M88v0DDIZJ4VHHq,38,38.0,38,38,1,4307803,4307803.0,4307803,4307803,1
1JgkiUg9mSXSwcb5Gbi4Ur,65,65.0,65,65,1,15031490,1.503149E7,15031490,15031490,1
7APTsjmZbj7TFXQJAiRti4,27,27.0,27,27,1,145396321,1.45396321E8,145396321,145396321,1
1V27TTo9FI2sl8xzGr3sCg,0,0.0,0,0,1,1254937,1254937.0,1254937,1254937,1
7vMOJJ9JJlkveckXrCyvHf,0,0.0,0,0,1,7961145,7961145.0,7961145,7961145,1
5JdLUE9D743ob2RtgmVpVx,65,65.0,65,65,1,984041,984041.0,984041,984041,1
6V3wTb4VVDWRw3YEDgc6Py,51,51.0,51,51,1,5778198,5778198.0,5778198,5778198,1
0q3BKRWzQ9uof4ywERwtB0,46,46.0,46,46,1,90176,90176.0,90176,90176,1
0uMZbmAAgOhdMrv25iPEH6,76,76.0,76,76,1,457277,457277.0,457277,457277,1
1u8c2t2Cy7UBoG4ArRcF5g,83,83.0,83,83,1,145489371,1.45489371E8,145489371,145489371,1
3tYxhPqkioZEV5el3DJxLQ,74,74.0,74,74,1,453018,453018.0,453018,453018,1
0nJW01T7XtvILxQgC5J7Wh,87,87.0,87,87,1,75455093,7.5455093E7,75455093,75455093,1
5g7sDjBhZ4I3gcFIpkrLuI,54,54.0,54,54,1,75474551,7.5474551E7,75474551,75474551,1
7tMN6iGJMulMFpSCeU7pmU,54,54.0,54,54,1,1330307,1330307.0,1330307,1330307,1
5WQQIDU3HRaMyPkob8mpFb,83,83.0,83,83,1,68997177,6.8997177E7,68997177,68997177,1
6UAgnw2w3AVwLg1p7sE7v4,65,65.0,65,65,1,1948341,1948341.0,1948341,1948341,1
2oENJa1T33GJ0w8dC167G4,74,74.0,74,74,1,3768378,3768378.0,3768378,3768378,1
4JehYebiI9JE8sR8MisGVb,74,74.0,74,74,1,41176723,4.1176723E7,41176723,41176723,1
1UKp5X9cPp9vMnTb39nnvg,59,59.0,59,59,1,2382165,2382165.0,2382165,2382165,1
3oairMMtNVnUppKwroxou4,62,62.0,62,62,1,3165404,3165404.0,3165404,3165404,1
3CpoeW0cZSDzIRv5z34F87,75,75.0,75,75,1,104517308,1.04517308E8,104517308,104517308,1
1TanmIWbaUj5NVwJ3k4XPd,70,70.0,70,70,1,5158411,5158411.0,5158411,5158411,1
60jBpph3T9fhGybzKH6wOs,20,20.0,20,20,1,23391272,2.3391272E7,23391272,23391272,1
5vEMhWbw4ddnBwYSI4MFLa,23,23.0,23,23,1,23391272,2.3391272E7,23391272,23391272,1
0fOblXmOu0vHm0fa2RezCC,18,18.0,18,18,1,429,429.0,429,429,1
4J1B7f8dgMWAcAHEm6Mvi8,51,51.0,51,51,1,37,37.0,37,37,1
52LucZg8sDnqlkwXL6E7uX,25,25.0,25,25,1,48,48.0,48,48,1
4BC3zlTGqYgCqUc7uBgsZk,44,44.0,44,44,1,4549,4549.0,4549,4549,1
1kUyOJb3fzUo8r0OCz5SQk,79,79.0,79,79,1,12328041,1.2328041E7,12328041,12328041,1
102YUQbYmwdBXS7jwamI90,77,77.0,77,77,1,26559943,2.6559943E7,26559943,26559943,1
2plbrEY59IikOBgBGLjaoe,91,91.0,91,91,1,42237551,4.2237551E7,42237551,42237551,1
57nPLBMMNk8w4KDNSwDxdz,21,21.0,21,21,1,17560,17560.0,17560,17560,1
5ixdmTpCmH5diBA1j154wN,67,67.0,67,67,1,102536542,1.02536542E8,102536542,102536542,1
5I0wEGsO9TmvLQEKCypr6Y,25,25.0,25,25,1,610,610.0,610,610,1
26b3oVLrRUaaybJulow9kz,76,76.0,76,76,1,573709,573709.0,573709,573709,1
5SHpuW2qjkQtFRpE6P9Nks,76,76.0,76,76,1,118728633,1.18728633E8,118728633,118728633,1
23CMRsLRGVCDwCzDtYMq6p,48,48.0,48,48,1,1174326,1174326.0,1174326,1174326,1
0bZL9EEh4nCiuRomDhMjwT,47,47.0,47,47,1,63136,63136.0,63136,63136,1
59CfNbkERJ3NoTXDvoURjj,71,71.0,71,71,1,5531011,5531011.0,5531011,5531011,1
5K6Ssv4Z3zRvxt0P6EKUAP,66,66.0,66,66,1,3469694,3469694.0,3469694,3469694,1
55Vf4bimc1Rtfg0PAQRAo2,63,63.0,63,63,1,145396321,1.45396321E8,145396321,145396321,1
5GkQIP5mWPi4KZLLXeuFTT,73,73.0,73,73,1,107374593,1.07374593E8,107374593,107374593,1
41ltleYVuvEjnqiygy2rQ3,47,47.0,47,47,1,5642365,5642365.0,5642365,5642365,1
44pBlSEASFjEdU3qEHhbFs,0,0.0,0,0,1,2740220,2740220.0,2740220,2740220,1
5RgNhmyaWYtuIioRVoQzMR,6,6.0,6,6,1,1578811,1578811.0,1578811,1578811,1
5f1joOtoMeyppIcJGZQvqJ,65,65.0,65,65,1,5777873,5777873.0,5777873,5777873,1
1kKYjjfNYxE0YYgLa7vgVY,71,71.0,71,71,1,8669911,8669911.0,8669911,8669911,1
2t16D9V5FmmRAJjsSpwvZf,64,64.0,64,64,1,3634221,3634221.0,3634221,3634221,1
581geNTL8gGJE3MEPY5tcE,55,55.0,55,55,1,5643375,5643375.0,5643375,5643375,1
7uUahoeqGNRMbpdeiLj1rS,67,67.0,67,67,1,597593,597593.0,597593,597593,1
5Qn56ssVeZJfNwDCme7Eo0,60,60.0,60,60,1,39777995,3.9777995E7,39777995,39777995,1
37F0uwRSrdzkBiuj0D5UHI,81,81.0,81,81,1,113039308,1.13039308E8,113039308,113039308,1
3jynPlIywjBpko6ZkR1mUI,0,0.0,0,0,1,33375,33375.0,33375,33375,1
6nmz4imkDcmtwMjocAzFSx,0,0.0,0,0,1,103039388,1.03039388E8,103039388,103039388,1
1x5gfSHfhWpMFKKqbuDe9G,0,0.0,0,0,1,10462018,1.0462018E7,10462018,10462018,1
7vS3Y0IKjde7Xg85LWIEdP,78,78.0,78,78,1,107401919,1.07401919E8,107401919,107401919,1
2XxjRGbbwxCeSsSPZrbyoL,45,45.0,45,45,1,2473426,2473426.0,2473426,2473426,1
243E850bUTNn4XRcDqO6iB,46,46.0,46,46,1,301146,301146.0,301146,301146,1
6poW01HiJfMo4GncCKI3JB,39,39.0,39,39,1,9668759,9668759.0,9668759,9668759,1
2Oehrcv4Kov0SuIgWyQY9e,4,4.0,4,4,1,58375520,5.837552E7,58375520,58375520,1
2PIW3DXspx6JtgrHZy4Uvv,0,0.0,0,0,1,3424761,3424761.0,3424761,3424761,1
4BbZKmwmUGXtArKaFT6nIu,45,45.0,45,45,1,321245,321245.0,321245,321245,1
1W69mAdmUCjE53jpGNcHY6,40,40.0,40,40,1,12004691,1.2004691E7,12004691,12004691,1
694tcvGfrTw7YEfFHFZK9d,0,0.0,0,0,1,555,555.0,555,555,1
3ckd4YA4LcD3j50rfIVwUe,64,64.0,64,64,1,3065386,3065386.0,3065386,3065386,1
0AQquaENerGps8BQmbPw14,71,71.0,71,71,1,626733,626733.0,626733,626733,1
0dtNBn7Uww8lHFTs6mittj,38,38.0,38,38,1,247771,247771.0,247771,247771,1
163ZzedEKDJX88nVA4pG5i,34,34.0,34,34,1,398659,398659.0,398659,398659,1
5sd3NwCj01EcL3Fh1qIdxW,36,36.0,36,36,1,148,148.0,148,148,1
6qqrTXSdwiJaq8SO0X2lSe,90,90.0,90,90,1,2880337,2880337.0,2880337,2880337,1
0K3w6WNawZlv6Izmsrye8o,62,62.0,62,62,1,112918137,1.12918137E8,112918137,112918137,1
12gsdUDClTjDeCM61nnqdX,54,54.0,54,54,1,294,294.0,294,294,1
4bfuT38XJterVJPPdKlneV,40,40.0,40,40,1,10888670,1.088867E7,10888670,10888670,1
5Nt2FMqnKI2mlp7lztURNo,65,65.0,65,65,1,340128,340128.0,340128,340128,1
2X05EASOuBv6aRQRJoGI1i,47,47.0,47,47,1,8768495,8768495.0,8768495,8768495,1
0OsuHhPPArdFzJGuIAacnN,0,0.0,0,0,1,158574,158574.0,158574,158574,1
6d2bkGmpzE0sfajoHLDcQa,0,0.0,0,0,1,4948,4948.0,4948,4948,1
4sFGNz4MYpGoz53ZGCwsiE,67,67.0,67,67,1,2569728,2569728.0,2569728,2569728,1
4M9kHcpZQZNzRnAhIQ1YLM,58,58.0,58,58,1,26114,26114.0,26114,26114,1
271bNJw8s9aL0EqxBZY56P,0,0.0,0,0,1,2177177,2177177.0,2177177,2177177,1
7szuecWAPwGoV1e5vGu8tl,76,76.0,76,76,1,112918137,1.12918137E8,112918137,112918137,1
4a6q8CR2hzLk2plDkSxkfD,68,68.0,68,68,1,5506553,5506553.0,5506553,5506553,1
4MfUR0Jx3uOdnqodR2JLGF,36,36.0,36,36,1,4308713,4308713.0,4308713,4308713,1
3c4e5bs1Y9txBubMx2al9G,39,39.0,39,39,1,8862427,8862427.0,8862427,8862427,1
68jISmZBEKis7eg5Ijr17k,42,42.0,42,42,1,2177177,2177177.0,2177177,2177177,1
1IyPd065NkGaOL5Qe7XI9c,26,26.0,26,26,1,313556,313556.0,313556,313556,1
6OaVWaGfhXn70ZJfdVcabn,70,70.0,70,70,1,41119579,4.1119579E7,41119579,41119579,1
52okn5MNA47tk87PeZJLEL,77,77.0,77,77,1,11162039,1.1162039E7,11162039,11162039,1
6k0FFbdikaefJGV2443iNv,0,0.0,0,0,1,2833139,2833139.0,2833139,2833139,1
36YCdzT57us0LhDmCYtrNE,62,62.0,62,62,1,112918137,1.12918137E8,112918137,112918137,1
36phXHOKx8rO7CMp2vNX4x,68,68.0,68,68,1,8862787,8862787.0,8862787,8862787,1
4uJ44cjN38DQ2kfecacHCc,40,40.0,40,40,1,12275134,1.2275134E7,12275134,12275134,1
5U4AHSNYR1Z3Hu0K6x1QxC,46,46.0,46,46,1,64618,64618.0,64618,64618,1
3Y5pMbGjRCsTBJ6E6aPOKp,46,46.0,46,46,1,71857,71857.0,71857,71857,1
4scpF6J5uMBvoh6sFB7EL1,69,69.0,69,69,1,7767429,7767429.0,7767429,7767429,1
7cgu4JBW3hq1GwTM1ilkKQ,70,70.0,70,70,1,3676745,3676745.0,3676745,3676745,1
65uoaqX5qcjXZRheAj1qQT,79,79.0,79,79,1,2545147,2545147.0,2545147,2545147,1
0pxPNTroZcxXA0w6IDgMQJ,75,75.0,75,75,1,21598900,2.15989E7,21598900,21598900,1
2CcQDI2IDhHbmBIFup58JE,67,67.0,67,67,1,107401919,1.07401919E8,107401919,107401919,1
3sAIY2jtHpUHKfwDSSVgMM,49,49.0,49,49,1,38400585,3.8400585E7,38400585,38400585,1
7p32ZhYzAOpwj7Pde7cOes,0,0.0,0,0,1,321082,321082.0,321082,321082,1
5BhsEd82G0Mnim0IUH6xkT,55,55.0,55,55,1,5588772,5588772.0,5588772,5588772,1
1yqMgZNrevsWMLWfO2PRp5,70,70.0,70,70,1,60830643,6.0830643E7,60830643,60830643,1
3pYDZTJM2tVBUhIRifWVzI,76,76.0,76,76,1,9156883,9156883.0,9156883,9156883,1
57uX2vR9j9DNiANDYfXw1i,67,67.0,67,67,1,4290585,4290585.0,4290585,4290585,1
4PreGXITi6FzQOxhUxwuWV,44,44.0,44,44,1,111922,111922.0,111922,111922,1
2pnyxDWnRB8l2GOTpPec5d,20,20.0,20,20,1,4036,4036.0,4036,4036,1
3U5JVgI2x4rDyHGObzJfNf,85,85.0,85,85,1,1904542,1904542.0,1904542,1904542,1
61mWefnWQOLf90gepjOCb3,82,82.0,82,82,1,14083185,1.4083185E7,14083185,14083185,1
6YgV0EF8xJMZz0Zm6BTaT4,61,61.0,61,61,1,45764832,4.5764832E7,45764832,45764832,1
3Yvi5NkUrSppVwrMHYkB6u,60,60.0,60,60,1,350647,350647.0,350647,350647,1
50H91sLfRgD5hYXg5gjtQo,37,37.0,37,37,1,3856287,3856287.0,3856287,3856287,1
2hBJgz4Ye9MkkmBbaDTTKx,55,55.0,55,55,1,37417943,3.7417943E7,37417943,37417943,1
0pUVeEgZuNyFzIMKp67RbS,83,83.0,83,83,1,2462227,2462227.0,2462227,2462227,1
2374M0fQpWi3dLnB54qaLX,86,86.0,86,86,1,3718127,3718127.0,3718127,3718127,1
2kkvB3RNRzwjFdGhaUA0tz,74,74.0,74,74,1,822597,822597.0,822597,822597,1
0AIgBzLYBfU1DIFgPb3EJh,29,29.0,29,29,1,42604,42604.0,42604,42604,1
1YEZbdT417SfolPQzaoHs2,27,27.0,27,27,1,8802,8802.0,8802,8802,1
7lOVZltduRLXe6WTpdzDd4,38,38.0,38,38,1,462,462.0,462,462,1
5qe8SnxPbpCtIzDpwXCfG6,40,40.0,40,40,1,1703,1703.0,1703,1703,1
7d4XgyK0cK4O51MmXox5Xh,60,60.0,60,60,1,15702014,1.5702014E7,15702014,15702014,1
6x0IABwoJb50zlg6LgfvBE,29,29.0,29,29,1,10925,10925.0,10925,10925,1
609E1JCInJncactoMmkDon,75,75.0,75,75,1,8585717,8585717.0,8585717,8585717,1
7MepBxqi5osoK9YjuLwuQ2,0,0.0,0,0,1,469,469.0,469,469,1
78Sw5GDo6AlGwTwanjXbGh,4,4.0,4,4,1,4681304,4681304.0,4681304,4681304,1
3qyveovuSWvxXEMICuLlp3,47,47.0,47,47,1,21591569,2.1591569E7,21591569,21591569,1
3O5osWf1rSoKMwe6E9ZaXP,61,61.0,61,61,1,145489371,1.45489371E8,145489371,145489371,1
7IL8PSVwLOJxqYne6azxQv,76,76.0,76,76,1,21606569,2.1606569E7,21606569,21606569,1
1KixkQVDUHggZMU9dUobgm,73,73.0,73,73,1,7755194,7755194.0,7755194,7755194,1
2t0wwvR15fc3K1ey8OiOaN,76,76.0,76,76,1,6444988,6444988.0,6444988,6444988,1
6bnF93Rx87YqUBLSgjiMU8,78,78.0,78,78,1,112918137,1.12918137E8,112918137,112918137,1
4dCijzEgPnTwOYPCT3ATcL,46,46.0,46,46,1,29433,29433.0,29433,29433,1
4qX18Am6dJZg0ovgddL7w6,48,48.0,48,48,1,596698,596698.0,596698,596698,1
77c4paLmUbYWeW1NQ5DTPx,43,43.0,43,43,1,51609,51609.0,51609,51609,1
4n1bdaKwynQndm47x5HqWX,59,59.0,59,59,1,103039388,1.03039388E8,103039388,103039388,1
2y13ifLsxsY1d5TiqX9KfS,0,0.0,0,0,1,24497,24497.0,24497,24497,1
6dbSBQXCctYSVryynHXaZ4,73,73.0,73,73,1,2046209,2046209.0,2046209,2046209,1
24ksPWXKg1k7OOG57pufED,25,25.0,25,25,1,145396321,1.45396321E8,145396321,145396321,1
4XScunWTatagh0YbAaDVck,40,40.0,40,40,1,33090,33090.0,33090,33090,1
3dhx7CWG5hLaPXiZQiXD2I,18,18.0,18,18,1,350,350.0,350,350,1
3VqiD8Yvk6bKwqS1e64PHB,45,45.0,45,45,1,60818952,6.0818952E7,60818952,60818952,1
6TYAkIN7NPhdWrkisutILR,24,24.0,24,24,1,10611,10611.0,10611,10611,1
1n85CpGvPB9Q2OU7drAstz,33,33.0,33,33,1,120370,120370.0,120370,120370,1
5L29vlA3VNyne1qT8Uej7Q,32,32.0,32,32,1,6375,6375.0,6375,6375,1
4fwbGKNExPtPHbor1TBSY4,57,57.0,57,57,1,38400585,3.8400585E7,38400585,38400585,1
3bNv3VuUOKgrf5hu3YcuRo,81,81.0,81,81,1,66720643,6.6720643E7,66720643,66720643,1
2wbN4OiwGcUXXpR6xKkugA,57,57.0,57,57,1,4777574,4777574.0,4777574,4777574,1
3F14hbIqy1JKKLTb1mzdYV,62,62.0,62,62,1,104539036,1.04539036E8,104539036,104539036,1
3yUcJwYu7fXAfqMj9krY6l,78,78.0,78,78,1,2154167,2154167.0,2154167,2154167,1
6pnwfWyaWjQiHCKTiZLItr,71,71.0,71,71,1,22717804,2.2717804E7,22717804,22717804,1
0NZKfcua68wuZePhjp8N2I,65,65.0,65,65,1,11137714,1.1137714E7,11137714,11137714,1
4xdb5NoeB3RTfgdZww0FE6,41,41.0,41,41,1,569,569.0,569,569,1
6zoq5IijpDuManYvVpwn7M,39,39.0,39,39,1,193279,193279.0,193279,193279,1
3pY2M4k9BSk7ulLBSV0tcX,71,71.0,71,71,1,12337033,1.2337033E7,12337033,12337033,1
2CGNAOSuO1MEFCbBRgUzjd,84,84.0,84,84,1,44592005,4.4592005E7,44592005,44592005,1
0zg8YJbzyKaDwqdL2yphuk,25,25.0,25,25,1,10928,10928.0,10928,10928,1
1xwvjqcwflD2NEqRCNcCo2,56,56.0,56,56,1,22682234,2.2682234E7,22682234,22682234,1
7fZGN6eEwHNXTdxzEbprLD,26,26.0,26,26,1,610,610.0,610,610,1
7hOkcRxE5AQiKbi7qImu78,38,38.0,38,38,1,65719,65719.0,65719,65719,1
5VRVc5Cq5MbKJG5llJ8XvH,53,53.0,53,53,1,881780,881780.0,881780,881780,1
1JBv0j7SZPNHhV96XaDF9X,50,50.0,50,50,1,4296747,4296747.0,4296747,4296747,1
6Sq7ltF9Qa7SNFBsV5Cogx,82,82.0,82,82,1,102500980,1.0250098E8,102500980,102500980,1
1SC5rEoYDGUK4NfG82494W,74,74.0,74,74,1,12310527,1.2310527E7,12310527,12310527,1
4pvQuMznanQIoAVshVwxLc,32,32.0,32,32,1,1078,1078.0,1078,1078,1
748mdHapucXQri7IAO8yFK,8,8.0,8,8,1,34735147,3.4735147E7,34735147,34735147,1
5V8QKyt40AbgQXIhGwhT5f,0,0.0,0,0,1,164524,164524.0,164524,164524,1
4nsn9ftA0W71lBXZLgGXho,45,45.0,45,45,1,15684530,1.568453E7,15684530,15684530,1
18wCJcoFmXZ0jfrFhF6cYS,0,0.0,0,0,1,3635756,3635756.0,3635756,3635756,1
4t9vB7wIKWE5jIhjcztmmd,70,70.0,70,70,1,940759,940759.0,940759,940759,1
44Du2IM1bGY7dicmLfXbUs,54,54.0,54,54,1,103067383,1.03067383E8,103067383,103067383,1
2Ggw6Fz6Uc9SQHWx1aNcwz,0,0.0,0,0,1,55191,55191.0,55191,55191,1
5NORWMFC27ywGSZxi8uquP,5,5.0,5,5,1,5903211,5903211.0,5903211,5903211,1
6kEqKNXFU9p5lXSSab4skH,46,46.0,46,46,1,939937,939937.0,939937,939937,1
7MmG8p0F9N3C4AXdK6o6Eb,85,85.0,85,85,1,23078931,2.3078931E7,23078931,23078931,1
6PnluwP0fjGnpIBsqTdUTq,75,75.0,75,75,1,51798111,5.1798111E7,51798111,51798111,1
2AT8iROs4FQueDv2c8q2KE,80,80.0,80,80,1,32068481,3.2068481E7,32068481,32068481,1
2cA9RA2kuwsR7OBQ2LIEIe,49,49.0,49,49,1,112957721,1.12957721E8,112957721,112957721,1
455AfCsOhhLPRc68sE01D8,74,74.0,74,74,1,38385499,3.8385499E7,38385499,38385499,1
20I6sIOMTCkB6w7ryavxtO,81,81.0,81,81,1,5139846,5139846.0,5139846,5139846,1
0LHpEIKaXBtXrqSUEdfWKm,35,35.0,35,35,1,11933906,1.1933906E7,11933906,11933906,1
2G2YzndIA6jeWFPBXhUjh5,73,73.0,73,73,1,443204,443204.0,443204,443204,1
0j2T0R9dR9qdJYsB7ciXhf,81,81.0,81,81,1,31038851,3.1038851E7,31038851,31038851,1
45hOioMDJktr86iKDHC8gr,76,76.0,76,76,1,12008159,1.2008159E7,12008159,12008159,1
2Bi7162DRe4nWvzZFm6TXu,0,0.0,0,0,1,133984,133984.0,133984,133984,1
5cY8y2XgOfkAh4kSWLFKkz,71,71.0,71,71,1,12721192,1.2721192E7,12721192,12721192,1
0lP4HYLmvowOKdsQ7CVkuq,79,79.0,79,79,1,3967538,3967538.0,3967538,3967538,1
7pE1oIwO0JkKej4UJDR394,38,38.0,38,38,1,984364,984364.0,984364,984364,1
4wzt5Rrk3W98pHXAqutuJw,68,68.0,68,68,1,60818952,6.0818952E7,60818952,60818952,1
7BY7e8RE2XPFfZ7qnB2mSb,23,23.0,23,23,1,13710072,1.3710072E7,13710072,13710072,1
0oKU0u7DD8cchRbNTR0SC6,44,44.0,44,44,1,4887584,4887584.0,4887584,4887584,1
5TB6QgrF0RPIxSCGfRDLoe,66,66.0,66,66,1,60804949,6.0804949E7,60804949,60804949,1
1EiLrPd8JMTcQUr1aLEUKi,65,65.0,65,65,1,1081830,1081830.0,1081830,1081830,1
1OE5l6sedVcIFELMuxQOPI,59,59.0,59,59,1,2036799,2036799.0,2036799,2036799,1
2lCeVXvAGYUud5smJ9PhGv,53,53.0,53,53,1,103,103.0,103,103,1
1I37Zz2g3hk9eWxaNkj031,93,93.0,93,93,1,2234812,2234812.0,2234812,2234812,1
2UijQcg9x42vsbXYh0PzPO,65,65.0,65,65,1,26114,26114.0,26114,26114,1
5il0jwWUlvgtIzWvzJi12z,67,67.0,67,67,1,26538275,2.6538275E7,26538275,26538275,1
5Z0UnEtpLDQyYlWwgi8m9C,12,12.0,12,12,1,9112977,9112977.0,9112977,9112977,1
4hao9nxU61sUbvdHywBnWx,42,42.0,42,42,1,18834,18834.0,18834,18834,1
3DrkYwyu8QqZQ05r2gGqHi,63,63.0,63,63,1,4761364,4761364.0,4761364,4761364,1
1oc92BMKYkNxK17C2GtyRM,56,56.0,56,56,1,13056061,1.3056061E7,13056061,13056061,1
1QL7nSDZCwZMnbisV4KOXt,59,59.0,59,59,1,2981133,2981133.0,2981133,2981133,1
37BZB0z9T8Xu7U3e65qxFy,77,77.0,77,77,1,112918137,1.12918137E8,112918137,112918137,1
7eResoqEJJAVTkQYSqvO3P,59,59.0,59,59,1,145443567,1.45443567E8,145443567,145443567,1
1v6svH1Fyx9C1nIt1mA2DT,72,72.0,72,72,1,49083617,4.9083617E7,49083617,49083617,1
1LLXZFeAHK9R4xUramtUKw,71,71.0,71,71,1,145396321,1.45396321E8,145396321,145396321,1
6XHVuErjQ4XNm6nDPVCxVX,80,80.0,80,80,1,28327351,2.8327351E7,28327351,28327351,1
58OIhH8VeCWrZTpKdVTM6y,20,20.0,20,20,1,35140,35140.0,35140,35140,1
6UjeFOCGYgMpBUtqKg1Je3,0,0.0,0,0,1,542026,542026.0,542026,542026,1
5yJaXWIErrrsjQ3J0eR5aK,80,80.0,80,80,1,2166012,2166012.0,2166012,2166012,1
7bJ6xGa3RG2dQgNiK10uAv,54,54.0,54,54,1,313454,313454.0,313454,313454,1
6aVeSCobcOjIkMFARN9B7l,49,49.0,49,49,1,26564677,2.6564677E7,26564677,26564677,1
3BdUDbQXj4JGA5IHoqBi3u,28,28.0,28,28,1,640544,640544.0,640544,640544,1
7aENwq13lwx4TLLNRDxr5P,41,41.0,41,41,1,189122,189122.0,189122,189122,1
0O1GVqeyCZUKoTAp9O4AOZ,33,33.0,33,33,1,3833,3833.0,3833,3833,1
0prLNHPLzTyroOlmWjyluS,52,52.0,52,52,1,301316,301316.0,301316,301316,1
3Zwu2K0Qa5sT6teCCHPShP,78,78.0,78,78,1,11415609,1.1415609E7,11415609,11415609,1
41bF09RmeV3rQXMECkGZzM,43,43.0,43,43,1,9661696,9661696.0,9661696,9661696,1
3QDahKSqLwYJYQRbILdzS6,56,56.0,56,56,1,13822540,1.382254E7,13822540,13822540,1
47wZfF4OdME3xkIPhhpSSF,57,57.0,57,57,1,3167026,3167026.0,3167026,3167026,1
40T969H60rqt5v1tWZDEMS,41,41.0,41,41,1,4968982,4968982.0,4968982,4968982,1
4KejRvDlbtq42GaQ0JWqfX,38,38.0,38,38,1,3857762,3857762.0,3857762,3857762,1
0WQiDwKJclirSYG9v5tayI,83,83.0,83,83,1,7728723,7728723.0,7728723,7728723,1
2tcz7HF2mUWvefPMq1RDF4,45,45.0,45,45,1,10272,10272.0,10272,10272,1
0t3pcqgBjuAVBgY2oEUIlH,79,79.0,79,79,1,28327351,2.8327351E7,28327351,28327351,1
0m00au0MMoII2767mu4sj7,65,65.0,65,65,1,306513,306513.0,306513,306513,1
4wTvw1dBiPXNiHTh0zzpcI,75,75.0,75,75,1,6318755,6318755.0,6318755,6318755,1
4qNx6PlGnuFUyZNYcNBXCo,0,0.0,0,0,1,33312,33312.0,33312,33312,1
71DSaeKtXQaMAqnvMT7Uoc,66,66.0,66,66,1,2222327,2222327.0,2222327,2222327,1
1fDFHXcykq4iw8Gg7s5hG9,86,86.0,86,86,1,7959873,7959873.0,7959873,7959873,1
28GCbKgjlVD9eDmasGbe0T,74,74.0,74,74,1,102500980,1.0250098E8,102500980,102500980,1
6QFCgioM2ZDxCEadWUes2b,45,45.0,45,45,1,1551541,1551541.0,1551541,1551541,1
1SuaBI4tZVxucYmJoTVgC0,0,0.0,0,0,1,130194,130194.0,130194,130194,1
5yJ8ZbAqFOq6wM9Il9ZcUV,0,0.0,0,0,1,3401,3401.0,3401,3401,1
5pfbrI3FOkCUBFnIJnVWtD,0,0.0,0,0,1,607,607.0,607,607,1
7Dx9Z6Aon1qPS2N0rHSWTe,65,65.0,65,65,1,107374593,1.07374593E8,107374593,107374593,1
6nK2pIKFcRc5frrZKHgsiT,65,65.0,65,65,1,145443567,1.45443567E8,145443567,145443567,1
2XU0oxnq2qxCpomAAuJY8K,73,73.0,73,73,1,3006445,3006445.0,3006445,3006445,1
3e9HZxeyfWwjeyPAMmWSSQ,81,81.0,81,81,1,107389514,1.07389514E8,107389514,107389514,1
2TIlqbIneP0ZY1O0EzYLlc,68,68.0,68,68,1,14045780,1.404578E7,14045780,14045780,1
21YnmkSDhUkmkkni22Svc4,0,0.0,0,0,1,45700057,4.5700057E7,45700057,45700057,1
3yWF3DqFBNLvf7s4C7mKUm,2,2.0,2,2,1,343014,343014.0,343014,343014,1
7eGeUVeCEvEQrivmjl9Qn3,29,29.0,29,29,1,145443567,1.45443567E8,145443567,145443567,1
14BH4qO7pgCmIe6mgLKOK3,67,67.0,67,67,1,732382,732382.0,732382,732382,1
4S6fv0puLCsfYjyBTPDb9k,69,69.0,69,69,1,30550549,3.0550549E7,30550549,30550549,1
4tD2tUs8Bf4X5dMS6CxccV,43,43.0,43,43,1,430274,430274.0,430274,430274,1
0qy5D3OJre7SPJNMOL9I71,62,62.0,62,62,1,885355,885355.0,885355,885355,1
0r4SsYcwvd8URat6AS2m6f,2,2.0,2,2,1,10911229,1.0911229E7,10911229,10911229,1
1J4XVj9fWhfJNgFB1ppgWP,0,0.0,0,0,1,49,49.0,49,49,1
3GpbwCm3YxiWDvy29Uo3vP,82,82.0,82,82,1,8972549,8972549.0,8972549,8972549,1
4DxybsoSiMUW0JI2oM0SSN,70,70.0,70,70,1,1441836,1441836.0,1441836,1441836,1
1woL1W9wp2tKz9cFyc4NUm,57,57.0,57,57,1,1604690,1604690.0,1604690,1604690,1
2xIDjKKHvz7jS8bn71MJ6C,22,22.0,22,22,1,9661696,9661696.0,9661696,9661696,1
21D6cTpVlaM7VU6Rb0put7,45,45.0,45,45,1,499153,499153.0,499153,499153,1
3jzAsTL0I2OMebMOSDJSKx,47,47.0,47,47,1,4971141,4971141.0,4971141,4971141,1
0gzqZ9d1jIKo9psEIthwXe,73,73.0,73,73,1,13593848,1.3593848E7,13593848,13593848,1
3Y6XWs8xMlCngyIxNOFnsp,62,62.0,62,62,1,732543,732543.0,732543,732543,1
1appZ3c336FkPvCuywfmrs,93,93.0,93,93,1,145396321,1.45396321E8,145396321,145396321,1
2BwO5K8Q7EPAJSGze3AAh9,88,88.0,88,88,1,26559943,2.6559943E7,26559943,26559943,1
5m7x8fsagpLnkLmSWYMkTY,37,37.0,37,37,1,398642,398642.0,398642,398642,1
6KSp46BNzfuJdNJrdU77wf,21,21.0,21,21,1,134,134.0,134,134,1
0bxRSMz5WY1VuMmOhanE4b,63,63.0,63,63,1,112918137,1.12918137E8,112918137,112918137,1
4JfCAr96utJ1pHKXQr6Hzd,28,28.0,28,28,1,26987,26987.0,26987,26987,1
3aCPResPDNae3pXTocGpYe,74,74.0,74,74,1,22675640,2.267564E7,22675640,22675640,1
0gucUyFMFRMlUiVn9US4YX,70,70.0,70,70,1,47716988,4.7716988E7,47716988,47716988,1
1GClDyMiSLrpzjzwIfWRIa,70,70.0,70,70,1,6522709,6522709.0,6522709,6522709,1
5ZdqVCiXrvMGpY8cux5g8t,70,70.0,70,70,1,1460038,1460038.0,1460038,1460038,1
3tAzBlgsnYvFPVmiGvWRcZ,37,37.0,37,37,1,78423,78423.0,78423,78423,1
5uwQrScTfOJVqUvZ1cKbFD,0,0.0,0,0,1,666,666.0,666,666,1
5BDZ8atcxq0QHGn66YwTwh,49,49.0,49,49,1,190093,190093.0,190093,190093,1
4UGvqm3e7UElrrriPtnhwz,0,0.0,0,0,1,135787,135787.0,135787,135787,1
2XMAWynSTIst5KmLSv0Npf,65,65.0,65,65,1,41176723,4.1176723E7,41176723,41176723,1
4h4QlmocP3IuwYEj2j14p8,7,7.0,7,7,1,329655,329655.0,329655,329655,1
0VzBKgimNRMauaqzT2rEnS,70,70.0,70,70,1,589195,589195.0,589195,589195,1
22bPsP2jCgbLUvh82U0Z3M,76,76.0,76,76,1,145396321,1.45396321E8,145396321,145396321,1
52OkpDsU6MmPx1AwGOb6Ap,64,64.0,64,64,1,145396321,1.45396321E8,145396321,145396321,1
4UGOaZPk8uBm74Pc7hueQi,46,46.0,46,46,1,35497,35497.0,35497,35497,1
3lG6OtGDsYAOALxEmubQQm,73,73.0,73,73,1,51773650,5.177365E7,51773650,51773650,1
5sDqPeUNRmwOLmkgR7nEgR,0,0.0,0,0,1,24497,24497.0,24497,24497,1
0b11D9D0hMOYCIMN3OKreM,71,71.0,71,71,1,608869,608869.0,608869,608869,1
6VpQdig9pdpTSIFItgkJV5,58,58.0,58,58,1,35576126,3.5576126E7,35576126,35576126,1
4FGatgfUBB3gqrmz1F6n41,42,42.0,42,42,1,111922,111922.0,111922,111922,1
0l0CvurVUrr2w3Jj1hOVFc,78,78.0,78,78,1,15743681,1.5743681E7,15743681,15743681,1
3JbnEiTszmfArBtYVU4DoO,53,53.0,53,53,1,15695162,1.5695162E7,15695162,15695162,1
40gvh6jP5qxMJuMmF9lG9A,74,74.0,74,74,1,21591569,2.1591569E7,21591569,21591569,1
49zD0wr2S3d0lZPib0K4e1,64,64.0,64,64,1,22682234,2.2682234E7,22682234,22682234,1
4n2bcosyUN2mMAqovwqKRP,58,58.0,58,58,1,7053393,7053393.0,7053393,7053393,1
7KZJnMtwu2s80jO5Frthap,33,33.0,33,33,1,104584370,1.0458437E8,104584370,104584370,1
4ot2lykiAQeZC1GAnNQNJ4,58,58.0,58,58,1,12460242,1.2460242E7,12460242,12460242,1
0b16LTzby1YRVd2nq2Z0fw,49,49.0,49,49,1,145489371,1.45489371E8,145489371,145489371,1
18VfHIPaCo0s6FTi1Fnp6T,62,62.0,62,62,1,28305692,2.8305692E7,28305692,28305692,1
4aorFAl3wVVlx4RxHKgFpT,35,35.0,35,35,1,13709065,1.3709065E7,13709065,13709065,1
030OCtLMrljNhp8OWHBWW3,80,80.0,80,80,1,13749886,1.3749886E7,13749886,13749886,1
0GX5oOKtU0nnx5OkhenW2i,71,71.0,71,71,1,10217787,1.0217787E7,10217787,10217787,1
3ia3dJETSOllPsv3LJkE35,80,80.0,80,80,1,22549768,2.2549768E7,22549768,22549768,1
08wz6xkqg3ZkpmzgAsarMV,33,33.0,33,33,1,4969994,4969994.0,4969994,4969994,1
71CM4ewUYZCeRHUGshpVlr,42,42.0,42,42,1,9152,9152.0,9152,9152,1
4TnUKixNWMfajncgdSwFoi,72,72.0,72,72,1,5159832,5159832.0,5159832,5159832,1
0n2QFaU59wkNJW0ruoaGeY,28,28.0,28,28,1,114,114.0,114,114,1
3hPGMErh5j3eut1cxcE7nk,44,44.0,44,44,1,11904,11904.0,11904,11904,1
2AeE8YVDtQmu3yYDR8Odlh,41,41.0,41,41,1,3665,3665.0,3665,3665,1
4EIFwndJvGpgFjsEbNuYif,77,77.0,77,77,1,12320084,1.2320084E7,12320084,12320084,1
6iOndD4OFo7GkaDypWQIou,89,89.0,89,89,1,812534,812534.0,812534,812534,1
71NNPV1TSGhdoQ7ebGY8py,65,65.0,65,65,1,968416,968416.0,968416,968416,1
0IsIY8pfu1yaGkPUD7pkDx,80,80.0,80,80,1,6318755,6318755.0,6318755,6318755,1
7BfQEykWQ3sPmg3lTKEJOE,28,28.0,28,28,1,301496,301496.0,301496,301496,1
0Rb0nCwXNKtq2TETOq3gjk,1,1.0,1,1,1,54011,54011.0,54011,54011,1
32fSZSbxeVoiZShMQKLc6Z,69,69.0,69,69,1,7305071,7305071.0,7305071,7305071,1
0duALa6UlxVWqEqpmhv73p,70,70.0,70,70,1,694143,694143.0,694143,694143,1
2Ggr9IfS70wYQacW8nZKPG,71,71.0,71,71,1,785952,785952.0,785952,785952,1
2SabxRgV7VMc1LRHgw0HIo,1,1.0,1,1,1,15689879,1.5689879E7,15689879,15689879,1
042Sl6Mn83JHyLEqdK7uI0,73,73.0,73,73,1,118692183,1.18692183E8,118692183,118692183,1
5fwSHlTEWpluwOM0Sxnh5k,77,77.0,77,77,1,17042139,1.7042139E7,17042139,17042139,1
1sbEeUY8KsdvgiQi26JBFz,62,62.0,62,62,1,12341870,1.234187E7,12341870,12341870,1
11cnlFaQKMhe5R95CN7PsV,0,0.0,0,0,1,1111140,1111140.0,1111140,1111140,1
6YvqWjhGD8mB5QXcbcUKtx,75,75.0,75,75,1,145396321,1.45396321E8,145396321,145396321,1
4y4spB9m0Q6026KfkAvy9Q,66,66.0,66,66,1,85050158,8.5050158E7,85050158,85050158,1
727Z2S2mtNH46CbP9EWPwY,73,73.0,73,73,1,261055,261055.0,261055,261055,1
4XfI7M5gLwEY84gYiH4RDD,65,65.0,65,65,1,21591569,2.1591569E7,21591569,21591569,1
1K3VVOhHLQ9WQGTeYVroYj,0,0.0,0,0,1,1914,1914.0,1914,1914,1
2xneniL4mcJebMJnkle3vY,0,0.0,0,0,1,8011254,8011254.0,8011254,8011254,1
5QozZMQY8pD7xRb0BMf2O7,0,0.0,0,0,1,127548,127548.0,127548,127548,1
4wFjTWCunQFKtukqrNijEt,66,66.0,66,66,1,14636928,1.4636928E7,14636928,14636928,1
1vNoA9F5ASnlBISFekDmg3,3,3.0,3,3,1,891423,891423.0,891423,891423,1
0dj1CtyRxZ4bnIT4Q20jNT,45,45.0,45,45,1,21357977,2.1357977E7,21357977,21357977,1
0kN8xEmgMW9mh7UmDYHlJP,80,80.0,80,80,1,75474551,7.5474551E7,75474551,75474551,1
5uDASfU19gDxSjW8cnCaBp,72,72.0,72,72,1,317304,317304.0,317304,317304,1
5NFYuqu8V6QXc6mzcLImd6,59,59.0,59,59,1,103094105,1.03094105E8,103094105,103094105,1
2Eb7QQ5soJQBEYTfSb5BS6,53,53.0,53,53,1,66734917,6.6734917E7,66734917,66734917,1
4dZ5KAUAWYsS7giVQlvqMI,28,28.0,28,28,1,772,772.0,772,772,1
7H8yYQpC1XZ96Ca4Va0Yl0,0,0.0,0,0,1,241502,241502.0,241502,241502,1
3lKZf71jeNi14udIFPJ29V,64,64.0,64,64,1,145443567,1.45443567E8,145443567,145443567,1
50r1EUDpmSZRPo5aIZpmWi,54,54.0,54,54,1,38400585,3.8400585E7,38400585,38400585,1
2ENexcMEMsYk0rVJigVD3i,85,85.0,85,85,1,68997177,6.8997177E7,68997177,68997177,1
5wA5mA9v9lPxAaSg1FagG6,72,72.0,72,72,1,4428244,4428244.0,4428244,4428244,1
0Grh6sxPOqDOVJyTJV3sVg,23,23.0,23,23,1,13708054,1.3708054E7,13708054,13708054,1
1wb4P4F0sxAQ2KXrRvsx6n,70,70.0,70,70,1,3384921,3384921.0,3384921,3384921,1
1nWLqfovfb9QcYM1irpc6V,0,0.0,0,0,1,267791,267791.0,267791,267791,1
1caUjUoE2lm6x9RDY7YtHc,55,55.0,55,55,1,23398010,2.339801E7,23398010,23398010,1
5lArp3zos7auTqh8GfSKuR,36,36.0,36,36,1,23391272,2.3391272E7,23391272,23391272,1
3TO7bbrUKrOSPGRTB5MeCz,76,76.0,76,76,1,22721546,2.2721546E7,22721546,22721546,1
4YneWRHcvEq3fkKeVJxT1c,20,20.0,20,20,1,318012,318012.0,318012,318012,1
17P5ufoyp03mP0aC4UUH4B,48,48.0,48,48,1,28641,28641.0,28641,28641,1
1bijeLU02xi68lCIB6BWL9,44,44.0,44,44,1,146944,146944.0,146944,146944,1
5J7Rga4BSHrDCTmUuGzSiG,41,41.0,41,41,1,2091,2091.0,2091,2091,1
3Mk7IafwNuQdFQda1XI5PE,63,63.0,63,63,1,9241516,9241516.0,9241516,9241516,1
3pjpG96WxzRnxNFxZC56vV,69,69.0,69,69,1,9256589,9256589.0,9256589,9256589,1
2Jzlk2D053PRFg8pMYAhyV,34,34.0,34,34,1,2101848,2101848.0,2101848,2101848,1
2f0lsEJiXavxcm5DSz8TxX,0,0.0,0,0,1,12006589,1.2006589E7,12006589,12006589,1
4Z4usAVuq7SzRhmG3Bs8Z3,31,31.0,31,31,1,818,818.0,818,818,1
4E63weMCaNZuGPEFMnuEi8,83,83.0,83,83,1,9256589,9256589.0,9256589,9256589,1
7hR6bRFeirCpk1mdd18Z6N,54,54.0,54,54,1,25511,25511.0,25511,25511,1
6kkmFuIQHCSc4xxd92fLiU,36,36.0,36,36,1,26275803,2.6275803E7,26275803,26275803,1
2Y3QGTKn5Nlxw5pYIYqKos,27,27.0,27,27,1,26275803,2.6275803E7,26275803,26275803,1
3eKIv8Unt9jWpDYgVbVYIx,37,37.0,37,37,1,203154,203154.0,203154,203154,1
28jxbNPen4D4nfLb12XUPY,21,21.0,21,21,1,14699,14699.0,14699,14699,1
6PaWZ0PIMxx15YBgCohvXY,0,0.0,0,0,1,1255651,1255651.0,1255651,1255651,1
4JvUOwtUo9Jps39hEApetL,12,12.0,12,12,1,37106,37106.0,37106,37106,1
6VhuP99TE6gYNQRJIlAWFD,78,78.0,78,78,1,1874891,1874891.0,1874891,1874891,1
5rW7qTn83sCKtqBoneJs63,2,2.0,2,2,1,2726883,2726883.0,2726883,2726883,1
4i2qxFEVVUi8yOYoxB8TCX,69,69.0,69,69,1,26564677,2.6564677E7,26564677,26564677,1
6qomQtETB8ovqxCJzwJS74,37,37.0,37,37,1,8057,8057.0,8057,8057,1
4kDgnKgZTX6puRz9EoNjle,54,54.0,54,54,1,5643375,5643375.0,5643375,5643375,1
43DBhwmvfhWTQwBRmJsafC,44,44.0,44,44,1,2625044,2625044.0,2625044,2625044,1
4a9tbd947vo9K8Vti9JwcI,76,76.0,76,76,1,81181104,8.1181104E7,81181104,81181104,1
43zdsphuZLzwA9k4DJhU0I,85,85.0,85,85,1,118760311,1.18760311E8,118760311,118760311,1
3jjsRKEsF42ccXf8kWR3nu,82,82.0,82,82,1,11037265,1.1037265E7,11037265,11037265,1
4VUwkH455At9kENOfzTqmF,72,72.0,72,72,1,5506553,5506553.0,5506553,5506553,1
1jYiIOC5d6soxkJP81fxq2,63,63.0,63,63,1,12341870,1.234187E7,12341870,12341870,1
6syOdAs4IK8kPWR7gDyjRw,2,2.0,2,2,1,47716988,4.7716988E7,47716988,47716988,1
3dsd09qrt34YuS6NPbQtYq,47,47.0,47,47,1,198619,198619.0,198619,198619,1
0nrkawiNXD8LEbRE37XPFa,33,33.0,33,33,1,3029394,3029394.0,3029394,3029394,1
5JLv62qFIS1DR3zGEcApRt,75,75.0,75,75,1,38385499,3.8385499E7,38385499,38385499,1
5SXsXjVJCWeJuf7FHvgBYR,61,61.0,61,61,1,327242,327242.0,327242,327242,1
2cZrrQMjB63c0iIugYH9zS,76,76.0,76,76,1,11933906,1.1933906E7,11933906,11933906,1
3r04p85xiJh9Wqk59YDYdc,9,9.0,9,9,1,13749886,1.3749886E7,13749886,13749886,1
3ykRI73vp03zzTuReze1Rr,28,28.0,28,28,1,3751254,3751254.0,3751254,3751254,1
7g8cjrj0sXScNE727685JE,61,61.0,61,61,1,53901,53901.0,53901,53901,1
2gam98EZKrF9XuOkU13ApN,86,86.0,86,86,1,4723127,4723127.0,4723127,4723127,1
6si71supnBUhddjR2FJc2L,77,77.0,77,77,1,2153479,2153479.0,2153479,2153479,1
6HYCOHzY2xR4W2dOokH3ed,52,52.0,52,52,1,499153,499153.0,499153,499153,1
3BsaRV5QIulYz2lV9WWa8T,74,74.0,74,74,1,6707978,6707978.0,6707978,6707978,1
1hL3uymibCW2pTVOZGCEjh,29,29.0,29,29,1,4971141,4971141.0,4971141,4971141,1
135z3i5CjKr3H4BCT4lGPg,26,26.0,26,26,1,1169859,1169859.0,1169859,1169859,1
3Ty7OTBNSigGEpeW2PqcsC,76,76.0,76,76,1,2339851,2339851.0,2339851,2339851,1
3dVewylSwgIhGIdS8HQpKV,22,22.0,22,22,1,23384088,2.3384088E7,23384088,23384088,1
08XzitCoweuQbrx5tvk3tZ,21,21.0,21,21,1,23398010,2.339801E7,23398010,23398010,1
3YRCqOhFifThpSRFJ1VWFM,82,82.0,82,82,1,35196831,3.5196831E7,35196831,35196831,1
7tpn8TEJiZl4yF13Zy64i5,50,50.0,50,50,1,68465,68465.0,68465,68465,1
0GfRE79TiIUuL4m3C6xsXC,16,16.0,16,16,1,423,423.0,423,423,1
5iH81hIpxAYJKrominvxST,65,65.0,65,65,1,27567,27567.0,27567,27567,1
742bIgkWeEcjPOCdMk0wLQ,11,11.0,11,11,1,10,10.0,10,10,1
0FolPJnYMo71Z7qasTuoJT,67,67.0,67,67,1,112995439,1.12995439E8,112995439,112995439,1
3iUDHA6FGAKfHX2jmgF0vO,61,61.0,61,61,1,1378074,1378074.0,1378074,1378074,1
60ZYVMNQhHqlxnTAWKpuJa,33,33.0,33,33,1,11030,11030.0,11030,11030,1
28k0oooG5GnOmR6fnx4kPp,42,42.0,42,42,1,1378074,1378074.0,1378074,1378074,1
6932XE7HnGtDvB0kgMDPdZ,48,48.0,48,48,1,4761364,4761364.0,4761364,4761364,1
559SdaPI7mqy9IQiscuaMj,62,62.0,62,62,1,6129109,6129109.0,6129109,6129109,1
2psPo5syHobyRjH1shxFsf,48,48.0,48,48,1,10640396,1.0640396E7,10640396,10640396,1
5RhFmJifQe83FpQ6ZFFTZ5,54,54.0,54,54,1,22394475,2.2394475E7,22394475,22394475,1
6HU7h9RYOaPRFeh0R3UeAr,85,85.0,85,85,1,49050008,4.9050008E7,49050008,49050008,1
6sQckd3Z8NPxVVKUnavY1F,65,65.0,65,65,1,145489371,1.45489371E8,145489371,145489371,1
0v1x6rN6JHRapa03JElljE,2,2.0,2,2,1,81189603,8.1189603E7,81189603,81189603,1
3KeOFns3LGJuh1lapMm9eA,54,54.0,54,54,1,2626020,2626020.0,2626020,2626020,1
4g2WiijzSKzH8PApKDbadN,66,66.0,66,66,1,1555597,1555597.0,1555597,1555597,1
5MPPttjfGap2C6j6eKcO6J,77,77.0,77,77,1,1605530,1605530.0,1605530,1605530,1
62Q3cgreMtAKJnjmqSSwsh,57,57.0,57,57,1,38718,38718.0,38718,38718,1
5ZSl6gDoV6bPPxzmLeneV9,69,69.0,69,69,1,3877733,3877733.0,3877733,3877733,1
75lcPkAkUsKWHGBlGM476R,2,2.0,2,2,1,11010665,1.1010665E7,11010665,11010665,1
0c0YHn3DIQLl1opsQDd9kO,82,82.0,82,82,1,2812821,2812821.0,2812821,2812821,1
7tySfDFfBiCjraLdoy6In5,64,64.0,64,64,1,540669,540669.0,540669,540669,1
3TDwqpjwUa9bl7YgzPawUM,0,0.0,0,0,1,2827,2827.0,2827,2827,1
0Qh38w01QRXK6KHIv0e3hb,78,78.0,78,78,1,18208465,1.8208465E7,18208465,18208465,1
1zZh6zTXcDgvN0C6S1G4gU,62,62.0,62,62,1,66705650,6.670565E7,66705650,66705650,1
6CoPNCd1MY6TaJBWkkVdN6,38,38.0,38,38,1,2918228,2918228.0,2918228,2918228,1
5R65WfxdtxpTNSIloTfIdM,58,58.0,58,58,1,51821190,5.182119E7,51821190,51821190,1
6J7PIkhtHwmFjPLq0SyuPj,60,60.0,60,60,1,112995439,1.12995439E8,112995439,112995439,1
5rwdhliMmo0aAQ08vU0AOZ,55,55.0,55,55,1,45764832,4.5764832E7,45764832,45764832,1
35sZOqVnTQNIGWGURrFdLh,80,80.0,80,80,1,10115734,1.0115734E7,10115734,10115734,1
4GUDV81BZk1jonDtiebQDG,19,19.0,19,19,1,802820,802820.0,802820,802820,1
5k27aU7U4U0NvV3vx2EXW0,0,0.0,0,0,1,718418,718418.0,718418,718418,1
7BClegkZnKHdiUIKMrePnM,36,36.0,36,36,1,640655,640655.0,640655,640655,1
5PUvinSo4MNqW7vmomGRS7,56,56.0,56,56,1,1976402,1976402.0,1976402,1976402,1
0boS4e6uXwp3zAvz1mLxZS,73,73.0,73,73,1,894945,894945.0,894945,894945,1
71wzVT1X4S2LTvsnyrWyPt,45,45.0,45,45,1,112918137,1.12918137E8,112918137,112918137,1
27kGlAZVLGtgbWSuCbxXge,0,0.0,0,0,1,62853,62853.0,62853,62853,1
0M3HkE321xpCbCYqVKzr1q,84,84.0,84,84,1,75474551,7.5474551E7,75474551,75474551,1
76sWab9iC3vvk21aln8G8t,62,62.0,62,62,1,13709065,1.3709065E7,13709065,13709065,1
0l4DTppOxy7NUaEcwXuOb6,65,65.0,65,65,1,1284368,1284368.0,1284368,1284368,1
1pWz8WoKBuJYGzOKA4vis5,33,33.0,33,33,1,696538,696538.0,696538,696538,1
1PPTlPJqKuL0fdoTmzwXJy,59,59.0,59,59,1,1605379,1605379.0,1605379,1605379,1
1ZEOIhSn6BKErV59bIgn76,73,73.0,73,73,1,2061788,2061788.0,2061788,2061788,1
69ku805AjIcFQh0IfkGohf,0,0.0,0,0,1,3013521,3013521.0,3013521,3013521,1
6zFWxD9hkOPAIlgWAGyQGQ,0,0.0,0,0,1,3567,3567.0,3567,3567,1
1auysW6jt1rZwBGyEDRKWc,42,42.0,42,42,1,3629,3629.0,3629,3629,1
7KRQnH1mKUEpQk8iwgWMPb,34,34.0,34,34,1,398681,398681.0,398681,398681,1
0GRc3eGTg8HBdWLRGYgqIc,84,84.0,84,84,1,122773292,1.22773292E8,122773292,122773292,1
2LaLzmU2vny0lwlyi6sCp2,60,60.0,60,60,1,1719900,1719900.0,1719900,1719900,1
3txaIFzYyfNhvYEBRyva2K,28,28.0,28,28,1,2194,2194.0,2194,2194,1
42VsgItocQwOQC3XWZ8JNA,83,83.0,83,83,1,41131037,4.1131037E7,41131037,41131037,1
07bsRv0pcpbG4zJeLsUs1p,3,3.0,3,3,1,122773292,1.22773292E8,122773292,122773292,1
2lWc1iJlz2NVcStV5fbtPG,67,67.0,67,67,1,293734,293734.0,293734,293734,1
2DuPBbS5mIldXnh7Wum8Cy,63,63.0,63,63,1,66734917,6.6734917E7,66734917,66734917,1
4ak9GGe6afmi2HbxEjvhIC,72,72.0,72,72,1,118692183,1.18692183E8,118692183,118692183,1
3GZoWLVbmxcBys6g0DLFLf,59,59.0,59,59,1,869770,869770.0,869770,869770,1
54azQnjuDYDFfImXimGFsA,57,57.0,57,57,1,81181104,8.1181104E7,81181104,81181104,1
0TlLq3lA83rQOYtrqBqSct,76,76.0,76,76,1,103039388,1.03039388E8,103039388,103039388,1
2BJSMvOGABRxokHKB0OI8i,76,76.0,76,76,1,15031490,1.503149E7,15031490,15031490,1
7AtBtwrKhz94hYXgGYyG58,62,62.0,62,62,1,15031490,1.503149E7,15031490,15031490,1
4gB7HrYHbJVJ5RFOjxmoq4,76,76.0,76,76,1,13397845,1.3397845E7,13397845,13397845,1
5uCax9HTNlzGybIStD3vDh,85,85.0,85,85,1,20854863,2.0854863E7,20854863,20854863,1
3PgY5sgfYqNUFCtLDz8gsg,47,47.0,47,47,1,90176,90176.0,90176,90176,1
4BfJmlzP0ErWns1YM1XASc,67,67.0,67,67,1,15695162,1.5695162E7,15695162,15695162,1
0N2Nx2lwHuqA203ZXoTwQL,58,58.0,58,58,1,12544566,1.2544566E7,12544566,12544566,1
2xIRBmAuVk6s7ZoukykRqS,0,0.0,0,0,1,49206,49206.0,49206,49206,1
6W9W8dSswA8KNegvl3W97V,61,61.0,61,61,1,2918467,2918467.0,2918467,2918467,1
3U1TuSqHIubBA10cVP7Sk6,65,65.0,65,65,1,327550,327550.0,327550,327550,1
6cHxEBJ6MN4wfqkEXMaS1B,39,39.0,39,39,1,837146,837146.0,837146,837146,1
3cHyrEgdyYRjgJKSOiOtcS,82,82.0,82,82,1,11936949,1.1936949E7,11936949,11936949,1
2OaTBDbysLmnVG1ZcA3OgC,63,63.0,63,63,1,1615872,1615872.0,1615872,1615872,1
79768hVMwOfHlrnu5KNJdO,39,39.0,39,39,1,462875,462875.0,462875,462875,1
38XaC5ruJI06vqa3uKeB0K,26,26.0,26,26,1,38385499,3.8385499E7,38385499,38385499,1
495O1Affo7AurEPQcvcr18,60,60.0,60,60,1,1525672,1525672.0,1525672,1525672,1
3NxJhRiMCo1hyMsnJ9vp06,31,31.0,31,31,1,9718,9718.0,9718,9718,1
1ah1aqLPlq0NG1g2KaFEky,36,36.0,36,36,1,2841,2841.0,2841,2841,1
0oVWPlnK5eAqnJCVB0FvpP,60,60.0,60,60,1,3014433,3014433.0,3014433,3014433,1
6miK1DMb1WONHzH1jh5PLk,43,43.0,43,43,1,267791,267791.0,267791,267791,1
1G391cbiT3v3Cywg8T7DM1,85,85.0,85,85,1,23218829,2.3218829E7,23218829,23218829,1
2bHGcvIflMCi2Cd9CAUhzF,18,18.0,18,18,1,30,30.0,30,30,1
1M2nd8jNUkkwrc1dgBPTJz,76,76.0,76,76,1,3314550,3314550.0,3314550,3314550,1
3IvcWWehbBcBR4YZxlGM9R,71,71.0,71,71,1,5042529,5042529.0,5042529,5042529,1
7qHAjAL7CpadaZLamuBZRm,70,70.0,70,70,1,3304029,3304029.0,3304029,3304029,1
5vmRQ3zELMLUQPo2FLQ76x,77,77.0,77,77,1,668137,668137.0,668137,668137,1
4rDbp1vnvEhieiccprPMdI,74,74.0,74,74,1,55209500,5.52095E7,55209500,55209500,1
2mxByJWOajjiVsLWjNXvDJ,68,68.0,68,68,1,30721676,3.0721676E7,30721676,30721676,1
5eXgqtg3T8Av0m1FUaGHex,93,93.0,93,93,1,145489371,1.45489371E8,145489371,145489371,1
2ZCDXVmOLnKUHYVpycIq5F,74,74.0,74,74,1,14936207,1.4936207E7,14936207,14936207,1
0XJ6Z4oBYdQif7z8OVMGC3,41,41.0,41,41,1,7437933,7437933.0,7437933,7437933,1
4VWrZCmvviUwNrboVw6dM6,46,46.0,46,46,1,309,309.0,309,309,1
2Cj4ldk8Vm3N66Z7Cjzyhy,5,5.0,5,5,1,0,0.0,0,0,1
2UYAifrQTyJCocTAHk1uS8,56,56.0,56,56,1,288264,288264.0,288264,288264,1
31rLeplcJIGfbvUBpPa9f7,58,58.0,58,58,1,1719445,1719445.0,1719445,1719445,1
1bXKpjbalq0If54LBffE0i,65,65.0,65,65,1,6099725,6099725.0,6099725,6099725,1
1Lty1laQpjkzisBZ1dG2R8,53,53.0,53,53,1,1185,1185.0,1185,1185,1
2HlhRCt2Xw7xVpX4y0adRC,49,49.0,49,49,1,21748,21748.0,21748,21748,1
72qABvaqn3TP6drO2tByA6,55,55.0,55,55,1,22675640,2.267564E7,22675640,22675640,1
5HUQPQ9E1a4er4UhB8C7Rc,64,64.0,64,64,1,112957721,1.12957721E8,112957721,112957721,1
4VdpblJiDOFIaHv8DBexqN,19,19.0,19,19,1,1324293,1324293.0,1324293,1324293,1
3fuyYaLhZ2RoP9eWpvfP1H,78,78.0,78,78,1,343386,343386.0,343386,343386,1
6uS9K2IQSjfd2QzSBUqv0O,43,43.0,43,43,1,340022,340022.0,340022,340022,1
2DB4DdfCFMw1iaR6JaR03a,68,68.0,68,68,1,35576126,3.5576126E7,35576126,35576126,1
4xAmbn7xiy6wGOs4oaxv70,64,64.0,64,64,1,3770138,3770138.0,3770138,3770138,1
0q85C1JiECyYIQthz1posA,61,61.0,61,61,1,107374593,1.07374593E8,107374593,107374593,1
7igeByaBM0MgGsgXtNxDJ7,0,0.0,0,0,1,107374593,1.07374593E8,107374593,107374593,1
3F1P0QzdXtBz0MXy7KIO5w,65,65.0,65,65,1,46891061,4.6891061E7,46891061,46891061,1
6tJFtthY0rI1x06qb8NjK0,58,58.0,58,58,1,424983,424983.0,424983,424983,1
56yAmF92h7CXRWsrVUxTzf,45,45.0,45,45,1,79382,79382.0,79382,79382,1
0X1VFWzml1YdSOOkxzOK0G,35,35.0,35,35,1,149033,149033.0,149033,149033,1
0JP9xo3adEtGSdUEISiszL,82,82.0,82,82,1,51719064,5.1719064E7,51719064,51719064,1
7kK1zVpKToRoTyfCRZbmlg,36,36.0,36,36,1,9735,9735.0,9735,9735,1
0ofbQMrRDsUaVKq2mGLEAb,3,3.0,3,3,1,35576126,3.5576126E7,35576126,35576126,1
3OVZSTxoVzic5wWEHBzG1c,38,38.0,38,38,1,967413,967413.0,967413,967413,1
5fKBwqSTuCbnJlCOpeRa3o,61,61.0,61,61,1,190060,190060.0,190060,190060,1
7aLT0tLcS40Penaplqu2cZ,67,67.0,67,67,1,107401919,1.07401919E8,107401919,107401919,1
4pAl7FkDMNBsjykPXo91B3,81,81.0,81,81,1,69030894,6.9030894E7,69030894,69030894,1
0Dc7J9VPV4eOInoxUiZrsL,75,75.0,75,75,1,7218544,7218544.0,7218544,7218544,1
0kfysKpwCZLiK3HR1n80vg,48,48.0,48,48,1,12274170,1.227417E7,12274170,12274170,1
1jNNHFZmRGXZFHlil5uhei,56,56.0,56,56,1,1494124,1494124.0,1494124,1494124,1
0Lc3coQTcMMJiiEFi7BG2z,52,52.0,52,52,1,90200,90200.0,90200,90200,1
1Cj2vqUwlJVG27gJrun92y,76,76.0,76,76,1,7649250,7649250.0,7649250,7649250,1
2kSb3wYSOV996xA2NSmpck,78,78.0,78,78,1,9469943,9469943.0,9469943,9469943,1
0QmGja490CPspd6qvyum9q,39,39.0,39,39,1,41379,41379.0,41379,41379,1
2IXJyG1DX93g2EhFXghz37,52,52.0,52,52,1,394210,394210.0,394210,394210,1
44CrEafj3AU5cquvEi1tBg,46,46.0,46,46,1,9407321,9407321.0,9407321,9407321,1
0YywjDvFudcaHG74NuWISy,70,70.0,70,70,1,3737235,3737235.0,3737235,3737235,1
6SJng26JY5AC65KlKKpuWO,0,0.0,0,0,1,462893,462893.0,462893,462893,1
1xdIGkwCNmVDSBsyvyxJrr,25,25.0,25,25,1,764468,764468.0,764468,764468,1
0JcKdUGNR7zI4jJDLyYXbi,61,61.0,61,61,1,1993973,1993973.0,1993973,1993973,1
2fQ6sBFWaLv2Gxos4igHLy,61,61.0,61,61,1,7744534,7744534.0,7744534,7744534,1
0ztrBJR0jhGIHV8eDalNvV,20,20.0,20,20,1,330981,330981.0,330981,330981,1
6lUY6MoqGgPnA27PHYxem5,2,2.0,2,2,1,668219,668219.0,668219,668219,1
4Fproek7uXgqMyUgCFJcWt,45,45.0,45,45,1,1605379,1605379.0,1605379,1605379,1
644es5aYPJghtZLjM1rmSP,65,65.0,65,65,1,499104,499104.0,499104,499104,1
3CbAW3GjkBKfErt4LLbSzr,52,52.0,52,52,1,13822540,1.382254E7,13822540,13822540,1
1FPSkRkDlthbAceSIIWc4C,59,59.0,59,59,1,32170039,3.2170039E7,32170039,32170039,1
4f8hBeMXMvssn6HtFAtblo,64,64.0,64,64,1,626733,626733.0,626733,626733,1
2omFbch4mNZo3ksaQeX78X,39,39.0,39,39,1,435,435.0,435,435,1
2oa1QiGJTfqvD5i4mRhV4O,36,36.0,36,36,1,2803,2803.0,2803,2803,1
6zqlO6PWpf4LtyzPHGzD0L,41,41.0,41,41,1,28232,28232.0,28232,28232,1
7z3PblAN3dH1JMewiRydkZ,64,64.0,64,64,1,6595164,6595164.0,6595164,6595164,1
4NZeVriq0AIAlcNuaQVTUm,53,53.0,53,53,1,19010,19010.0,19010,19010,1
6393yGahSJ9slVdOwSxOVR,83,83.0,83,83,1,7299563,7299563.0,7299563,7299563,1
6iF4RgIjDvDqyW13PezSj3,65,65.0,65,65,1,53267200,5.32672E7,53267200,53267200,1
4Lfp5tapFcY87K1z5s8d4E,62,62.0,62,62,1,409725,409725.0,409725,409725,1
7HdXRMw14roDx2a0COWk3M,62,62.0,62,62,1,9792848,9792848.0,9792848,9792848,1
5UdJ8CYTtVk5zzqhbPMA18,53,53.0,53,53,1,10637574,1.0637574E7,10637574,10637574,1
5pyoxDZ1PX0KxBxiRVxA4U,66,66.0,66,66,1,41172203,4.1172203E7,41172203,41172203,1
7EHEVPIFS6mOq4BOhlVL3i,62,62.0,62,62,1,2784129,2784129.0,2784129,2784129,1
09rBX6mQFN1GFJgfqUQak5,47,47.0,47,47,1,1178491,1178491.0,1178491,1178491,1
7zLMYtNJcabv4h4wBnjNQI,59,59.0,59,59,1,15021860,1.502186E7,15021860,15021860,1
5TUZhrb8UaaA76NhzZax2Z,56,56.0,56,56,1,21591569,2.1591569E7,21591569,21591569,1
5hKlxxRX96eR2Oi0auituc,39,39.0,39,39,1,3672166,3672166.0,3672166,3672166,1
1IIV8jglA0klVZy17q665k,62,62.0,62,62,1,38400585,3.8400585E7,38400585,38400585,1
2kQ9udZ0v3H8PFSVmbY1Kq,64,64.0,64,64,1,1790426,1790426.0,1790426,1790426,1
7vRfxLcDDwgYW2WTrtEgUV,58,58.0,58,58,1,51773650,5.177365E7,51773650,51773650,1
6CVrnuMvknlW7OXmY1zgX4,58,58.0,58,58,1,5643375,5643375.0,5643375,5643375,1
2FY7b99s15jUprqC0M5NCT,80,80.0,80,80,1,58375520,5.837552E7,58375520,58375520,1
3qN5qMTKyEEmiTZD38BNTT,63,63.0,63,63,1,103039388,1.03039388E8,103039388,103039388,1
3qGLcmO0XnnrcpAQGZwTvA,26,26.0,26,26,1,145396321,1.45396321E8,145396321,145396321,1
1Ym6aMuT5bliaZMC67AmPp,72,72.0,72,72,1,51773650,5.177365E7,51773650,51773650,1
1WXTiEkSEWQqRNnzZ8hl89,39,39.0,39,39,1,644923,644923.0,644923,644923,1
5PyNnJ2G1BlqbJ8G1cJi72,44,44.0,44,44,1,644923,644923.0,644923,644923,1
6ujkuIb6xbatXyWyVVRFU7,14,14.0,14,14,1,3737235,3737235.0,3737235,3737235,1
1XazlqB4YAtvouCmJPWXlM,61,61.0,61,61,1,1494083,1494083.0,1494083,1494083,1
7F9OMwtffnFpZGYgusdUp6,46,46.0,46,46,1,1360190,1360190.0,1360190,1360190,1
1yM7GIEJ2QniupkEHOyp0a,48,48.0,48,48,1,11932306,1.1932306E7,11932306,11932306,1
5TTGoX70AFrTvuEtqHK37S,86,86.0,86,86,1,32059138,3.2059138E7,32059138,32059138,1
2Foc5Q5nqNiosCNqttzHof,80,80.0,80,80,1,10874504,1.0874504E7,10874504,10874504,1
6ZeQp2XTOiPCePWRfCHSo5,41,41.0,41,41,1,5647181,5647181.0,5647181,5647181,1
25A1RmT5eh7C99KXfESRj5,41,41.0,41,41,1,68997177,6.8997177E7,68997177,68997177,1
7JIuqL4ZqkpfGKQhYlrirs,81,81.0,81,81,1,9797201,9797201.0,9797201,9797201,1
5z2BEa0LHhiOlqEWitESMn,0,0.0,0,0,1,39777995,3.9777995E7,39777995,39777995,1
6cjwec9ii5uLK7CDfPBYt1,68,68.0,68,68,1,1544335,1544335.0,1544335,1544335,1
5RKQ5NdjSh2QzD4MaunT91,83,83.0,83,83,1,6507041,6507041.0,6507041,6507041,1
4V1Sh9Y2z6e8HpzNOet5rC,48,48.0,48,48,1,13826,13826.0,13826,13826,1
1heaOeArQtwtQKRK0gJe42,39,39.0,39,39,1,631,631.0,631,631,1
0g4fMVo4JjwnIpTfFfLdxS,65,65.0,65,65,1,145443567,1.45443567E8,145443567,145443567,1
6e5fsRfVK3jvrpUXJpG9mB,60,60.0,60,60,1,49050008,4.9050008E7,49050008,49050008,1
068AyhyvE67qMRsMXLqAnd,77,77.0,77,77,1,6295804,6295804.0,6295804,6295804,1
33mt9ZU8N1EwPa1VIqfxnV,27,27.0,27,27,1,2292,2292.0,2292,2292,1
3h5TiWTqGxjSjFrbruPFH9,72,72.0,72,72,1,679601,679601.0,679601,679601,1
5cbI0HJrTDb0njDk653bcN,69,69.0,69,69,1,457277,457277.0,457277,457277,1
2kYnBtnKKO3fPvGK73Ppo9,0,0.0,0,0,1,8008992,8008992.0,8008992,8008992,1
0T0vseuNB4KC8opkrCLNbc,45,45.0,45,45,1,10023089,1.0023089E7,10023089,10023089,1
1RDvyOk4WtPCtoqciJwVn8,4,4.0,4,4,1,18620976,1.8620976E7,18620976,18620976,1
7CEOihKJSJop6YIPb3jYiK,24,24.0,24,24,1,6636,6636.0,6636,6636,1
3FU6urUVsgXa6RBuV2PdRk,73,73.0,73,73,1,2812821,2812821.0,2812821,2812821,1
75SAtkKp2YrhrvdFndcg6G,15,15.0,15,15,1,5448,5448.0,5448,5448,1
3uqx1JmyAiuVk6YW0HSeAn,52,52.0,52,52,1,1215070,1215070.0,1215070,1215070,1
3NhEEC4oE5hX6u8RCx6Q9m,46,46.0,46,46,1,1719561,1719561.0,1719561,1719561,1
04OSnqlwlBJMvidYccraVz,69,69.0,69,69,1,8768495,8768495.0,8768495,8768495,1
3aFt9CWe6ZCjZr8nwgkSnv,42,42.0,42,42,1,111168,111168.0,111168,111168,1
0dXNQ8dckG4eYfEtq9zcva,66,66.0,66,66,1,5913008,5913008.0,5913008,5913008,1
7JJmb5XwzOO8jgpou264Ml,86,86.0,86,86,1,45703370,4.570337E7,45703370,45703370,1
2bjwRfXMk4uRgOD9IBYl9h,67,67.0,67,67,1,103126025,1.03126025E8,103126025,103126025,1
02opp1cycqiFNDpLd2o1J3,59,59.0,59,59,1,47716988,4.7716988E7,47716988,47716988,1
3uzQC9S17ShcnURJlQfR14,0,0.0,0,0,1,92288,92288.0,92288,92288,1
1WbhIxkn5ECsOwUm795iX1,82,82.0,82,82,1,15684530,1.568453E7,15684530,15684530,1
7lpmIGFw7Kc9qIdq4cGs34,59,59.0,59,59,1,9111905,9111905.0,9111905,9111905,1
1HiV8vDg7l9eKp6abjvA7P,53,53.0,53,53,1,12008159,1.2008159E7,12008159,12008159,1
5WsJ2FGI4e9JWKb6TCG3kL,41,41.0,41,41,1,1035402,1035402.0,1035402,1035402,1
5kcE7pp02ezLZaUbbMv3Iq,63,63.0,63,63,1,34295707,3.4295707E7,34295707,34295707,1
2CTOa3CEBts3p1NyTVLTXU,56,56.0,56,56,1,534815,534815.0,534815,534815,1
5LOaKdW9D2Gl9neAN94NbR,1,1.0,1,1,1,3919651,3919651.0,3919651,3919651,1
7MeXwzhSDGfqNfuFANgzVC,4,4.0,4,4,1,13976718,1.3976718E7,13976718,13976718,1
22c6Yop5YVEAhw8UG6O1W1,67,67.0,67,67,1,735818,735818.0,735818,735818,1
0XXxTyNb3Q0DPxpf0kQi8P,39,39.0,39,39,1,973349,973349.0,973349,973349,1
67a326396ly9tZ126uhV22,49,49.0,49,49,1,7429055,7429055.0,7429055,7429055,1
0zomuz73AZq4395ed9AEER,39,39.0,39,39,1,4188,4188.0,4188,4188,1
7MerIDn7wpEH4OEGbpasSH,63,63.0,63,63,1,576895,576895.0,576895,576895,1
47xQwrip8UriPhFPUjSRQ7,71,71.0,71,71,1,149707,149707.0,149707,149707,1
6W7bZAKfF7NItMbQwEH9mI,45,45.0,45,45,1,45041,45041.0,45041,45041,1
2HRgqmZQC0MC7GeNuDIXHN,83,83.0,83,83,1,18615260,1.861526E7,18615260,18615260,1
0lI2P9LXHly1ZszJYc7dsf,2,2.0,2,2,1,14451,14451.0,14451,14451,1
4Iu8WjkHCEoN0iFOmbiKPq,55,55.0,55,55,1,26095,26095.0,26095,26095,1
5Ev6YOpand1Q0biFfpNUdj,35,35.0,35,35,1,340022,340022.0,340022,340022,1
3LnpBazWpD31QMTn6LgVGv,0,0.0,0,0,1,10342615,1.0342615E7,10342615,10342615,1
5tRnzF4v2KL72QQdCjopyt,60,60.0,60,60,1,967069,967069.0,967069,967069,1
4CHpVfAhuxNJ3ibExe6kxO,56,56.0,56,56,1,145443567,1.45443567E8,145443567,145443567,1
2ng0NW0HhJK0KTNZzZajRv,60,60.0,60,60,1,9256589,9256589.0,9256589,9256589,1
6JlI8Ay77m4nJvZTHvfT1J,61,61.0,61,61,1,145396321,1.45396321E8,145396321,145396321,1
1FKFLWFa7fVoftc7UmYhDC,56,56.0,56,56,1,8268519,8268519.0,8268519,8268519,1
5FAVZuimEijg8ogtTXFgHM,44,44.0,44,44,1,9406293,9406293.0,9406293,9406293,1
6piAUJJQFD8oHDUr0b7l7q,65,65.0,65,65,1,2285613,2285613.0,2285613,2285613,1
5ACZOGjT6I5He0pDZED56Z,0,0.0,0,0,1,102423,102423.0,102423,102423,1
7abUe1ZCGHIMtIAnGKBbSo,36,36.0,36,36,1,4307803,4307803.0,4307803,4307803,1
1f9HYCR1ead1mNn5WsnMEn,35,35.0,35,35,1,4308713,4308713.0,4308713,4308713,1
3IUkGGNQ1Z5uUaY5yyRh9k,40,40.0,40,40,1,939535,939535.0,939535,939535,1
20MuVazoNMv6xjKPnRFOxG,64,64.0,64,64,1,41107596,4.1107596E7,41107596,41107596,1
5jtVwwudFylRvCGrG4CbIm,19,19.0,19,19,1,124262,124262.0,124262,124262,1
42bbDWZ8WmXTH7PkYAlGLu,70,70.0,70,70,1,4312223,4312223.0,4312223,4312223,1
61jnrkPHpLumBf1kqGpRRt,53,53.0,53,53,1,47720209,4.7720209E7,47720209,47720209,1
4cHKd6qPMR1TMx55KHlida,0,0.0,0,0,1,688597,688597.0,688597,688597,1
0pxNyJJiL2zZZ5GgJ4JhsQ,60,60.0,60,60,1,41172203,4.1172203E7,41172203,41172203,1
7soJgKhQTO8hLP2JPRkL5O,56,56.0,56,56,1,25310805,2.5310805E7,25310805,25310805,1
6uHSl2vtD7NzQ3yjEAGFGg,43,43.0,43,43,1,3013521,3013521.0,3013521,3013521,1
7aUuoq4oMfLxaLa5GVUDHi,62,62.0,62,62,1,2044434,2044434.0,2044434,2044434,1
5hgnY0mVcVetszbb85qeDg,71,71.0,71,71,1,41172203,4.1172203E7,41172203,41172203,1
0qAIiGFKLdV1xpNlEhjpq8,64,64.0,64,64,1,145443567,1.45443567E8,145443567,145443567,1
5OzIe9IL95B23n4rN59JZ3,42,42.0,42,42,1,38393243,3.8393243E7,38393243,38393243,1
4C0PqltKur5SJW7uWI9eOl,0,0.0,0,0,1,50222,50222.0,50222,50222,1
5B8N5rPOmTVVGpuBMK2Vby,65,65.0,65,65,1,6113786,6113786.0,6113786,6113786,1
4S9zTd8Oj77G0WhHK3Apuk,59,59.0,59,59,1,5276981,5276981.0,5276981,5276981,1
65rRB2mspD309xE6YimZTl,62,62.0,62,62,1,31038851,3.1038851E7,31038851,31038851,1
5sDx7tlKik6y6k2wfCnrxL,36,36.0,36,36,1,61813,61813.0,61813,61813,1
0xcl9XT60Siji6CSG4y6nb,57,57.0,57,57,1,8973505,8973505.0,8973505,8973505,1
5eDPpYSyy8ag1V9sPMThEB,39,39.0,39,39,1,26561582,2.6561582E7,26561582,26561582,1
3I09LQbHS3NSU46Ly3tPpR,67,67.0,67,67,1,6893010,6893010.0,6893010,6893010,1
5h3vqCUhogpsA4kPUUclFB,28,28.0,28,28,1,1778,1778.0,1778,1778,1
57Xjny5yNzAcsxnusKmAfA,76,76.0,76,76,1,6444988,6444988.0,6444988,6444988,1
00Mb3DuaIH1kjrwOku9CGU,78,78.0,78,78,1,12006589,1.2006589E7,12006589,12006589,1
51LeDAMy6nWqKdjVo7jK4j,46,46.0,46,46,1,104539036,1.04539036E8,104539036,104539036,1
62Da3JOu9H9EIgmqV7DoLG,60,60.0,60,60,1,175372,175372.0,175372,175372,1
4UCTgh5jvtqoaMX6MAhUNn,70,70.0,70,70,1,7379623,7379623.0,7379623,7379623,1
6Qyc6fS4DsZjB2mRW9DsQs,92,92.0,92,92,1,3491229,3491229.0,3491229,3491229,1
6w6I3AFRv7tQMmUTgAghUB,52,52.0,52,52,1,526122,526122.0,526122,526122,1
0cGG2EouYCEEC3xfa0tDFV,78,78.0,78,78,1,793663,793663.0,793663,793663,1
7Gjj6NxSsVwXfOXUjvjCXv,59,59.0,59,59,1,13973668,1.3973668E7,13973668,13973668,1
2W30LB3QaD0tA29WVUPnyO,16,16.0,16,16,1,12,12.0,12,12,1
1d9AAVXN2uohnH4Fe07Xxn,64,64.0,64,64,1,42237551,4.2237551E7,42237551,42237551,1
7JEHNCntq0PXEBNZfwTH1p,43,43.0,43,43,1,2649787,2649787.0,2649787,2649787,1
2tAvRoEE2g5IukKQlHhdvm,41,41.0,41,41,1,32967,32967.0,32967,32967,1
0lUXjVdwD90F7coLj0aabz,45,45.0,45,45,1,5521,5521.0,5521,5521,1
314Bm4FZgcJYpK6VqBARct,23,23.0,23,23,1,1182,1182.0,1182,1182,1
7r77HtzOYwh8e2diiRzVeT,44,44.0,44,44,1,193266,193266.0,193266,193266,1
0nj9Bq5sHDiTxSHunhgkFb,80,80.0,80,80,1,44606446,4.4606446E7,44606446,44606446,1
3X1nyZBKJTRkWafIPrcbJ1,46,46.0,46,46,1,78423,78423.0,78423,78423,1
03p1bgcOw398mneQ9H8891,60,60.0,60,60,1,785421,785421.0,785421,785421,1
6StwwqB84sJeLr7tZDTxEX,76,76.0,76,76,1,47716988,4.7716988E7,47716988,47716988,1
1lau6K2YSP5APtkzNJxVyB,65,65.0,65,65,1,1377042,1377042.0,1377042,1377042,1
5uiQAY4i9oTGf79rgcf5jr,47,47.0,47,47,1,8670011,8670011.0,8670011,8670011,1
4KULAymBBJcPRpk1yO4dOG,85,85.0,85,85,1,7325625,7325625.0,7325625,7325625,1
1yampU2t2LNWzEsCpUgHYJ,59,59.0,59,59,1,26558356,2.6558356E7,26558356,26558356,1
2CvW5vgsllD73cdT5Npqtr,0,0.0,0,0,1,11530,11530.0,11530,11530,1
1zASWE0kHPLq6KdstRGXwa,18,18.0,18,18,1,2816087,2816087.0,2816087,2816087,1
2Tw463vi8DMqkr2EiLYfZM,40,40.0,40,40,1,20509,20509.0,20509,20509,1
5UHHuxxYFnuE5KBbpl4Hzu,68,68.0,68,68,1,10637574,1.0637574E7,10637574,10637574,1
3oJcdlAbl6jAD0JNHhrlsl,43,43.0,43,43,1,4983771,4983771.0,4983771,4983771,1
1r9xUipOqoNwggBpENDsvJ,74,74.0,74,74,1,58370582,5.8370582E7,58370582,58370582,1
60F6pgM6H6miNr5AmjxwjL,70,70.0,70,70,1,21606569,2.1606569E7,21606569,21606569,1
5KCbr5ndeby4y4ggthdiAb,66,66.0,66,66,1,45706269,4.5706269E7,45706269,45706269,1
5xlntPcXIDzcpHZjpQKcU2,50,50.0,50,50,1,22220366,2.2220366E7,22220366,22220366,1
6wo37KVqFJhtuxPTpLCcfe,1,1.0,1,1,1,21357977,2.1357977E7,21357977,21357977,1
5Il6Oe7lr5XM7A0cWbVQtr,66,66.0,66,66,1,107389514,1.07389514E8,107389514,107389514,1
3K6U7TamNyVSWcFH8pCQHX,65,65.0,65,65,1,15026799,1.5026799E7,15026799,15026799,1
09mEdoA6zrmBPgTEN5qXmN,85,85.0,85,85,1,112918137,1.12918137E8,112918137,112918137,1
6ruM3vVChkDA165VFgidhF,53,53.0,53,53,1,226784,226784.0,226784,226784,1
3rTk7Ll8NRrd2jspBFtimV,43,43.0,43,43,1,112003,112003.0,112003,112003,1
6pDVjCUA3B1vg9waKutAsv,61,61.0,61,61,1,112918137,1.12918137E8,112918137,112918137,1
3WXhshrs1fzwF3rQE399Gq,61,61.0,61,61,1,2625044,2625044.0,2625044,2625044,1
3tjfbu0G0PPy8UjhxfxVIe,0,0.0,0,0,1,173156,173156.0,173156,173156,1
5Z0GKdBhTmCsrIkM41DtRW,50,50.0,50,50,1,90530,90530.0,90530,90530,1
6wUojRESeyAEm3lEbXgAXK,43,43.0,43,43,1,150256,150256.0,150256,150256,1
7oWbeO9v3Cfs900q7JhLAs,68,68.0,68,68,1,4297537,4297537.0,4297537,4297537,1
69kOkLUCkxIZYexIgSG8rq,77,77.0,77,77,1,10874504,1.0874504E7,10874504,10874504,1
06EL94D0TA27Ik0Ke5usbj,71,71.0,71,71,1,107374593,1.07374593E8,107374593,107374593,1
2Y5AkPcCKN01ck6xDtOnoJ,45,45.0,45,45,1,640544,640544.0,640544,640544,1
6FB3v4YcR57y4tXFcdxI1E,76,76.0,76,76,1,145396321,1.45396321E8,145396321,145396321,1
6qOEjO2IUD7PjtpsXawq0d,1,1.0,1,1,1,12900561,1.2900561E7,12900561,12900561,1
1IT0WQk5J8NsaeII8ktdlZ,78,78.0,78,78,1,3928705,3928705.0,3928705,3928705,1
4osgfFTICMkcGbbigdsa53,81,81.0,81,81,1,20280852,2.0280852E7,20280852,20280852,1
3CVi9Tc6zZgaHnkjvj7obb,28,28.0,28,28,1,38385499,3.8385499E7,38385499,38385499,1
4770Uxb9Eq4W91q73A4CpL,0,0.0,0,0,1,29929,29929.0,29929,29929,1
4XEQZ9OqZb6xLxKsFppO3K,39,39.0,39,39,1,17761102,1.7761102E7,17761102,17761102,1
305WCRhhS10XUcH6AEwZk6,11,11.0,11,11,1,722985,722985.0,722985,722985,1
2nvC4i2aMo4CzRjRflysah,76,76.0,76,76,1,60830643,6.0830643E7,60830643,60830643,1
2lnzGkdtDj5mtlcOW2yRtG,77,77.0,77,77,1,39777995,3.9777995E7,39777995,39777995,1
6BqemgZaWt7VQxCU7dHrcj,31,31.0,31,31,1,13710072,1.3710072E7,13710072,13710072,1
7l6jLJRh48UK9lxK8imMwO,0,0.0,0,0,1,367,367.0,367,367,1
76UgN1xUxb4dfPCVX20U0n,32,32.0,32,32,1,398642,398642.0,398642,398642,1
2vMXaguuN4UKXfoRlxySuG,45,45.0,45,45,1,11991,11991.0,11991,11991,1
2hVKtXecIaFlWRRDgZgLlf,57,57.0,57,57,1,6640767,6640767.0,6640767,6640767,1
0kHZ0qrGL9MohF9R8Uw77Y,66,66.0,66,66,1,12328041,1.2328041E7,12328041,12328041,1
2XagJU6gE1vsGF1nI7kf2j,44,44.0,44,44,1,192887,192887.0,192887,192887,1
51rfRCiUSvxXlCSCfIztBy,86,86.0,86,86,1,7412007,7412007.0,7412007,7412007,1
38GifS782SoRqYWBEnpdX1,35,35.0,35,35,1,23528,23528.0,23528,23528,1
5XVdHRf4CAJ2Jm0uMIy5qY,70,70.0,70,70,1,8456647,8456647.0,8456647,8456647,1
6V1TqJxtw3P0ouCKICvl9l,54,54.0,54,54,1,47716988,4.7716988E7,47716988,47716988,1
10xV5l9nhLvFpR8mqzs0bL,70,70.0,70,70,1,34476607,3.4476607E7,34476607,34476607,1
53Ezw4ouI36OXQ7suzcnm7,0,0.0,0,0,1,1044,1044.0,1044,1044,1
6xlOnm5MITIKtixzJW8R0j,73,73.0,73,73,1,640347,640347.0,640347,640347,1
1zejeOnykpCoyVSit6Bwp3,71,71.0,71,71,1,49050008,4.9050008E7,49050008,49050008,1
6i6whmV36EJmxs5zFahMrb,56,56.0,56,56,1,15031490,1.503149E7,15031490,15031490,1
4HDCLYli2SUdkq9OjmvhSD,0,0.0,0,0,1,10115734,1.0115734E7,10115734,10115734,1
4S2uhQE8L9V6p7rj7SiauJ,71,71.0,71,71,1,12755534,1.2755534E7,12755534,12755534,1
0sf12qNH5qcw8qpgymFOqD,22,22.0,22,22,1,112995439,1.12995439E8,112995439,112995439,1
51PLHw6xSnlzsbTs8z2Gie,30,30.0,30,30,1,170169,170169.0,170169,170169,1
1fewSx2d5KIZ04wsooEBOz,76,76.0,76,76,1,11679132,1.1679132E7,11679132,11679132,1
5Psnhdkyanjpgc2P8A5TSM,66,66.0,66,66,1,103039388,1.03039388E8,103039388,103039388,1
4qknM1pQz53QOyfDVTjcM9,71,71.0,71,71,1,39798156,3.9798156E7,39798156,39798156,1
2sSgZkaAOIfkzNDhndiLvZ,40,40.0,40,40,1,3029394,3029394.0,3029394,3029394,1
7AHs6Tcu2VYpcHL9HEqPs3,45,45.0,45,45,1,7052478,7052478.0,7052478,7052478,1
7vFoFDWqTX0mHzLfrF1Cfy,79,79.0,79,79,1,690380,690380.0,690380,690380,1
2HGdQEuyft4sUIGFpaDi2S,0,0.0,0,0,1,23473,23473.0,23473,23473,1
2XPc8gL9PwxGURQFcFaDJR,49,49.0,49,49,1,690311,690311.0,690311,690311,1
6lABOtUhsaBW1olzfu6e9C,0,0.0,0,0,1,8803,8803.0,8803,8803,1
7Ms58r8G6Y0r1XLtpwoGxN,64,64.0,64,64,1,51821190,5.182119E7,51821190,51821190,1
0QI1IQbCigfH2kkSdNfvpO,41,41.0,41,41,1,218882,218882.0,218882,218882,1
1DunhgeZSEgWiIYbHqXl0c,67,67.0,67,67,1,2343253,2343253.0,2343253,2343253,1
4fwb4Vmf9flRjgjvsVEKle,22,22.0,22,22,1,21606569,2.1606569E7,21606569,21606569,1
0zke8Vmo0bgbPjxL3pUhqk,60,60.0,60,60,1,189122,189122.0,189122,189122,1
2245x0g1ft0HC7sf79zbYN,68,68.0,68,68,1,14888609,1.4888609E7,14888609,14888609,1
579c6hHN7lbi79wrKw693Y,32,32.0,32,32,1,26561582,2.6561582E7,26561582,26561582,1
5W6KeokNeUXozE9asPqqT3,51,51.0,51,51,1,189122,189122.0,189122,189122,1
0YUrjFy4qFKOO5NhM9tYdV,63,63.0,63,63,1,6007512,6007512.0,6007512,6007512,1
4RCWB3V8V0dignt99LZ8vH,79,79.0,79,79,1,1345390,1345390.0,1345390,1345390,1
2J3CYFUn6eAuHz5S9IKape,49,49.0,49,49,1,104517308,1.04517308E8,104517308,104517308,1
6J8vBmsokURohC3UygqYOH,58,58.0,58,58,1,13708054,1.3708054E7,13708054,13708054,1
3AJwUDP919kvQ9QcozQPxg,90,90.0,90,90,1,60804949,6.0804949E7,60804949,60804949,1
4h7KTxO9eS389M2qG3jm6O,58,58.0,58,58,1,4968982,4968982.0,4968982,4968982,1
57iDDD9N9tTWe75x6qhStw,83,83.0,83,83,1,2739075,2739075.0,2739075,2739075,1
4VQNCzfZ3MdHEwwErNXpBo,78,78.0,78,78,1,22549768,2.2549768E7,22549768,22549768,1
4JGKZS7h4Qa16gOU3oNETV,82,82.0,82,82,1,5401129,5401129.0,5401129,5401129,1
21NA5Zggba7pyACm25h6k4,63,63.0,63,63,1,15089626,1.5089626E7,15089626,15089626,1
3BD66eh4VaWHZsk2ho4IDs,29,29.0,29,29,1,16045979,1.6045979E7,16045979,16045979,1
0rmGAIH9LNJewFw7nKzZnc,76,76.0,76,76,1,15810313,1.5810313E7,15810313,15810313,1
2QfiRTz5Yc8DdShCxG1tB2,74,74.0,74,74,1,2211249,2211249.0,2211249,2211249,1
5YiIOND9ZK72GaknWgiGqh,57,57.0,57,57,1,85008100,8.50081E7,85008100,85008100,1
1xOqGUkyxGQRdCvGpvWKmL,92,92.0,92,92,1,5242034,5242034.0,5242034,5242034,1
7qeZ8LQ14R5eSK4l1i5j6y,48,48.0,48,48,1,505,505.0,505,505,1
4TDPlp7OSOjuDU3l7PCM04,63,63.0,63,63,1,112918137,1.12918137E8,112918137,112918137,1
19XpFsce28aByvCC4g89tJ,81,81.0,81,81,1,9114093,9114093.0,9114093,9114093,1
612RuAQh2xuXVqhdX3Jrfd,53,53.0,53,53,1,45292,45292.0,45292,45292,1
5PyDJG7SQRgWXefgexqIge,77,77.0,77,77,1,34742256,3.4742256E7,34742256,34742256,1
2abAetbkLHci6r1JhyWx8e,39,39.0,39,39,1,112995439,1.12995439E8,112995439,112995439,1
44Xyja7xYPlVC6v2CeweSi,74,74.0,74,74,1,10640396,1.0640396E7,10640396,10640396,1
6CU68VwcV10VfulVQMfj3X,62,62.0,62,62,1,4299545,4299545.0,4299545,4299545,1
5NDad2eRVKQug7eO2RikcU,39,39.0,39,39,1,5200472,5200472.0,5200472,5200472,1
21q7CKtaPCdcKOORC8wGeV,41,41.0,41,41,1,2918228,2918228.0,2918228,2918228,1
4WWqf2Ldy7NxPTdgG5d96C,36,36.0,36,36,1,6898,6898.0,6898,6898,1
7xcU6jomyxCkWHazhRp4W6,61,61.0,61,61,1,72278,72278.0,72278,72278,1
2j3GxEsbNYNeEzz86wDY4J,61,61.0,61,61,1,66705650,6.670565E7,66705650,66705650,1
5vGLcdRuSbUhD8ScwsGSdA,63,63.0,63,63,1,277520,277520.0,277520,277520,1
2IHLaN6wwYKQ3S24NsQqpA,51,51.0,51,51,1,27288825,2.7288825E7,27288825,27288825,1
0KAzP1Rbp0Vz5pw8i1KDDI,54,54.0,54,54,1,47720209,4.7720209E7,47720209,47720209,1
0tMSssfxAL2oV8Vri0mFHE,75,75.0,75,75,1,118692183,1.18692183E8,118692183,118692183,1
747MaVDuuzwkpKx0rlnOnZ,51,51.0,51,51,1,146763,146763.0,146763,146763,1
7KncmixRfCnvzSsKZnlHt8,56,56.0,56,56,1,1205664,1205664.0,1205664,1205664,1
7rC5Pl8rQSX4myONQHYPBK,66,66.0,66,66,1,103067383,1.03067383E8,103067383,103067383,1
2rPSFKzGeqUWwfcCFVkkq3,60,60.0,60,60,1,15031490,1.503149E7,15031490,15031490,1
33IOhptvC2Qoy2UhjiHXLV,63,63.0,63,63,1,27143729,2.7143729E7,27143729,27143729,1
10HaEOFedMLFE2I7e9a2QY,26,26.0,26,26,1,111969,111969.0,111969,111969,1
2DRMuw0U0QbkVQxWxdJV3M,71,71.0,71,71,1,66734917,6.6734917E7,66734917,66734917,1
285HeuLxsngjFn4GGegGNm,73,73.0,73,73,1,27141717,2.7141717E7,27141717,27141717,1
7M9XTtbz6qDg7LqYJ7OpJB,48,48.0,48,48,1,5973844,5973844.0,5973844,5973844,1
27tNWlhdAryQY04Gb2ZhUI,78,78.0,78,78,1,38385499,3.8385499E7,38385499,38385499,1
6ojrylBvc8SkXGjr02FjRX,54,54.0,54,54,1,113039308,1.13039308E8,113039308,113039308,1
11zc0hwujMgsZ4gWJCwKHO,31,31.0,31,31,1,13709065,1.3709065E7,13709065,13709065,1
2876hPqRUFV6oO0q4XPOzJ,38,38.0,38,38,1,4725236,4725236.0,4725236,4725236,1
7zACUQbWQxzT4aER7ityBV,56,56.0,56,56,1,42256604,4.2256604E7,42256604,42256604,1
7leOAkslHi6lQZCzsiLZst,45,45.0,45,45,1,42256604,4.2256604E7,42256604,42256604,1
49FYlytm3dAAraYgpoJZux,83,83.0,83,83,1,69014420,6.901442E7,69014420,69014420,1
3nFoPHJR1BOSrTl6jKIl1a,50,50.0,50,50,1,35417,35417.0,35417,35417,1
6BSfVPsVr6zYOXvHOUggfA,43,43.0,43,43,1,17766757,1.7766757E7,17766757,17766757,1
4omisSlTk6Dsq2iQD7MA07,1,1.0,1,1,1,12004691,1.2004691E7,12004691,12004691,1
6CKoWCWAqEVWVjpeoJXyNH,77,77.0,77,77,1,3857762,3857762.0,3857762,3857762,1
2Di0qFNb7ATroCGB3q0Ka7,74,74.0,74,74,1,2195283,2195283.0,2195283,2195283,1
0X1sqQ652p1sceKM2nJlIJ,74,74.0,74,74,1,15810313,1.5810313E7,15810313,15810313,1
07q0QVgO56EorrSGHC48y3,84,84.0,84,84,1,11003838,1.1003838E7,11003838,11003838,1
2sMrvqJHSHGZ6uKcWoSNvW,28,28.0,28,28,1,54,54.0,54,54,1
5Lfdb0KKLWKEns27p20uYt,78,78.0,78,78,1,2795852,2795852.0,2795852,2795852,1
6ho5dJJZp3z0dv4DnE34J5,61,61.0,61,61,1,192735,192735.0,192735,192735,1
7znnURzbiabwxPXttDlY5G,55,55.0,55,55,1,15684530,1.568453E7,15684530,15684530,1
3NGELCydzbbrkONHzhaGse,21,21.0,21,21,1,24,24.0,24,24,1
6TGd66r0nlPaYm3KIoI7ET,81,81.0,81,81,1,118692183,1.18692183E8,118692183,118692183,1
53vEvWGCty93G4IFqntwaB,28,28.0,28,28,1,730,730.0,730,730,1
5seOJJVjyWCIBkSEBJrIGX,38,38.0,38,38,1,1867,1867.0,1867,1867,1
0yUaLqhsVsguBpoOPL4cO7,61,61.0,61,61,1,4787436,4787436.0,4787436,4787436,1
0O6u0VJ46W86TxN9wgyqDj,75,75.0,75,75,1,47716988,4.7716988E7,47716988,47716988,1
7yzNPyUl2lrFPJKup1PaR1,52,52.0,52,52,1,5582,5582.0,5582,5582,1
7EP1xNKQBdzUP3OGK6iHRV,30,30.0,30,30,1,340014,340014.0,340014,340014,1
5HCyWlXZPP0y6Gqq8TgA20,80,80.0,80,80,1,6593079,6593079.0,6593079,6593079,1
6CYT0souHUHKTO4EMzTUFg,61,61.0,61,61,1,9256589,9256589.0,9256589,9256589,1
4wVOKKEHUJxHCFFNUWDn0B,78,78.0,78,78,1,103067383,1.03067383E8,103067383,103067383,1
5Pc594FhDA2Fa2prE75GT0,50,50.0,50,50,1,46886554,4.6886554E7,46886554,46886554,1
6EiWoREzkK9nqFdrxkuzmK,13,13.0,13,13,1,41,41.0,41,41,1
6EOXpBcrUWT1EVeDuSJNgU,40,40.0,40,40,1,644838,644838.0,644838,644838,1
51Fjme0JiitpyXKuyQiCDo,71,71.0,71,71,1,331482,331482.0,331482,331482,1
5XZw1AA2w7Y5WZI9YQrMhi,0,0.0,0,0,1,42445,42445.0,42445,42445,1
3wFLWP0FcIqHK1wb1CPthQ,63,63.0,63,63,1,107374593,1.07374593E8,107374593,107374593,1
1ZuNmHmJn8QiS9kRYZuLNJ,33,33.0,33,33,1,2981715,2981715.0,2981715,2981715,1
3WzNy6b7PZIlWbiyZcVj8d,50,50.0,50,50,1,3581,3581.0,3581,3581,1
2NlTOhsAamXOaZciOXbITb,74,74.0,74,74,1,45764832,4.5764832E7,45764832,45764832,1
2EgB4n6XyBsuNUbuarr4eG,58,58.0,58,58,1,3479471,3479471.0,3479471,3479471,1
5N8ttZslGXlcNGMP2ACivh,45,45.0,45,45,1,4754990,4754990.0,4754990,4754990,1
0CcQNd8CINkwQfe1RDtGV6,4,4.0,4,4,1,58375520,5.837552E7,58375520,58375520,1
5i25MerPtwjolZFZ2hIEai,0,0.0,0,0,1,20665,20665.0,20665,20665,1
3cNjgVBKTJ1SvKhunrCdVy,62,62.0,62,62,1,211125,211125.0,211125,211125,1
4FqMPJlvfY5Nfo3gRKcNxl,58,58.0,58,58,1,22396044,2.2396044E7,22396044,22396044,1
19gEmPjfqSZT0ulDRfjl0m,68,68.0,68,68,1,1603613,1603613.0,1603613,1603613,1
74sb4Gib0cL3TQeCjYF8vh,75,75.0,75,75,1,26272346,2.6272346E7,26272346,26272346,1
0cqRj7pUJDkTCEsJkx8snD,80,80.0,80,80,1,145443567,1.45443567E8,145443567,145443567,1
70Laus6ozJIHDpfTtUSmAZ,63,63.0,63,63,1,51773650,5.177365E7,51773650,51773650,1
5AnCLGg35ziFOloEnXK4uu,77,77.0,77,77,1,26561582,2.6561582E7,26561582,26561582,1
4FuSnjXKARcUOwiPnEnh1p,50,50.0,50,50,1,112995439,1.12995439E8,112995439,112995439,1
24LS4lQShWyixJ0ZrJXfJ5,77,77.0,77,77,1,23078931,2.3078931E7,23078931,23078931,1
6jgkEbmQ2F2onEqsEhiliL,82,82.0,82,82,1,7996784,7996784.0,7996784,7996784,1
53QF56cjZA9RTuuMZDrSA6,70,70.0,70,70,1,7312588,7312588.0,7312588,7312588,1
1Yfgbr2kZrb3u0NP8ioyuk,54,54.0,54,54,1,51773650,5.177365E7,51773650,51773650,1
5A6OHHy73AR5tLxgTc98zz,77,77.0,77,77,1,12075691,1.2075691E7,12075691,12075691,1
6R9k0IAO7qZUmtzgajfUOb,47,47.0,47,47,1,410069,410069.0,410069,410069,1
0FtD1ZukwCnuTfTNuwxrQM,54,54.0,54,54,1,357081,357081.0,357081,357081,1
45wLUjiU9HCN1WJitHfmiq,39,39.0,39,39,1,3836,3836.0,3836,3836,1
6efhuc3AsgEKF0XZiEocQY,51,51.0,51,51,1,9748123,9748123.0,9748123,9748123,1
7BMO7O7ImjV8HNTH74Tshv,72,72.0,72,72,1,104539036,1.04539036E8,104539036,104539036,1
1e3hPMCGrwPXYZ1DQhsiCE,57,57.0,57,57,1,153173,153173.0,153173,153173,1
2NoL9nDnIYzUGfPGW72dzY,26,26.0,26,26,1,133622,133622.0,133622,133622,1
2mvffzYUJ9Ld9xhsF5DUjU,70,70.0,70,70,1,23384088,2.3384088E7,23384088,23384088,1
1AhDOtG9vPSOmsWgNW0BEY,4,4.0,4,4,1,55209500,5.52095E7,55209500,55209500,1
3QoQ3HqXTAjgEl9LbNMbYp,20,20.0,20,20,1,1657,1657.0,1657,1657,1
2wn0AYkmcF0Cm7PmvA7hJ7,74,74.0,74,74,1,25953771,2.5953771E7,25953771,25953771,1
3cZajhyr8LmtPfHZ9296tj,92,92.0,92,92,1,275333,275333.0,275333,275333,1
5CVHKVnrnszHpRhblPPr1A,37,37.0,37,37,1,818,818.0,818,818,1
2chbuybiy6aDDBC985tJcP,70,70.0,70,70,1,12337033,1.2337033E7,12337033,12337033,1
2axaSxcW54k5GSXBHjfdpg,30,30.0,30,30,1,119,119.0,119,119,1
3Vlt0DKYBK0h3Vf92nywhp,54,54.0,54,54,1,34735147,3.4735147E7,34735147,34735147,1
6iOuLRFr7G2bvUSOtYx4jw,53,53.0,53,53,1,425177,425177.0,425177,425177,1
2HafqoJbgXdtjwCOvNEF14,79,79.0,79,79,1,591695,591695.0,591695,591695,1
0mKGwFMHzTprtS2vpR3b6s,64,64.0,64,64,1,41172203,4.1172203E7,41172203,41172203,1
4cacyP5c3PMlfnyjpg13xW,63,63.0,63,63,1,1758083,1758083.0,1758083,1758083,1
3XhcWzFQHoCiyxJGPnLwi2,22,22.0,22,22,1,5553,5553.0,5553,5553,1
645Exr2lJIO45Guht3qyIa,57,57.0,57,57,1,1436277,1436277.0,1436277,1436277,1
1M7qLcfozANPcMKfgMEHOt,56,56.0,56,56,1,26558356,2.6558356E7,26558356,26558356,1
7x4ASXYEKfQBCewcZhK776,62,62.0,62,62,1,60395783,6.0395783E7,60395783,60395783,1
1fipvP2zmef6vN2IwXfJhY,50,50.0,50,50,1,26272346,2.6272346E7,26272346,26272346,1
5nj7iytZfhPMn7hZ1Kzn00,49,49.0,49,49,1,2177447,2177447.0,2177447,2177447,1
5IhzJOXNE7ki0IIJbZbnGq,62,62.0,62,62,1,34130771,3.4130771E7,34130771,34130771,1
4xui9WfNYFy7DKZfFBzSQA,51,51.0,51,51,1,344387,344387.0,344387,344387,1
09IOPhEh1OMe0HD9b36FJk,66,66.0,66,66,1,47722935,4.7722935E7,47722935,47722935,1
7uzmGiiJyRfuViKKK3lVmR,71,71.0,71,71,1,5506705,5506705.0,5506705,5506705,1
3bWAqKDWg6u1davspr5IkS,62,62.0,62,62,1,3276119,3276119.0,3276119,3276119,1
4F7A0DXBrmUAkp32uenhZt,77,77.0,77,77,1,112995439,1.12995439E8,112995439,112995439,1
6hxWB5a6jxTmi9etW4Iw62,63,63.0,63,63,1,15689879,1.5689879E7,15689879,15689879,1
1sdntExbJUWIqO4CyC0BBL,29,29.0,29,29,1,4694955,4694955.0,4694955,4694955,1
081t95JRuDUrQYSS3h8iKk,48,48.0,48,48,1,2918228,2918228.0,2918228,2918228,1
5ZManJDV3CexO66nRCkdiV,65,65.0,65,65,1,1738576,1738576.0,1738576,1738576,1
7H0ya83CMmgFcOhw0UB6ow,77,77.0,77,77,1,2803036,2803036.0,2803036,2803036,1
1gHF0I223J5pv06SuBcmkz,49,49.0,49,49,1,122789460,1.2278946E8,122789460,122789460,1
0mRWl4amZn1FtRx2cE5jf3,45,45.0,45,45,1,26558356,2.6558356E7,26558356,26558356,1
7jtQIBanIiJOMS6RyCx6jZ,65,65.0,65,65,1,4309419,4309419.0,4309419,4309419,1
2nMeu6UenVvwUktBCpLMK9,87,87.0,87,87,1,51773650,5.177365E7,51773650,51773650,1
0DeB5gw7a9VJ9JqoEJm4J5,26,26.0,26,26,1,13710072,1.3710072E7,13710072,13710072,1
7mJNJKQ1eZFKMmJoaqyw55,50,50.0,50,50,1,350707,350707.0,350707,350707,1
69YlBCiOySCIwCAsjJ1EgJ,0,0.0,0,0,1,441005,441005.0,441005,441005,1
23oUaizFBFVFI5PxJrkiO5,56,56.0,56,56,1,13839280,1.383928E7,13839280,13839280,1
2M38X60UJnupGPbFTkVPNQ,74,74.0,74,74,1,3337374,3337374.0,3337374,3337374,1
6v1kEKdETU536qgvfR8Ph1,47,47.0,47,47,1,319,319.0,319,319,1
3sZQ8L4aptFDJXBqdVdvO8,65,65.0,65,65,1,876436,876436.0,876436,876436,1
1R3Y3bGE77KfOKLT4bN4mi,53,53.0,53,53,1,2083,2083.0,2083,2083,1
0FTmksd2dxiE5e3rWyJXs6,92,92.0,92,92,1,2789144,2789144.0,2789144,2789144,1
3gdnWtiFFdsjIPYkr2X31v,39,39.0,39,39,1,958,958.0,958,958,1
3Vevii7qKqrmW8CcyzBHDl,68,68.0,68,68,1,145443567,1.45443567E8,145443567,145443567,1
1ghqDkglrXPcxgRobBmLVW,62,62.0,62,62,1,754907,754907.0,754907,754907,1
7J4b3LVCIGO4CMBDFLPoP6,62,62.0,62,62,1,145396321,1.45396321E8,145396321,145396321,1
5uSG6fUPRaehaV820zcpsK,66,66.0,66,66,1,118760311,1.18760311E8,118760311,118760311,1
2E8IlL26PwtZq7CqAHBBUw,69,69.0,69,69,1,9249502,9249502.0,9249502,9249502,1
0zzVTGyRrWpQu8Fr28NRAv,60,60.0,60,60,1,34478237,3.4478237E7,34478237,34478237,1
1IIKrJVP1C9N7iPtG6eOsK,77,77.0,77,77,1,28316378,2.8316378E7,28316378,28316378,1
0FVuyC9RP5MACjp4lgU3qZ,75,75.0,75,75,1,384793,384793.0,384793,384793,1
59CrwNtNqzOmODXRxwaknc,53,53.0,53,53,1,46895665,4.6895665E7,46895665,46895665,1
5ui44u6tEnipuke1eKYpMI,57,57.0,57,57,1,79399,79399.0,79399,79399,1
0CfmNX2TXk7yoJqHJiixnp,55,55.0,55,55,1,25957976,2.5957976E7,25957976,25957976,1
3tbNT2X5tfMIVeUflYbZUZ,47,47.0,47,47,1,22392682,2.2392682E7,22392682,22392682,1
0w3Q14i073jLoew1hgJkwD,75,75.0,75,75,1,2338518,2338518.0,2338518,2338518,1
15HDQMy3kEHqRhDV3F3ODy,26,26.0,26,26,1,345078,345078.0,345078,345078,1
7I4ibsZgwuf46g0xHuTC8s,69,69.0,69,69,1,1958141,1958141.0,1958141,1958141,1
7xB3TwyZMOnKcF50RIXh5b,40,40.0,40,40,1,104539036,1.04539036E8,104539036,104539036,1
6enLk2V2s0M6D6PGLjHxYv,54,54.0,54,54,1,218834,218834.0,218834,218834,1
0n4bITAu0Y0nigrz3MFJMb,78,78.0,78,78,1,1976419,1976419.0,1976419,1976419,1
1NpW5kyvO4XrNJ3rnfcNy3,80,80.0,80,80,1,8972549,8972549.0,8972549,8972549,1
1j2KutCJvUZm3PWnxwms9v,0,0.0,0,0,1,62798,62798.0,62798,62798,1
43Bcg5ckW8WchRzyPZA0u1,54,54.0,54,54,1,66705650,6.670565E7,66705650,66705650,1
663Karu2rvKLdnY0eo1n3M,72,72.0,72,72,1,6158071,6158071.0,6158071,6158071,1
3dAgQFdruU8ufWc5GE05xC,64,64.0,64,64,1,2898444,2898444.0,2898444,2898444,1
6cxwTMs5bASUpTDmXkzQ24,0,0.0,0,0,1,72252,72252.0,72252,72252,1
4YsNfGnCcN4pmg1dJdgno8,0,0.0,0,0,1,2778,2778.0,2778,2778,1
7L4s0J81HpXmy2j0QQ64Ln,44,44.0,44,44,1,35324,35324.0,35324,35324,1
3MrRksHupTVEQ7YbA0FsZK,76,76.0,76,76,1,1976138,1976138.0,1976138,1976138,1
05EXzecgWqEuk5ph43jRq9,54,54.0,54,54,1,1378074,1378074.0,1378074,1378074,1
09DFJg2KCnbBXkYItMubU5,69,69.0,69,69,1,15684530,1.568453E7,15684530,15684530,1
6XXKB32Om6WuXg3uEWwTob,68,68.0,68,68,1,107401919,1.07401919E8,107401919,107401919,1
2o1pb13quMReXZqE7jWsgq,77,77.0,77,77,1,107374593,1.07374593E8,107374593,107374593,1
7jrI96onnEzgwPKacNJUCz,63,63.0,63,63,1,14039018,1.4039018E7,14039018,14039018,1
1Qrg8KqiBpW07V7PNxwwwL,81,81.0,81,81,1,33029522,3.3029522E7,33029522,33029522,1
2cWjptVqIiakuWdzlM36qy,44,44.0,44,44,1,9407321,9407321.0,9407321,9407321,1
39JofJHEtg8I4fSyo7Imft,70,70.0,70,70,1,73138,73138.0,73138,73138,1
6bGMSP3H9YqkmaLnaJTIoF,61,61.0,61,61,1,66705650,6.670565E7,66705650,66705650,1
32BeYxKPrig1LefHsC0Xuo,70,70.0,70,70,1,118692183,1.18692183E8,118692183,118692183,1
2RCUr24WkEe2r5Vv4oDKlN,48,48.0,48,48,1,6315216,6315216.0,6315216,6315216,1
1YscJ7yVTlFxW3eF6pv5ba,58,58.0,58,58,1,47720209,4.7720209E7,47720209,47720209,1
0e8aaWrJHYYKZilbqmqNxs,59,59.0,59,59,1,10465301,1.0465301E7,10465301,10465301,1
5o3GnrcFtvkdf3zFznuSbA,70,70.0,70,70,1,45771951,4.5771951E7,45771951,45771951,1
53NSKqbkbEXM68YTxJGvPM,0,0.0,0,0,1,218092,218092.0,218092,218092,1
27BgDmciSjoxTG0almHTpZ,58,58.0,58,58,1,112995439,1.12995439E8,112995439,112995439,1
6eR1N0EBHiDkGDzegX99d3,56,56.0,56,56,1,41172203,4.1172203E7,41172203,41172203,1
3jfZ9M23l0L7RxzYMTgBTv,76,76.0,76,76,1,472165,472165.0,472165,472165,1
5HuUOkUQEyMQMXnqqxOQJF,0,0.0,0,0,1,53263844,5.3263844E7,53263844,53263844,1
0AeUTVVGVWgwPCpPGAm6sT,45,45.0,45,45,1,153173,153173.0,153173,153173,1
27GmP9AWRs744SzKcpJsTZ,69,69.0,69,69,1,103039388,1.03039388E8,103039388,103039388,1
2uZWffKoemZDI0gHcBEcDc,74,74.0,74,74,1,258422,258422.0,258422,258422,1
5d6Mjuu2uCGRPYpFjGpCX5,70,70.0,70,70,1,45777722,4.5777722E7,45777722,45777722,1
12KUFSHFgT0XCoiSlvdQi4,80,80.0,80,80,1,107389514,1.07389514E8,107389514,107389514,1
1fidCEsYlaVE3pHwKCvpFZ,78,78.0,78,78,1,573365,573365.0,573365,573365,1
5vzR1lfJZVMATd0NYyVgY6,0,0.0,0,0,1,644923,644923.0,644923,644923,1
1LcAPBcL6RT0rcGbPTxoMr,24,24.0,24,24,1,39777995,3.9777995E7,39777995,39777995,1
4DCAO5JHENPeOXCEUPNUU5,21,21.0,21,21,1,39777995,3.9777995E7,39777995,39777995,1
3sNVsP50132BTNlImLx70i,81,81.0,81,81,1,31045858,3.1045858E7,31045858,31045858,1
5hVNoUOR1FBWyTS2Urv68s,38,38.0,38,38,1,21591569,2.1591569E7,21591569,21591569,1
0pwYLVXVknPSGUQb39cePC,67,67.0,67,67,1,85050158,8.5050158E7,85050158,85050158,1
5Us6goGVQwDc5DAGUidAy7,0,0.0,0,0,1,29927,29927.0,29927,29927,1
3sqrvkNC6IPTIXvvbx9Arw,69,69.0,69,69,1,145489371,1.45489371E8,145489371,145489371,1
4nVyHATevhl5RC6Qmoko5H,7,7.0,7,7,1,11935198,1.1935198E7,11935198,11935198,1
6nhvIZeu7g6OsDCLj1DKLl,55,55.0,55,55,1,10379778,1.0379778E7,10379778,10379778,1
73OX8GdpOeGzKC6OvGSbsv,52,52.0,52,52,1,145443567,1.45443567E8,145443567,145443567,1
33daQo3S8j2NcJstEHXwhQ,63,63.0,63,63,1,7302348,7302348.0,7302348,7302348,1
0d28khcov6AiegSCpG5TuT,89,89.0,89,89,1,14505359,1.4505359E7,14505359,14505359,1
7jSQaXLzpLHjSQTev2krvT,61,61.0,61,61,1,277520,277520.0,277520,277520,1
6wyMr8WhICKyb80uAGfH2j,21,21.0,21,21,1,23384088,2.3384088E7,23384088,23384088,1
3qDwkIPFEUK70WYrnxlOGu,41,41.0,41,41,1,9676780,9676780.0,9676780,9676780,1
5IZXB5IKAD2qlvTPJYDCFB,82,82.0,82,82,1,47716988,4.7716988E7,47716988,47716988,1
7hK0aTf0wyxRkYqWAabUwG,43,43.0,43,43,1,4968982,4968982.0,4968982,4968982,1
6vvPecFTmWxDfEJ6cYT1wa,74,74.0,74,74,1,13266900,1.32669E7,13266900,13266900,1
4TuH1lerJpmraZkEJcf9zJ,39,39.0,39,39,1,318142,318142.0,318142,318142,1
2prqm9sPLj10B4Wg0wE5x9,80,80.0,80,80,1,118760311,1.18760311E8,118760311,118760311,1
4LohCOEa8EKRj9GvAcsqjn,46,46.0,46,46,1,6677,6677.0,6677,6677,1
0JmnkIqdlnUzPaf8sqBRs3,79,79.0,79,79,1,9469943,9469943.0,9469943,9469943,1
1SRw5p2lVAi7RGlHEmZg66,64,64.0,64,64,1,2342730,2342730.0,2342730,2342730,1
59uQI0PADDKeE6UZDTJEe8,33,33.0,33,33,1,13992482,1.3992482E7,13992482,13992482,1
3eX0NZfLtGzoLUxPNvRfqm,75,75.0,75,75,1,145443567,1.45443567E8,145443567,145443567,1
5ildQOEKmJuWGl2vRkFdYc,72,72.0,72,72,1,8597160,8597160.0,8597160,8597160,1
6VQHxCQin559T3EGjxNNv5,21,21.0,21,21,1,2055,2055.0,2055,2055,1
4n7jnSxVLd8QioibtTDBDq,73,73.0,73,73,1,41268567,4.1268567E7,41268567,41268567,1
6DCZcSspjsKoFjzjrWoCdn,83,83.0,83,83,1,103094105,1.03094105E8,103094105,103094105,1
66kQ7wr4d2LwwSjr7HXcyr,60,60.0,60,60,1,44592005,4.4592005E7,44592005,44592005,1
1cG3sQOVItzKsvHzkCzuke,51,51.0,51,51,1,5778418,5778418.0,5778418,5778418,1
25oOaleife6E2MIKmFkPvg,67,67.0,67,67,1,12418681,1.2418681E7,12418681,12418681,1
6I6NX6tjGsxFAsIfGzY9lJ,67,67.0,67,67,1,27073781,2.7073781E7,27073781,27073781,1
6JV2JOEocMgcZxYSZelKcc,75,75.0,75,75,1,15820264,1.5820264E7,15820264,15820264,1
3cjF2OFRmip8spwZYQRKxP,76,76.0,76,76,1,103067383,1.03067383E8,103067383,103067383,1
059ACLUOyEcdruA2m9f2jd,62,62.0,62,62,1,30545962,3.0545962E7,30545962,30545962,1
7IX7VAXujvcZ3e1PG7sGP7,45,45.0,45,45,1,60804949,6.0804949E7,60804949,60804949,1
69uxyAqqPIsUyTO8txoP2M,83,83.0,83,83,1,60804949,6.0804949E7,60804949,60804949,1
4mQi8tVXXGyGShCOXExKol,28,28.0,28,28,1,3469694,3469694.0,3469694,3469694,1
6QoxM9xgqazNPGF026CjpS,40,40.0,40,40,1,3743667,3743667.0,3743667,3743667,1
73jVPicY2G9YHmzgjk69ae,72,72.0,72,72,1,7959873,7959873.0,7959873,7959873,1
72jCZdH0Lhg93z6Z4hBjgj,73,73.0,73,73,1,145489371,1.45489371E8,145489371,145489371,1
77TT8Xvx637TpzV8kKGkUw,56,56.0,56,56,1,27139342,2.7139342E7,27139342,27139342,1
5DutiJxznQmcV5a5a1zfRW,40,40.0,40,40,1,117882,117882.0,117882,117882,1
300oPI1fs0ZhQhPAX8Gn0y,49,49.0,49,49,1,56368,56368.0,56368,56368,1
7kNlRLC9PEH8nXMVawssMx,57,57.0,57,57,1,104517308,1.04517308E8,104517308,104517308,1
4BDgGQXx7jO2JgC7bpFsIv,67,67.0,67,67,1,103039388,1.03039388E8,103039388,103039388,1
7k9D5GUqhn0Jf3kBnfgQJ6,51,51.0,51,51,1,91946,91946.0,91946,91946,1
2mLgOcRkEgq89j8WstUpui,60,60.0,60,60,1,60830643,6.0830643E7,60830643,60830643,1
3ovjw5HZZv43SxTwApooCM,81,81.0,81,81,1,8602427,8602427.0,8602427,8602427,1
7n3WO6ESKS1uCI9fgkGs66,72,72.0,72,72,1,626213,626213.0,626213,626213,1
1jzDzZWeSDBg5fhNc3tczV,10,10.0,10,10,1,9772591,9772591.0,9772591,9772591,1
4Wzt8Dm4xpO3LjWDecP4bA,0,0.0,0,0,1,1078624,1078624.0,1078624,1078624,1
5NWYu2pYfLGu3iQB08RC4m,25,25.0,25,25,1,1073,1073.0,1073,1073,1
0KtV18BLmyIOYHCSISmVl9,73,73.0,73,73,1,2809275,2809275.0,2809275,2809275,1
181yGUB8xEh4LfK8KhC4Wa,76,76.0,76,76,1,9256589,9256589.0,9256589,9256589,1
0wOdcEgqadzlYgBGunlHMV,51,51.0,51,51,1,41271918,4.1271918E7,41271918,41271918,1
04rwdcWWRp6Lr1rzarknnc,31,31.0,31,31,1,28410,28410.0,28410,28410,1
149r4BNMXwFRWjPYcKNNgc,58,58.0,58,58,1,47722935,4.7722935E7,47722935,47722935,1
6kOdk29M8h6ZfHz4byVG0t,70,70.0,70,70,1,317426,317426.0,317426,317426,1
3Pbp7cUCx4d3OAkZSCoNvn,79,79.0,79,79,1,274140,274140.0,274140,274140,1
7lcuUkp4LjPflvzPjemDzw,61,61.0,61,61,1,7753423,7753423.0,7753423,7753423,1
7brwHNQOIkksblcpwaVBvL,31,31.0,31,31,1,141180,141180.0,141180,141180,1
52NGJPcLUzQq5w7uv4e5gf,77,77.0,77,77,1,7465428,7465428.0,7465428,7465428,1
5Y35SjAfXjjG0sFQ3KOxmm,83,83.0,83,83,1,33029522,3.3029522E7,33029522,33029522,1
5XNsPRT2EPgVUu4ESXc0B8,23,23.0,23,23,1,2105,2105.0,2105,2105,1
7yOSV5LeMewr6WucyuhSAF,0,0.0,0,0,1,7443,7443.0,7443,7443,1
4ka1FkKAMde6dQAFFMXKac,63,63.0,63,63,1,1719445,1719445.0,1719445,1719445,1
776AftMmFFAWUIEAb3lHhw,71,71.0,71,71,1,10636129,1.0636129E7,10636129,10636129,1
5zDUEANdsPkm0eEbMfTnOm,36,36.0,36,36,1,57942,57942.0,57942,57942,1
0uZd8cKaTyNogTREourFY5,0,0.0,0,0,1,26564677,2.6564677E7,26564677,26564677,1
4Cw9dVBeODFRbi7JoZIk95,26,26.0,26,26,1,149033,149033.0,149033,149033,1
0tShdTlRbZas6OFwEkX56U,43,43.0,43,43,1,4307803,4307803.0,4307803,4307803,1
6PoKfDY78ih5OveWirggRX,57,57.0,57,57,1,21644763,2.1644763E7,21644763,21644763,1
4qWCFTuNnmGNdY4egtb4ZY,61,61.0,61,61,1,47716988,4.7716988E7,47716988,47716988,1
6MFVCPU3QN3YqMjJz4mtFe,40,40.0,40,40,1,39777995,3.9777995E7,39777995,39777995,1
343YBumqHu19cGoGARUTsd,69,69.0,69,69,1,103039388,1.03039388E8,103039388,103039388,1
6f49kbOuQSOsStBpyGvQfA,64,64.0,64,64,1,60804949,6.0804949E7,60804949,60804949,1
2zFF6jG5hQArbzcXz3KUWk,58,58.0,58,58,1,27288825,2.7288825E7,27288825,27288825,1
0XyjtybwqSdqMAFfBEkmZf,54,54.0,54,54,1,612260,612260.0,612260,612260,1
18iPRd47jngLQ927c2ndzB,34,34.0,34,34,1,4971141,4971141.0,4971141,4971141,1
14UE0L5fL5TL0ohEiAv56X,47,47.0,47,47,1,2898444,2898444.0,2898444,2898444,1
1HE3TzRFmNQ7QQLoEMl0R2,55,55.0,55,55,1,1251973,1251973.0,1251973,1251973,1
5vTPxzm4h2bY9rYyVrGEU5,68,68.0,68,68,1,27288825,2.7288825E7,27288825,27288825,1
4ZvujitlkJLlff0SV4SM71,49,49.0,49,49,1,1358670,1358670.0,1358670,1358670,1
5VGlqQANWDKJFl0MBG3sg2,80,80.0,80,80,1,5757305,5757305.0,5757305,5757305,1
49wOjOkS4pBK3PQnPnNYjb,67,67.0,67,67,1,5403309,5403309.0,5403309,5403309,1
5zZFDbatEjXhm2q7l2Z2mO,38,38.0,38,38,1,6528,6528.0,6528,6528,1
6p2liQLGoDaLXgND68bfVt,2,2.0,2,2,1,9695205,9695205.0,9695205,9695205,1
534oydPCUQsrRuia17XILl,45,45.0,45,45,1,430076,430076.0,430076,430076,1
1LDeuD3jbSpHucsd0nOt6t,42,42.0,42,42,1,25472,25472.0,25472,25472,1
4QiUN7Xquwdkz2Na700Wwv,39,39.0,39,39,1,6678,6678.0,6678,6678,1
5EOE2cTQf4HncjsOo97KKN,13,13.0,13,13,1,42,42.0,42,42,1
422PeUrBywndaCCxL6bDBj,65,65.0,65,65,1,85008100,8.50081E7,85008100,85008100,1
212xtcXoSqbbwFAYd0zvNP,70,70.0,70,70,1,1615711,1615711.0,1615711,1615711,1
4Q2IUQo8YuoCqiRrDazKK4,65,65.0,65,65,1,3509163,3509163.0,3509163,3509163,1
3Ua0m0YmEjrMi9XErKcNiR,74,74.0,74,74,1,10844512,1.0844512E7,10844512,10844512,1
3dd9uXh41vmFLO3UvqLJL6,62,62.0,62,62,1,490560,490560.0,490560,490560,1
2tTmW7RDtMQtBk7m2rYeSw,80,80.0,80,80,1,18192021,1.8192021E7,18192021,18192021,1
4WCAb7rGU70hyx3m9joKCx,59,59.0,59,59,1,8667215,8667215.0,8667215,8667215,1
3I6mlb3kwpZ7wwlO6SqHnm,40,40.0,40,40,1,12801,12801.0,12801,12801,1
7eJMfftS33KTjuF7lTsMCx,81,81.0,81,81,1,1474124,1474124.0,1474124,1474124,1
4y5bvROuBDPr5fuwXbIBZR,76,76.0,76,76,1,145443567,1.45443567E8,145443567,145443567,1
6X29iaaazwho3ab7GNue5r,66,66.0,66,66,1,118692183,1.18692183E8,118692183,118692183,1
2Ho9wQd5xy4ENu6ict4yX2,20,20.0,20,20,1,84929,84929.0,84929,84929,1
4BWJGWmzbjsnA94Weyi5j4,0,0.0,0,0,1,8765920,8765920.0,8765920,8765920,1
3szf2z1Cy1QMrtHrbn8rz9,59,59.0,59,59,1,103039388,1.03039388E8,103039388,103039388,1
6GeD5g9vZTz25Egf8kxoIY,46,46.0,46,46,1,21357977,2.1357977E7,21357977,21357977,1
1sXUWdKx03aP9Gmzft58rt,0,0.0,0,0,1,5292876,5292876.0,5292876,5292876,1
2uIX8YMNjGMD7441kqyyNU,83,83.0,83,83,1,118692183,1.18692183E8,118692183,118692183,1
12OHfrCclWkN6oCjAs3VSA,32,32.0,32,32,1,1974,1974.0,1974,1974,1
40YcuQysJ0KlGQTeGUosTC,79,79.0,79,79,1,6295376,6295376.0,6295376,6295376,1
0BcP3FTTxSty93nTnB2a9H,53,53.0,53,53,1,6302021,6302021.0,6302021,6302021,1
2Z8WuEywRWYTKe1NybPQEW,82,82.0,82,82,1,25759662,2.5759662E7,25759662,25759662,1
0NTMtAO2BV4tnGvw9EgBVq,73,73.0,73,73,1,68997177,6.8997177E7,68997177,68997177,1
7MJQ9Nfxzh8LPZ9e9u68Fq,70,70.0,70,70,1,104539036,1.04539036E8,104539036,104539036,1
1INksmStBpxdNlBzwGUvsg,60,60.0,60,60,1,1708042,1708042.0,1708042,1708042,1
7oYTWS0BEJcddgKZBkiSJq,45,45.0,45,45,1,115339,115339.0,115339,115339,1
1KuVEZR4xuQVNr1KkanAV4,75,75.0,75,75,1,51798111,5.1798111E7,51798111,51798111,1
14OxJlLdcHNpgsm4DRwDOB,76,76.0,76,76,1,3676957,3676957.0,3676957,3676957,1
1vDMGBzqLJWZC5UzePDURw,48,48.0,48,48,1,1441574,1441574.0,1441574,1441574,1
4coENUbKuiuFb0C38uqFTi,51,51.0,51,51,1,112918137,1.12918137E8,112918137,112918137,1
2tB5sTm4Lb8e6U0dNGuqtz,58,58.0,58,58,1,23482,23482.0,23482,23482,1
4Cv5dkUBqepa0siwGREihD,62,62.0,62,62,1,3726318,3726318.0,3726318,3726318,1
5ZVGvay4xwgXMnQWffNYeU,74,74.0,74,74,1,7054208,7054208.0,7054208,7054208,1
1NrfEZrNm0Dq8ulfYMxwSc,54,54.0,54,54,1,42275793,4.2275793E7,42275793,42275793,1
4wLjdZD9khhahbzhb3RxtJ,35,35.0,35,35,1,23384088,2.3384088E7,23384088,23384088,1
664qR3uQQOlRVIr2bTzJQz,31,31.0,31,31,1,16641,16641.0,16641,16641,1
3EaQbgXTgL1CQxJX2oHujo,20,20.0,20,20,1,20236,20236.0,20236,20236,1
4JXfNOePhdgMOI7KZ1L25U,71,71.0,71,71,1,5155421,5155421.0,5155421,5155421,1
5XJJdNPkwmbUwE79gv0NxK,2,2.0,2,2,1,31038851,3.1038851E7,31038851,31038851,1
119c93MHjrDLJTApCVGpvx,73,73.0,73,73,1,3707332,3707332.0,3707332,3707332,1
7J87u2pUI0xBt8HVKNuJ8n,0,0.0,0,0,1,1460772,1460772.0,1460772,1460772,1
1e73KA7YWgIS9cLszZJRTu,38,38.0,38,38,1,7219,7219.0,7219,7219,1
3NFs3XUduzBfvc5Bx1gmzh,84,84.0,84,84,1,42237551,4.2237551E7,42237551,42237551,1
0t1fdMrn7JOg9DDsT95bxt,78,78.0,78,78,1,2795852,2795852.0,2795852,2795852,1
75kTndbdVt63ZZYo8mquvv,53,53.0,53,53,1,2752,2752.0,2752,2752,1
6ZAyJ7EFjapwMMT0Oqs15Y,34,34.0,34,34,1,63155,63155.0,63155,63155,1
2pZJqhsUxcS27EIw6osRBS,35,35.0,35,35,1,84858,84858.0,84858,84858,1
6tNQ70jh4OwmPGpYy6R2o9,84,84.0,84,84,1,7055537,7055537.0,7055537,7055537,1
4MXqpnu9lAqqkjSHVlBVoZ,54,54.0,54,54,1,115659,115659.0,115659,115659,1
6GdUMm5xMw9hJckIc0qsGb,65,65.0,65,65,1,7299563,7299563.0,7299563,7299563,1
6XbtvPmIpyCbjuT0e8cQtp,23,23.0,23,23,1,6416353,6416353.0,6416353,6416353,1
5jCi4osOJNbYevVMSl2Lee,0,0.0,0,0,1,138349,138349.0,138349,138349,1
6R9c642Hs3tOdLowjYaWt2,52,52.0,52,52,1,47722935,4.7722935E7,47722935,47722935,1
66MhEsUuahsQOxNR4RJv9Z,0,0.0,0,0,1,26564677,2.6564677E7,26564677,26564677,1
4PGBgDZAcUpAapDtfdX5Np,51,51.0,51,51,1,412886,412886.0,412886,412886,1
7kFpKnpUZUNLtKilcYkqGH,24,24.0,24,24,1,5446,5446.0,5446,5446,1
4uuEGH5SVuzkkSFjo2DEiY,59,59.0,59,59,1,145396321,1.45396321E8,145396321,145396321,1
0mfHN9LcAPidSI3JCPqYml,63,63.0,63,63,1,1293557,1293557.0,1293557,1293557,1
0Ew6HikxOkDLjoTPQIN0BL,0,0.0,0,0,1,316112,316112.0,316112,316112,1
3Dv1eDb0MEgF93GpLXlucZ,77,77.0,77,77,1,34748949,3.4748949E7,34748949,34748949,1
5DSi7heBC8eTIFROBvttnp,74,74.0,74,74,1,51847587,5.1847587E7,51847587,51847587,1
10hMM5nsZQf66ldBlgWBfG,67,67.0,67,67,1,3635017,3635017.0,3635017,3635017,1
0TK2YIli7K1leLovkQiNik,79,79.0,79,79,1,45703370,4.570337E7,45703370,45703370,1
2gwkD6igEhQbDQegRCcdoB,67,67.0,67,67,1,12954295,1.2954295E7,12954295,12954295,1
43TP6JCWXgkc2D7Xjz5hBr,53,53.0,53,53,1,5642365,5642365.0,5642365,5642365,1
4c2SKCNJyiho0AW1E4Z9hr,0,0.0,0,0,1,24497,24497.0,24497,24497,1
5RugyJ5MMZYezJ6DxcT8nO,0,0.0,0,0,1,90429,90429.0,90429,90429,1
0afhq8XCExXpqazXczTSve,79,79.0,79,79,1,122789460,1.2278946E8,122789460,122789460,1
3NxAG2ni1lLa8RKL6a0INc,67,67.0,67,67,1,103067383,1.03067383E8,103067383,103067383,1
6TOfPHF57Qhlbfm5lhZ9k1,59,59.0,59,59,1,107418606,1.07418606E8,107418606,107418606,1
0bqC0AqaBZKBZsjhI3y2OW,57,57.0,57,57,1,66720643,6.6720643E7,66720643,66720643,1
5Q6fh8OEhBYepJaORz9lxe,69,69.0,69,69,1,21591569,2.1591569E7,21591569,21591569,1
6PS9AdyOKTPwlDPfLzJ7Ow,56,56.0,56,56,1,21606569,2.1606569E7,21606569,21606569,1
0NI53QNAxWf9BPMrB3btG7,44,44.0,44,44,1,18068,18068.0,18068,18068,1
7qRmdDl9dnHkFT4MMboG7Y,51,51.0,51,51,1,1707968,1707968.0,1707968,1707968,1
3GKSfF6c3Rv3a1knSjxnXa,53,53.0,53,53,1,122802777,1.22802777E8,122802777,122802777,1
665T5MrQUl7sSwivPm7pEW,45,45.0,45,45,1,38400585,3.8400585E7,38400585,38400585,1
2TR7A4ulH9R1PNwMyd8o8U,69,69.0,69,69,1,5589145,5589145.0,5589145,5589145,1
6EAxaAk1eZx0aqqH4ff4rP,69,69.0,69,69,1,69014420,6.901442E7,69014420,69014420,1
6Vh03bkEfXqekWp7Y1UBRb,73,73.0,73,73,1,40273571,4.0273571E7,40273571,40273571,1
2apc40z2R0wwOwLdrQ79NH,48,48.0,48,48,1,603022,603022.0,603022,603022,1
5fEql5cR2hjR6wPGUPiEEb,57,57.0,57,57,1,40270893,4.0270893E7,40270893,40270893,1
11UaQaEp2LvdspTyyuE3ur,45,45.0,45,45,1,145489371,1.45489371E8,145489371,145489371,1
235LXPXfi0SmOaS9TaCh3c,68,68.0,68,68,1,38385499,3.8385499E7,38385499,38385499,1
7D9Jhcu3r5UcVbqwKuZKsV,51,51.0,51,51,1,301316,301316.0,301316,301316,1
4fixebDZAVToLbUCuEloa2,79,79.0,79,79,1,17773300,1.77733E7,17773300,17773300,1
7ghsa8hSWzpVVgQhiqMUSU,0,0.0,0,0,1,154601,154601.0,154601,154601,1
3sckKKIx96cjPXtiqPHCTB,61,61.0,61,61,1,3561441,3561441.0,3561441,3561441,1
3h2fZOZweqrBrGZlUGSnxP,55,55.0,55,55,1,143332,143332.0,143332,143332,1
4zP2e2aIzOZGEFTq1MDJmm,58,58.0,58,58,1,31785695,3.1785695E7,31785695,31785695,1
2OErSh4oVVAUll0vHxdr6p,72,72.0,72,72,1,7733966,7733966.0,7733966,7733966,1
2ctvdKmETyOzPb2GiJJT53,79,79.0,79,79,1,22721546,2.2721546E7,22721546,22721546,1
0uHD7UrwxsqPmtG25USTa6,51,51.0,51,51,1,130298,130298.0,130298,130298,1
0ST3hw71BtF25GtMb3MxDU,19,19.0,19,19,1,554173,554173.0,554173,554173,1
01teRdn4aIEsPzVT1K6FAf,43,43.0,43,43,1,10888670,1.088867E7,10888670,10888670,1
4I10wS3gXiR3UecwfDXDs9,7,7.0,7,7,1,4909,4909.0,4909,4909,1
7uGYWMwRy24dm7RUDDhUlD,71,71.0,71,71,1,145396321,1.45396321E8,145396321,145396321,1
2UW7JaomAMuX9pZrjVpHAU,77,77.0,77,77,1,445514,445514.0,445514,445514,1
0JzG1wJuB4v9UPkSE7LMXi,65,65.0,65,65,1,2131649,2131649.0,2131649,2131649,1
13SP8QV7MiwFUG90Po5JdD,50,50.0,50,50,1,106672,106672.0,106672,106672,1
5K3SJuYEkvvrLbzOjPyRi1,69,69.0,69,69,1,754907,754907.0,754907,754907,1
6Sqx6YNOsNbtWSwkjDuQhK,0,0.0,0,0,1,138369,138369.0,138369,138369,1
6vW6R25Gp5dbXKShm40gfg,46,46.0,46,46,1,284748,284748.0,284748,284748,1
5XsAal7ZcWg1I5T4NcRjkv,78,78.0,78,78,1,118692183,1.18692183E8,118692183,118692183,1
6rTInqW3YECMkQsBEHw4sd,69,69.0,69,69,1,287616,287616.0,287616,287616,1
2bk3kDxxFLHafZDuw06Fxs,49,49.0,49,49,1,112995439,1.12995439E8,112995439,112995439,1
1F65jvOrItxUyNK30z6Yht,42,42.0,42,42,1,112918137,1.12918137E8,112918137,112918137,1
5YaskwnGDZFDRipaqzbwQx,72,72.0,72,72,1,451208,451208.0,451208,451208,1
48rZVgAGm0OlbbxjikCpqm,0,0.0,0,0,1,907633,907633.0,907633,907633,1
7x8pIrhMu9FCmqqHNyuH0P,55,55.0,55,55,1,1441722,1441722.0,1441722,1441722,1
45BBlVHECwB0uNt7BsJ97r,0,0.0,0,0,1,1251440,1251440.0,1251440,1251440,1
4kV4N9D1iKVxx1KLvtTpjS,74,74.0,74,74,1,107374593,1.07374593E8,107374593,107374593,1
2G1tXoGBaEMJ7FKGnkf6ud,75,75.0,75,75,1,5987438,5987438.0,5987438,5987438,1
65vCFEB6WnRdUpsW5FTSDS,25,25.0,25,25,1,640655,640655.0,640655,640655,1
1f5PNhkNgUpvDEeZfcIlO1,62,62.0,62,62,1,25956015,2.5956015E7,25956015,25956015,1
032yaEHPEr2lYWNseDK8tj,38,38.0,38,38,1,113934,113934.0,113934,113934,1
3QMozI3U5p1BDf7LGB6dan,41,41.0,41,41,1,92288,92288.0,92288,92288,1
0oyL4K4fDTEFUbD9AHSvDc,37,37.0,37,37,1,174783,174783.0,174783,174783,1
0fQuzbQNLcD1ofo7B2NcFI,57,57.0,57,57,1,60804949,6.0804949E7,60804949,60804949,1
7brQHA2CgQpcMBiOlfiXYb,76,76.0,76,76,1,21591569,2.1591569E7,21591569,21591569,1
64Nbnw22f8adeMuLd1nSBD,46,46.0,46,46,1,4278389,4278389.0,4278389,4278389,1
0Ot6e3wYVQQ1Us9PM977jE,70,70.0,70,70,1,21598900,2.15989E7,21598900,21598900,1
1SbqxemPdwGlvmirtQVkCU,57,57.0,57,57,1,7528373,7528373.0,7528373,7528373,1
6UxSmGD3Ys7BIpbUpSERBM,0,0.0,0,0,1,2256471,2256471.0,2256471,2256471,1
6TO82rF4nqsBTwhHoSvnue,0,0.0,0,0,1,967413,967413.0,967413,967413,1
7Fq9RwQxSn3kW85PrDUf0M,73,73.0,73,73,1,3336633,3336633.0,3336633,3336633,1
6btyEL6NwUa97Nex9cZFvo,11,11.0,11,11,1,9553224,9553224.0,9553224,9553224,1
11XIHh9swp12kTicaPz7dX,43,43.0,43,43,1,34056,34056.0,34056,34056,1
14xj58ZexBaEaHARb11Cqs,65,65.0,65,65,1,13839280,1.383928E7,13839280,13839280,1
6MQAB3vorg90FA3tQpbYXK,62,62.0,62,62,1,5716963,5716963.0,5716963,5716963,1
0ET9cRgBd21Szftkv95aTK,28,28.0,28,28,1,23384088,2.3384088E7,23384088,23384088,1
6hVveT2bbe26sV6TiN7a77,38,38.0,38,38,1,2001,2001.0,2001,2001,1
7ffAlbOWcI5u6NN6XHPfSS,61,61.0,61,61,1,42237551,4.2237551E7,42237551,42237551,1
1U6lXyWjfpeKHkiPnpy7Qu,57,57.0,57,57,1,168546,168546.0,168546,168546,1
7dnOoqGBwHMHEzwgveB4sO,40,40.0,40,40,1,6382603,6382603.0,6382603,6382603,1
24XihnoVPWXlKJ4BgXqjVM,73,73.0,73,73,1,9256589,9256589.0,9256589,9256589,1
0mNzElhEofvgMWAJoOA4q9,70,70.0,70,70,1,47722935,4.7722935E7,47722935,47722935,1
28drn6tQo95MRvO0jQEo5C,80,80.0,80,80,1,22675640,2.267564E7,22675640,22675640,1
0sftzYE0YgPHXrvJyUyGjB,65,65.0,65,65,1,11247155,1.1247155E7,11247155,11247155,1
3FjK86616FbluOfTxNK2gY,72,72.0,72,72,1,2542055,2542055.0,2542055,2542055,1
0XiEn429suWEQ6Ph5SWnar,49,49.0,49,49,1,49536,49536.0,49536,49536,1
4drTfZwGTDNrbg3dQ17d0w,29,29.0,29,29,1,26278854,2.6278854E7,26278854,26278854,1
3ah2iIRAY7R3xbh1c8hKrW,31,31.0,31,31,1,7132,7132.0,7132,7132,1
1gH1h30wkQdd9zhY3j7a8T,74,74.0,74,74,1,6739016,6739016.0,6739016,6739016,1
2noNS9pSdi95Mw7ul7LGS1,15,15.0,15,15,1,5448,5448.0,5448,5448,1
6LEvbOHlHZFFSwPSzOiaP1,26,26.0,26,26,1,6886,6886.0,6886,6886,1
7EkWXAI1wn8Ii883ecd9xr,83,83.0,83,83,1,1744189,1744189.0,1744189,1744189,1
5uEYRdEIh9Bo4fpjDd4Na9,73,73.0,73,73,1,41131037,4.1131037E7,41131037,41131037,1
5FGKhXCg3YBXioy6rkWZM5,42,42.0,42,42,1,21606569,2.1606569E7,21606569,21606569,1
14wf185UxfNbSy8dwt4r4q,61,61.0,61,61,1,9559647,9559647.0,9559647,9559647,1
0B2OZFdJA1bXfdHAjPBVJj,46,46.0,46,46,1,76718,76718.0,76718,76718,1
3f4QbOxwcYlY8sx5Racl8h,39,39.0,39,39,1,99070,99070.0,99070,99070,1
0At2qAoaVjIwWNAqrscXli,68,68.0,68,68,1,6192505,6192505.0,6192505,6192505,1
023OVLNzXhX0j7CxswUt6D,66,66.0,66,66,1,690311,690311.0,690311,690311,1
1mvfvDZOybiEgS1ecJxt9W,49,49.0,49,49,1,2211843,2211843.0,2211843,2211843,1
5cc9Zbfp9u10sfJeKZ3h16,4,4.0,4,4,1,14559779,1.4559779E7,14559779,14559779,1
4faHjDxqvO9clYe4grJeeD,29,29.0,29,29,1,11933906,1.1933906E7,11933906,11933906,1
02mZfKpVsVUaGG8jaF3s0V,40,40.0,40,40,1,51821190,5.182119E7,51821190,51821190,1
66ZcOcouenzZEnzTJvoFmH,76,76.0,76,76,1,7067574,7067574.0,7067574,7067574,1
1zOaxkbS1kAY1gIi0g8sOm,3,3.0,3,3,1,15801991,1.5801991E7,15801991,15801991,1
3rXCZRMiMZp0feGcYXpwYX,69,69.0,69,69,1,1544335,1544335.0,1544335,1544335,1
6SI4JD7iyQ0rrudhCNtMv0,56,56.0,56,56,1,665179,665179.0,665179,665179,1
0nLiqZ6A27jJri2VCalIUs,17,17.0,17,17,1,32161423,3.2161423E7,32161423,32161423,1
1DwscornXpj8fmOmYVlqZt,74,74.0,74,74,1,4761364,4761364.0,4761364,4761364,1
4kwedianT9A4FOCTBRZEmJ,36,36.0,36,36,1,2256,2256.0,2256,2256,1
6cEG5stzTtXrrCLgWKYV6j,44,44.0,44,44,1,2462227,2462227.0,2462227,2462227,1
2zOmS55knKWSgScYPTNmGQ,79,79.0,79,79,1,9241516,9241516.0,9241516,9241516,1
3OaFGqHUyxGVkOcSILw8Kx,59,59.0,59,59,1,6318755,6318755.0,6318755,6318755,1
3WW5aPbiVEeRGOSQ8Ax1AA,41,41.0,41,41,1,4083,4083.0,4083,4083,1
59BWnlX2K9HJKw5I6AA6p2,52,52.0,52,52,1,130505,130505.0,130505,130505,1
3nNmRE0DxHC6ZaKkrpUumS,74,74.0,74,74,1,102500980,1.0250098E8,102500980,102500980,1
44XjoNvtwevktFKjvVe1vH,77,77.0,77,77,1,102500980,1.0250098E8,102500980,102500980,1
0kFFvTvmSgJeNkVKPFaplu,0,0.0,0,0,1,2740985,2740985.0,2740985,2740985,1
0tQ9vBYpldCuikPsbgOVKA,63,63.0,63,63,1,145489371,1.45489371E8,145489371,145489371,1
1n2wszmJyVkw6FHqyLnQsY,56,56.0,56,56,1,145542136,1.45542136E8,145542136,145542136,1
4CzhtKifG867Lu5DNQVBSA,69,69.0,69,69,1,15031490,1.503149E7,15031490,15031490,1
1Tip6R4swhC7E6hgILBjrE,62,62.0,62,62,1,26558356,2.6558356E7,26558356,26558356,1
1gG9fnbcUM5BE3So7h9h2w,0,0.0,0,0,1,11431,11431.0,11431,11431,1
2Y0wPrPQBrGhoLn14xRYCG,75,75.0,75,75,1,42551578,4.2551578E7,42551578,42551578,1
3eekarcy7kvN4yt5ZFzltW,83,83.0,83,83,1,41131037,4.1131037E7,41131037,41131037,1
5naar7XewEOAjOywIp6Jjq,69,69.0,69,69,1,3002443,3002443.0,3002443,3002443,1
6akBF8JWM8lrpqejdwIfYI,67,67.0,67,67,1,15695162,1.5695162E7,15695162,15695162,1
1w47gZOFLLt9voDEyK7fGd,0,0.0,0,0,1,516428,516428.0,516428,516428,1
0HRdm9g6f8NS1SrmoUgtZf,41,41.0,41,41,1,5708,5708.0,5708,5708,1
1D9HQactbJoUudf9B119Y5,60,60.0,60,60,1,644838,644838.0,644838,644838,1
4Q3N4Ct4zCuIHuZ65E3BD4,74,74.0,74,74,1,12471348,1.2471348E7,12471348,12471348,1
5dI1yHSqgmilFEqpGbqxHh,56,56.0,56,56,1,47716988,4.7716988E7,47716988,47716988,1
7tZdkPtebOG29TzPPHlsem,62,62.0,62,62,1,2177177,2177177.0,2177177,2177177,1
4sPmO7WMQUAf45kwMOtONw,0,0.0,0,0,1,66705650,6.670565E7,66705650,66705650,1
4qtXU0epoC3zEmolXdBcu8,53,53.0,53,53,1,107389514,1.07389514E8,107389514,107389514,1
2qBmtZnPSQouvADmqaHKxk,64,64.0,64,64,1,66705650,6.670565E7,66705650,66705650,1
0udoMICxzaUbNUT8EVRq8B,63,63.0,63,63,1,30550549,3.0550549E7,30550549,30550549,1
2Bs4jQEGMycglOfWPBqrVG,82,82.0,82,82,1,40273571,4.0273571E7,40273571,40273571,1
1NwdCBWf8lK3U0E0NOev6G,43,43.0,43,43,1,52307,52307.0,52307,52307,1
0lD8gAvKSNN1B7OyUsOlBj,24,24.0,24,24,1,23557,23557.0,23557,23557,1
5fHgBb5r91Jmdr8Q7dwmad,65,65.0,65,65,1,189122,189122.0,189122,189122,1
7u5XBHnht6dyoRXRBb5soK,52,52.0,52,52,1,218901,218901.0,218901,218901,1
0qcr5FMsEO85NAQjrlDRKo,76,76.0,76,76,1,570812,570812.0,570812,570812,1
6nzXkCBOhb2mxctNihOqbb,72,72.0,72,72,1,1475109,1475109.0,1475109,1475109,1
6xnh4eQ4poVpqQBacETxia,53,53.0,53,53,1,40270893,4.0270893E7,40270893,40270893,1
1E1TRiAhjfJNuj12UOE2K1,0,0.0,0,0,1,62821,62821.0,62821,62821,1
2yazRoolWXk58jAmKgxcDd,36,36.0,36,36,1,11933906,1.1933906E7,11933906,11933906,1
2PPN1HFpVotjq7oJIqQbnx,65,65.0,65,65,1,66720643,6.6720643E7,66720643,66720643,1
5Ve4qBYAThGLTOva0hhoTa,57,57.0,57,57,1,104559284,1.04559284E8,104559284,104559284,1
4QtScYyh6Yxio27udYPhh0,63,63.0,63,63,1,10819,10819.0,10819,10819,1
60a0Rd6pjrkxjPbaKzXjfq,88,88.0,88,88,1,31796892,3.1796892E7,31796892,31796892,1
2rtGaCAeYtmcIvuZsvgTf6,72,72.0,72,72,1,13831380,1.383138E7,13831380,13831380,1
6Kz3o55LxMA11GbvFXHFtX,0,0.0,0,0,1,2456720,2456720.0,2456720,2456720,1
38j8kWnoRbiY2YdxWuL0aK,24,24.0,24,24,1,23384088,2.3384088E7,23384088,23384088,1
2jtUGFsqanQ82zqDlhiKIp,57,57.0,57,57,1,30714318,3.0714318E7,30714318,30714318,1
709ZIqPHyFOpx2QdjmeWAM,85,85.0,85,85,1,9509731,9509731.0,9509731,9509731,1
44Nq5zttH1vEGlAAUr1UQI,13,13.0,13,13,1,4,4.0,4,4,1
6U5AgSYUubKMrMDEazfSsF,65,65.0,65,65,1,1377042,1377042.0,1377042,1377042,1
7Dh4j5JltkdH159xm77JiF,72,72.0,72,72,1,38082,38082.0,38082,38082,1
08wLOGTbqSoo2CEl5RWl5C,65,65.0,65,65,1,9256589,9256589.0,9256589,9256589,1
3okPoXUrOcyGeY6gxx3fZ8,16,16.0,16,16,1,175275,175275.0,175275,175275,1
4HOWCLfKRlHhbsCCBsquSE,61,61.0,61,61,1,49050008,4.9050008E7,49050008,49050008,1
3aNxfCcd9EohIxKmcQv1zn,52,52.0,52,52,1,1303279,1303279.0,1303279,1303279,1
6UN73IYd0hZxLi8wFPMQij,68,68.0,68,68,1,932488,932488.0,932488,932488,1
6LtHYDgYHRCHoKK3snfr2w,62,62.0,62,62,1,3634221,3634221.0,3634221,3634221,1
6xZ4Q2k2ompmDppyeESIY8,62,62.0,62,62,1,25761380,2.576138E7,25761380,25761380,1
1hDwBeBz3G5xVYftAjK2BQ,45,45.0,45,45,1,35497,35497.0,35497,35497,1
1ZMiCix7XSAbfAJlEZWMCp,78,78.0,78,78,1,34130771,3.4130771E7,34130771,34130771,1
29JrmE89KgRyCxBIzq2Ocw,68,68.0,68,68,1,10241850,1.024185E7,10241850,10241850,1
6wHgUWX3xTlD1rnRymlMbA,38,38.0,38,38,1,1914,1914.0,1914,1914,1
5bJ1DrEM4hNCafcDd1oxHx,74,74.0,74,74,1,12173714,1.2173714E7,12173714,12173714,1
2yg9UN4eo5eMVJ7OB4RWj3,58,58.0,58,58,1,103039388,1.03039388E8,103039388,103039388,1
0dIoGTQXDh1wVnhIiSyYEa,61,61.0,61,61,1,25957976,2.5957976E7,25957976,25957976,1
1cKHdTo9u0ZymJdPGSh6nq,82,82.0,82,82,1,112918137,1.12918137E8,112918137,112918137,1
5nFyaoBWwwMJ9fv33tZ2MB,49,49.0,49,49,1,1643656,1643656.0,1643656,1643656,1
2ufr0Gs4OWL1Uo22EsJDSx,40,40.0,40,40,1,51692,51692.0,51692,51692,1
43ZyHQITOjhciSUUNPVRHc,59,59.0,59,59,1,7569701,7569701.0,7569701,7569701,1
3M0lSi5WW79CXQamgSBIjx,84,84.0,84,84,1,10462018,1.0462018E7,10462018,10462018,1
4sxssJY6nbqDHnsgZPkRZW,59,59.0,59,59,1,4465726,4465726.0,4465726,4465726,1
4q604hQba5940BbOoaenmz,59,59.0,59,59,1,644838,644838.0,644838,644838,1
7DbdUf8aHSYoliSjO6LZv6,74,74.0,74,74,1,1005606,1005606.0,1005606,1005606,1
5pLpkaIRobcvPnUmclNv6o,56,56.0,56,56,1,1093423,1093423.0,1093423,1093423,1
360Wr96ywrCQq4kTAJ8Pq6,73,73.0,73,73,1,22219090,2.221909E7,22219090,22219090,1
5A5ixwUtbW01F4vFDYKRjS,51,51.0,51,51,1,4969994,4969994.0,4969994,4969994,1
23khhseCLQqVMCIT1WMAns,70,70.0,70,70,1,60818952,6.0818952E7,60818952,60818952,1
6dDIOU6AqgLkrjFNPgvKY6,53,53.0,53,53,1,26564677,2.6564677E7,26564677,26564677,1
26t3KexbqzF3sRWgczYyja,66,66.0,66,66,1,1104788,1104788.0,1104788,1104788,1
5yuXdw2gb5bV4MXngcfvN6,1,1.0,1,1,1,4777574,4777574.0,4777574,4777574,1
1EAgPzRbK9YmdOESSMUm6P,70,70.0,70,70,1,1139108,1139108.0,1139108,1139108,1
53jnnqFSRGMDB9ADrNriCA,77,77.0,77,77,1,42237551,4.2237551E7,42237551,42237551,1
3KjuiMXpRawzcPXogFiwB9,21,21.0,21,21,1,13708054,1.3708054E7,13708054,13708054,1
1hGTbWBlaUPqD7aTd7BrgB,0,0.0,0,0,1,4777574,4777574.0,4777574,4777574,1
7xyYsOvq5Ec3P4fr6mM9fD,6,6.0,6,6,1,8466090,8466090.0,8466090,8466090,1
5z6xHjCZr7a7AIcy8sPBKy,74,74.0,74,74,1,1036648,1036648.0,1036648,1036648,1
0klZpFX0a84jdkqzPNrLQs,0,0.0,0,0,1,105762,105762.0,105762,105762,1
3qJ2VOLN95IV6amftNEsXl,24,24.0,24,24,1,62663,62663.0,62663,62663,1
064wRZsHDLuoCJYw65gh7N,60,60.0,60,60,1,5109119,5109119.0,5109119,5109119,1
0ijNkzJRP7FXwXS88z9Avo,19,19.0,19,19,1,23391272,2.3391272E7,23391272,23391272,1
5T7ywazdGIydr6JCW6t02j,78,78.0,78,78,1,37417943,3.7417943E7,37417943,37417943,1
6EPRKhUOdiFSQwGBRBbvsZ,7,7.0,7,7,1,4480295,4480295.0,4480295,4480295,1
3AmAMaOr9MW6yl361AlATs,21,21.0,21,21,1,3,3.0,3,3,1
4mBvTV4f42Xrqcw01bUNVl,21,21.0,21,21,1,141,141.0,141,141,1
5tsSdgnZLNhVt78voyyjju,67,67.0,67,67,1,47263,47263.0,47263,47263,1
7l00IN1o5wQvd2GfWMbAYg,47,47.0,47,47,1,159294,159294.0,159294,159294,1
4XF9fk0STp9hx8xn5Suwpz,64,64.0,64,64,1,22675640,2.267564E7,22675640,22675640,1
7rJkmoGkKjLMIPI9qUQnSy,72,72.0,72,72,1,7050520,7050520.0,7050520,7050520,1
2VDTqhsSzrRxsbjvv4KLPl,57,57.0,57,57,1,4156314,4156314.0,4156314,4156314,1
0Ingh3RYKOuXaOCZG3fIf6,65,65.0,65,65,1,174894,174894.0,174894,174894,1
70krvvezXaAUim8wvWb9Fb,2,2.0,2,2,1,219293,219293.0,219293,219293,1
5UVuNesgreHU8rfS3Rc00q,0,0.0,0,0,1,84255,84255.0,84255,84255,1
57numRuLPDSKzLiwf9Q9sO,34,34.0,34,34,1,6895,6895.0,6895,6895,1
3PNaaKLGYYn1ULNZXyMuWM,67,67.0,67,67,1,60344,60344.0,60344,60344,1
6NYtLvyThMT0oALFdJFdzq,59,59.0,59,59,1,107374593,1.07374593E8,107374593,107374593,1
4ea9w8c4ROqiZpJVhfBA3m,73,73.0,73,73,1,12418681,1.2418681E7,12418681,12418681,1
1mo6pWcIXljy3y1Kju5JWG,47,47.0,47,47,1,15695162,1.5695162E7,15695162,15695162,1
4WiqPbWvLbv317E8fB4SJC,51,51.0,51,51,1,153065,153065.0,153065,153065,1
0MPYUwNGF3D7dvBoAIlMVh,34,34.0,34,34,1,6929,6929.0,6929,6929,1
3aSYZ4upQ6OSNos26YeVWL,30,30.0,30,30,1,145489371,1.45489371E8,145489371,145489371,1
0mt02gJ425Xjm7c3jYkOBn,71,71.0,71,71,1,51773650,5.177365E7,51773650,51773650,1
45tFpM9bn24cSK9ZP2Dh9I,64,64.0,64,64,1,7052478,7052478.0,7052478,7052478,1
37j7hMJhFUFfhEHZGnqocb,29,29.0,29,29,1,1438,1438.0,1438,1438,1
6wxZ0NU8FxeO6QRSNSBCCS,47,47.0,47,47,1,17431,17431.0,17431,17431,1
7wj4VLQm2MM7tyeZ220wDj,30,30.0,30,30,1,4782404,4782404.0,4782404,4782404,1
2X485T9Z5Ly0xyaghN73ed,82,82.0,82,82,1,9523590,9523590.0,9523590,9523590,1
5S9lfZu1YF8xKkgSsqL2Bd,68,68.0,68,68,1,30541347,3.0541347E7,30541347,30541347,1
4RTNfpgco68betLqDcEAyE,22,22.0,22,22,1,39777995,3.9777995E7,39777995,39777995,1
1V6gIisPpYqgFeWbMLI0bA,80,80.0,80,80,1,27288825,2.7288825E7,27288825,27288825,1
3LWDPEXEaLBRGNLbdcbwBR,76,76.0,76,76,1,432466,432466.0,432466,432466,1
5GYbkDveRD2I8M5ZJ14hWn,76,76.0,76,76,1,85022258,8.5022258E7,85022258,85022258,1
5zMuzsE5kvd54FwraufeeK,47,47.0,47,47,1,277520,277520.0,277520,277520,1
6q3zC9dDD4lUNk8nfUztXy,76,76.0,76,76,1,3469963,3469963.0,3469963,3469963,1
7fuoqve1SOEBmhc2PoQTF0,54,54.0,54,54,1,2757877,2757877.0,2757877,2757877,1
2F6FfZ4w8z3eJpSxPotVO5,75,75.0,75,75,1,9702725,9702725.0,9702725,9702725,1
6BB3zktJfeBlk2jVfXjG5R,35,35.0,35,35,1,564181,564181.0,564181,564181,1
551qy5vUgrUfEUc4dCNfht,67,67.0,67,67,1,23398010,2.339801E7,23398010,23398010,1
0oxYB9GoOIDrdzniNdKC44,77,77.0,77,77,1,1369392,1369392.0,1369392,1369392,1
1S1JlOrGDpkbVhWCsOjUIh,39,39.0,39,39,1,1324548,1324548.0,1324548,1324548,1
66ds3pLhmjn33UIQUaVJCb,39,39.0,39,39,1,398659,398659.0,398659,398659,1
1VHxhs9gPqE2Bo1M5fy0pe,59,59.0,59,59,1,19227,19227.0,19227,19227,1
08rg6ZoQcpiGTJqTBbUYfT,12,12.0,12,12,1,92,92.0,92,92,1
3FkeNbs9Zeiqkr3WkbOiGp,66,66.0,66,66,1,13246794,1.3246794E7,13246794,13246794,1
6BdTBc4oUViXi5ioBxMKe6,23,23.0,23,23,1,340030,340030.0,340030,340030,1
64TXVfsZvY48VDRDxjQsYD,8,8.0,8,8,1,905982,905982.0,905982,905982,1
2CYVETnhM9aytqrazYYwrK,67,67.0,67,67,1,145396321,1.45396321E8,145396321,145396321,1
35RJhm1pEovTBwnNR0zWad,68,68.0,68,68,1,12341870,1.234187E7,12341870,12341870,1
2flxduIqEbsicdmPyj1WVW,70,70.0,70,70,1,4025972,4025972.0,4025972,4025972,1
68fV7C9lxnAwhNdUxBndAE,58,58.0,58,58,1,4697897,4697897.0,4697897,4697897,1
6xtcFXSo8H9BZN637BMVKS,56,56.0,56,56,1,8411391,8411391.0,8411391,8411391,1
11kDth1aKUEUMq9r1pqyds,74,74.0,74,74,1,41119579,4.1119579E7,41119579,41119579,1
269xqcgGTN9PlivhUkOLhX,66,66.0,66,66,1,51798111,5.1798111E7,51798111,51798111,1
5IdrsGhB8D7RwNwGra9V6i,53,53.0,53,53,1,5067710,5067710.0,5067710,5067710,1
2VyaGJJI8dOiv36F8vHZIL,78,78.0,78,78,1,10465301,1.0465301E7,10465301,10465301,1
71OvX5NNLrmz7rpq1ANTQn,60,60.0,60,60,1,41172203,4.1172203E7,41172203,41172203,1
78eouBKVRyhbSzJwChr6QM,60,60.0,60,60,1,41172203,4.1172203E7,41172203,41172203,1
3t6bWEYhEgvSYlLSqW8v4J,26,26.0,26,26,1,85324,85324.0,85324,85324,1
6jF1nHIMESqft9p33tQYPn,46,46.0,46,46,1,3164627,3164627.0,3164627,3164627,1
6K8qKeWo5MsFED7wCR6Kop,68,68.0,68,68,1,122802777,1.22802777E8,122802777,122802777,1
2g1jbrVOuX488h5ILA1Cb2,51,51.0,51,51,1,39798156,3.9798156E7,39798156,39798156,1
0vRFKF7dGdL5XxZMXzpCpF,49,49.0,49,49,1,26564677,2.6564677E7,26564677,26564677,1
5KONnBIQ9LqCxyeSPin26k,61,61.0,61,61,1,12460242,1.2460242E7,12460242,12460242,1
4rr1YNVCtJVeT494GOcRms,34,34.0,34,34,1,640655,640655.0,640655,640655,1
44Ljlpy44mHvLJxcYUvTK0,62,62.0,62,62,1,7959873,7959873.0,7959873,7959873,1
1KtD0xaLAikgIt5tPbteZQ,68,68.0,68,68,1,23078931,2.3078931E7,23078931,23078931,1
1r1fPuhj9H4VdXr7OK6FL5,76,76.0,76,76,1,31806929,3.1806929E7,31806929,31806929,1
7E8A5k5VOhPmt6pGPDJhxQ,54,54.0,54,54,1,51773650,5.177365E7,51773650,51773650,1
43z2Z0IWWjR2BP4lERGs93,45,45.0,45,45,1,1408571,1408571.0,1408571,1408571,1
2QD4C6RRHgRNRAyrfnoeAo,64,64.0,64,64,1,27139342,2.7139342E7,27139342,27139342,1
0obBFrPYkSoBJbvHfUIhkv,64,64.0,64,64,1,4430911,4430911.0,4430911,4430911,1
0z5ZPs57J2KERwM1tBM2GF,4,4.0,4,4,1,17938214,1.7938214E7,17938214,17938214,1
4srpHYFHKjVGRDNHqRpWxi,0,0.0,0,0,1,9158736,9158736.0,9158736,9158736,1
2IpGdrWvIZipmaxo1YRxw5,3,3.0,3,3,1,7744534,7744534.0,7744534,7744534,1
0x3TibRgnSqzkcwrqBd4iX,32,32.0,32,32,1,7221524,7221524.0,7221524,7221524,1
3oNdoblZMzvysC8xH1uvBH,28,28.0,28,28,1,34710,34710.0,34710,34710,1
14kyDfGxGfbL2BO9IINAqI,37,37.0,37,37,1,2599494,2599494.0,2599494,2599494,1
59xyRqG06dGbTmmJFVFbyQ,52,52.0,52,52,1,679564,679564.0,679564,679564,1
1xOeApF92TpNLyAdg933F3,45,45.0,45,45,1,143444,143444.0,143444,143444,1
43zr9kKkeiQrshvYuvNtfM,69,69.0,69,69,1,4095156,4095156.0,4095156,4095156,1
